Workbook

Sheet Synthèse agents
A1: Synthèse d'assiduité par agent
A2: Du | B2: =MIN(Données!$Q$2:$Q$5000) -> 45982 | C2: ← Période modifiable : saisir une date pour filtrer toutes les colonnes (par défaut : tout l'historique).
A3: Au | B3: =MAX(Données!$Q$2:$Q$5000) -> 46327
A5: Agent | B5: Jours planifiés | C5: Jours d'absence | D5: Taux d'absentéisme (jours) | E5: Nb retards | F5: Total retards | G5: Nb départs anticipés | H5: Total départs anticipés | I5: Hr planifiées | J5: Hr adhérées | K5: Taux d'adhérence | L5: Hr absence totales | M5: Taux d'absentéisme (heures) | N5: Heures sup | O5: Jours congé payé | P5: Jours congé sans solde | Q5: Jours congé spécial | R5: Jours fériés
A6: =Agents!A2 -> BENCHRIF HAFSSA | B6: =COUNTIFS(Données!$B$2:$B$5000,$A6,Données!$Q$2:$Q$5000,">="&$B$2,Données!$Q$2:$Q$5000,"<="&$B$3,Données!$O$2:$O$5000,">0") -> 102 | C6: =COUNTIFS(Données!$B$2:$B$5000,$A6,Données!$Q$2:$Q$5000,">="&$B$2,Données!$Q$2:$Q$5000,"<="&$B$3,Données!$M$2:$M$5000,"Abs") -> 1 | D6: =IFERROR(C6/B6,0) -> 0.0098039216 | E6: =COUNTIFS(Données!$B$2:$B$5000,$A6,Données!$Q$2:$Q$5000,">="&$B$2,Données!$Q$2:$Q$5000,"<="&$B$3,Données!$I$2:$I$5000,">0") -> 2 | F6: =SUMIFS(Données!$I$2:$I$5000,Données!$B$2:$B$5000,$A6,Données!$Q$2:$Q$5000,">="&$B$2,Données!$Q$2:$Q$5000,"<="&$B$3) -> 0.019444444 | G6: =COUNTIFS(Données!$B$2:$B$5000,$A6,Données!$Q$2:$Q$5000,">="&$B$2,Données!$Q$2:$Q$5000,"<="&$B$3,Données!$L$2:$L$5000,">0") -> 0 | H6: =SUMIFS(Données!$L$2:$L$5000,Données!$B$2:$B$5000,$A6,Données!$Q$2:$Q$5000,">="&$B$2,Données!$Q$2:$Q$5000,"<="&$B$3) -> 0 | I6: =SUMIFS(Données!$O$2:$O$5000,Données!$B$2:$B$5000,$A6,Données!$Q$2:$Q$5000,">="&$B$2,Données!$Q$2:$Q$5000,"<="&$B$3) -> 37.291667 | J6: =SUMIFS(Données!$N$2:$N$5000,Données!$B$2:$B$5000,$A6,Données!$Q$2:$Q$5000,">="&$B$2,Données!$Q$2:$Q$5000,"<="&$B$3) -> 36.897222 | K6: =IFERROR(J6/I6,0) -> 0.98942272 | L6: =SUMIFS(Données!$S$2:$S$5000,Données!$B$2:$B$5000,$A6,Données!$Q$2:$Q$5000,">="&$B$2,Données!$Q$2:$Q$5000,"<="&$B$3) -> 0.39444444 | M6: =IFERROR(L6/I6,0) -> 0.010577281 | N6: =SUMIFS(Données!$X$2:$X$5000,Données!$B$2:$B$5000,$A6,Données!$Q$2:$Q$5000,">="&$B$2,Données!$Q$2:$Q$5000,"<="&$B$3) -> 0.010416667 | O6: =ROUND(SUMIFS(Données!$AB$2:$AB$5000,Données!$B$2:$B$5000,$A6,Données!$Q$2:$Q$5000,">="&$B$2,Données!$Q$2:$Q$5000,"<="&$B$3)*3,2) -> 3 | P6: =ROUND(SUMIFS(Données!$AC$2:$AC$5000,Données!$B$2:$B$5000,$A6,Données!$Q$2:$Q$5000,">="&$B$2,Données!$Q$2:$Q$5000,"<="&$B$3)*3,2) -> 0 | Q6: =ROUND(SUMIFS(Données!$AD$2:$AD$5000,Données!$B$2:$B$5000,$A6,Données!$Q$2:$Q$5000,">="&$B$2,Données!$Q$2:$Q$5000,"<="&$B$3)*3,2) -> 0 | R6: =ROUND(SUMIFS(Données!$AE$2:$AE$5000,Données!$B$2:$B$5000,$A6,Données!$Q$2:$Q$5000,">="&$B$2,Données!$Q$2:$Q$5000,"<="&$B$3)*3,2) -> 1
A7: =Agents!A3 -> HAMDANI MOHAMED | B7: =COUNTIFS(Données!$B$2:$B$5000,$A7,Données!$Q$2:$Q$5000,">="&$B$2,Données!$Q$2:$Q$5000,"<="&$B$3,Données!$O$2:$O$5000,">0") -> 233 | C7: =COUNTIFS(Données!$B$2:$B$5000,$A7,Données!$Q$2:$Q$5000,">="&$B$2,Données!$Q$2:$Q$5000,"<="&$B$3,Données!$M$2:$M$5000,"Abs") -> 6 | D7: =IFERROR(C7/B7,0) -> 0.025751073 | E7: =COUNTIFS(Données!$B$2:$B$5000,$A7,Données!$Q$2:$Q$5000,">="&$B$2,Données!$Q$2:$Q$5000,"<="&$B$3,Données!$I$2:$I$5000,">0") -> 9 | F7: =SUMIFS(Données!$I$2:$I$5000,Données!$B$2:$B$5000,$A7,Données!$Q$2:$Q$5000,">="&$B$2,Données!$Q$2:$Q$5000,"<="&$B$3) -> 0.10902778 | G7: =COUNTIFS(Données!$B$2:$B$5000,$A7,Données!$Q$2:$Q$5000,">="&$B$2,Données!$Q$2:$Q$5000,"<="&$B$3,Données!$L$2:$L$5000,">0") -> 0 | H7: =SUMIFS(Données!$L$2:$L$5000,Données!$B$2:$B$5000,$A7,Données!$Q$2:$Q$5000,">="&$B$2,Données!$Q$2:$Q$5000,"<="&$B$3) -> 0 | I7: =SUMIFS(Données!$O$2:$O$5000,Données!$B$2:$B$5000,$A7,Données!$Q$2:$Q$5000,">="&$B$2,Données!$Q$2:$Q$5000,"<="&$B$3) -> 85.416667 | J7: =SUMIFS(Données!$N$2:$N$5000,Données!$B$2:$B$5000,$A7,Données!$Q$2:$Q$5000,">="&$B$2,Données!$Q$2:$Q$5000,"<="&$B$3) -> 83.140972 | K7: =IFERROR(J7/I7,0) -> 0.97335772 | L7: =SUMIFS(Données!$S$2:$S$5000,Données!$B$2:$B$5000,$A7,Données!$Q$2:$Q$5000,">="&$B$2,Données!$Q$2:$Q$5000,"<="&$B$3) -> 2.2756944 | M7: =IFERROR(L7/I7,0) -> 0.026642276 | N7: =SUMIFS(Données!$X$2:$X$5000,Données!$B$2:$B$5000,$A7,Données!$Q$2:$Q$5000,">="&$B$2,Données!$Q$2:$Q$5000,"<="&$B$3) -> 0.14652778 | O7: =ROUND(SUMIFS(Données!$AB$2:$AB$5000,Données!$B$2:$B$5000,$A7,Données!$Q$2:$Q$5000,">="&$B$2,Données!$Q$2:$Q$5000,"<="&$B$3)*3,2) -> 4 | P7: =ROUND(SUMIFS(Données!$AC$2:$AC$5000,Données!$B$2:$B$5000,$A7,Données!$Q$2:$Q$5000,">="&$B$2,Données!$Q$2:$Q$5000,"<="&$B$3)*3,2) -> 0 | Q7: =ROUND(SUMIFS(Données!$AD$2:$AD$5000,Données!$B$2:$B$5000,$A7,Données!$Q$2:$Q$5000,">="&$B$2,Données!$Q$2:$Q$5000,"<="&$B$3)*3,2) -> 0 | R7: =ROUND(SUMIFS(Données!$AE$2:$AE$5000,Données!$B$2:$B$5000,$A7,Données!$Q$2:$Q$5000,">="&$B$2,Données!$Q$2:$Q$5000,"<="&$B$3)*3,2) -> 4
A8: =Agents!A4 -> JEBBALI YOUSSEF | B8: =COUNTIFS(Données!$B$2:$B$5000,$A8,Données!$Q$2:$Q$5000,">="&$B$2,Données!$Q$2:$Q$5000,"<="&$B$3,Données!$O$2:$O$5000,">0") -> 20 | C8: =COUNTIFS(Données!$B$2:$B$5000,$A8,Données!$Q$2:$Q$5000,">="&$B$2,Données!$Q$2:$Q$5000,"<="&$B$3,Données!$M$2:$M$5000,"Abs") -> 1 | D8: =IFERROR(C8/B8,0) -> 0.05 | E8: =COUNTIFS(Données!$B$2:$B$5000,$A8,Données!$Q$2:$Q$5000,">="&$B$2,Données!$Q$2:$Q$5000,"<="&$B$3,Données!$I$2:$I$5000,">0") -> 0 | F8: =SUMIFS(Données!$I$2:$I$5000,Données!$B$2:$B$5000,$A8,Données!$Q$2:$Q$5000,">="&$B$2,Données!$Q$2:$Q$5000,"<="&$B$3) -> 0 | G8: =COUNTIFS(Données!$B$2:$B$5000,$A8,Données!$Q$2:$Q$5000,">="&$B$2,Données!$Q$2:$Q$5000,"<="&$B$3,Données!$L$2:$L$5000,">0") -> 0 | H8: =SUMIFS(Données!$L$2:$L$5000,Données!$B$2:$B$5000,$A8,Données!$Q$2:$Q$5000,">="&$B$2,Données!$Q$2:$Q$5000,"<="&$B$3) -> 0 | I8: =SUMIFS(Données!$O$2:$O$5000,Données!$B$2:$B$5000,$A8,Données!$Q$2:$Q$5000,">="&$B$2,Données!$Q$2:$Q$5000,"<="&$B$3) -> 7.3333333 | J8: =SUMIFS(Données!$N$2:$N$5000,Données!$B$2:$B$5000,$A8,Données!$Q$2:$Q$5000,">="&$B$2,Données!$Q$2:$Q$5000,"<="&$B$3) -> 7 | K8: =IFERROR(J8/I8,0) -> 0.95454545 | L8: =SUMIFS(Données!$S$2:$S$5000,Données!$B$2:$B$5000,$A8,Données!$Q$2:$Q$5000,">="&$B$2,Données!$Q$2:$Q$5000,"<="&$B$3) -> 0.33333333 | M8: =IFERROR(L8/I8,0) -> 0.045454545 | N8: =SUMIFS(Données!$X$2:$X$5000,Données!$B$2:$B$5000,$A8,Données!$Q$2:$Q$5000,">="&$B$2,Données!$Q$2:$Q$5000,"<="&$B$3) -> 0.020833333 | O8: =ROUND(SUMIFS(Données!$AB$2:$AB$5000,Données!$B$2:$B$5000,$A8,Données!$Q$2:$Q$5000,">="&$B$2,Données!$Q$2:$Q$5000,"<="&$B$3)*3,2) -> 0 | P8: =ROUND(SUMIFS(Données!$AC$2:$AC$5000,Données!$B$2:$B$5000,$A8,Données!$Q$2:$Q$5000,">="&$B$2,Données!$Q$2:$Q$5000,"<="&$B$3)*3,2) -> 0 | Q8: =ROUND(SUMIFS(Données!$AD$2:$AD$5000,Données!$B$2:$B$5000,$A8,Données!$Q$2:$Q$5000,">="&$B$2,Données!$Q$2:$Q$5000,"<="&$B$3)*3,2) -> 0 | R8: =ROUND(SUMIFS(Données!$AE$2:$AE$5000,Données!$B$2:$B$5000,$A8,Données!$Q$2:$Q$5000,">="&$B$2,Données!$Q$2:$Q$5000,"<="&$B$3)*3,2) -> 0
A9: =Agents!A5 -> LISSAOUI HIBA | B9: =COUNTIFS(Données!$B$2:$B$5000,$A9,Données!$Q$2:$Q$5000,">="&$B$2,Données!$Q$2:$Q$5000,"<="&$B$3,Données!$O$2:$O$5000,">0") -> 228 | C9: =COUNTIFS(Données!$B$2:$B$5000,$A9,Données!$Q$2:$Q$5000,">="&$B$2,Données!$Q$2:$Q$5000,"<="&$B$3,Données!$M$2:$M$5000,"Abs") -> 7 | D9: =IFERROR(C9/B9,0) -> 0.030701754 | E9: =COUNTIFS(Données!$B$2:$B$5000,$A9,Données!$Q$2:$Q$5000,">="&$B$2,Données!$Q$2:$Q$5000,"<="&$B$3,Données!$I$2:$I$5000,">0") -> 1 | F9: =SUMIFS(Données!$I$2:$I$5000,Données!$B$2:$B$5000,$A9,Données!$Q$2:$Q$5000,">="&$B$2,Données!$Q$2:$Q$5000,"<="&$B$3) -> 0.057638889 | G9: =COUNTIFS(Données!$B$2:$B$5000,$A9,Données!$Q$2:$Q$5000,">="&$B$2,Données!$Q$2:$Q$5000,"<="&$B$3,Données!$L$2:$L$5000,">0") -> 0 | H9: =SUMIFS(Données!$L$2:$L$5000,Données!$B$2:$B$5000,$A9,Données!$Q$2:$Q$5000,">="&$B$2,Données!$Q$2:$Q$5000,"<="&$B$3) -> 0 | I9: =SUMIFS(Données!$O$2:$O$5000,Données!$B$2:$B$5000,$A9,Données!$Q$2:$Q$5000,">="&$B$2,Données!$Q$2:$Q$5000,"<="&$B$3) -> 83.541667 | J9: =SUMIFS(Données!$N$2:$N$5000,Données!$B$2:$B$5000,$A9,Données!$Q$2:$Q$5000,">="&$B$2,Données!$Q$2:$Q$5000,"<="&$B$3) -> 80.942361 | K9: =IFERROR(J9/I9,0) -> 0.96888612 | L9: =SUMIFS(Données!$S$2:$S$5000,Données!$B$2:$B$5000,$A9,Données!$Q$2:$Q$5000,">="&$B$2,Données!$Q$2:$Q$5000,"<="&$B$3) -> 2.5993056 | M9: =IFERROR(L9/I9,0) -> 0.031113882 | N9: =SUMIFS(Données!$X$2:$X$5000,Données!$B$2:$B$5000,$A9,Données!$Q$2:$Q$5000,">="&$B$2,Données!$Q$2:$Q$5000,"<="&$B$3) -> 0.19097222 | O9: =ROUND(SUMIFS(Données!$AB$2:$AB$5000,Données!$B$2:$B$5000,$A9,Données!$Q$2:$Q$5000,">="&$B$2,Données!$Q$2:$Q$5000,"<="&$B$3)*3,2) -> 8 | P9: =ROUND(SUMIFS(Données!$AC$2:$AC$5000,Données!$B$2:$B$5000,$A9,Données!$Q$2:$Q$5000,">="&$B$2,Données!$Q$2:$Q$5000,"<="&$B$3)*3,2) -> 0 | Q9: =ROUND(SUMIFS(Données!$AD$2:$AD$5000,Données!$B$2:$B$5000,$A9,Données!$Q$2:$Q$5000,">="&$B$2,Données!$Q$2:$Q$5000,"<="&$B$3)*3,2) -> 0 | R9: =ROUND(SUMIFS(Données!$AE$2:$AE$5000,Données!$B$2:$B$5000,$A9,Données!$Q$2:$Q$5000,">="&$B$2,Données!$Q$2:$Q$5000,"<="&$B$3)*3,2) -> 5
A10: =Agents!A6 -> RMAIDI IMAD | B10: =COUNTIFS(Données!$B$2:$B$5000,$A10,Données!$Q$2:$Q$5000,">="&$B$2,Données!$Q$2:$Q$5000,"<="&$B$3,Données!$O$2:$O$5000,">0") -> 228 | C10: =COUNTIFS(Données!$B$2:$B$5000,$A10,Données!$Q$2:$Q$5000,">="&$B$2,Données!$Q$2:$Q$5000,"<="&$B$3,Données!$M$2:$M$5000,"Abs") -> 6 | D10: =IFERROR(C10/B10,0) -> 0.026315789 | E10: =COUNTIFS(Données!$B$2:$B$5000,$A10,Données!$Q$2:$Q$5000,">="&$B$2,Données!$Q$2:$Q$5000,"<="&$B$3,Données!$I$2:$I$5000,">0") -> 4 | F10: =SUMIFS(Données!$I$2:$I$5000,Données!$B$2:$B$5000,$A10,Données!$Q$2:$Q$5000,">="&$B$2,Données!$Q$2:$Q$5000,"<="&$B$3) -> 0.024305556 | G10: =COUNTIFS(Données!$B$2:$B$5000,$A10,Données!$Q$2:$Q$5000,">="&$B$2,Données!$Q$2:$Q$5000,"<="&$B$3,Données!$L$2:$L$5000,">0") -> 0 | H10: =SUMIFS(Données!$L$2:$L$5000,Données!$B$2:$B$5000,$A10,Données!$Q$2:$Q$5000,">="&$B$2,Données!$Q$2:$Q$5000,"<="&$B$3) -> 0 | I10: =SUMIFS(Données!$O$2:$O$5000,Données!$B$2:$B$5000,$A10,Données!$Q$2:$Q$5000,">="&$B$2,Données!$Q$2:$Q$5000,"<="&$B$3) -> 83.541667 | J10: =SUMIFS(Données!$N$2:$N$5000,Données!$B$2:$B$5000,$A10,Données!$Q$2:$Q$5000,">="&$B$2,Données!$Q$2:$Q$5000,"<="&$B$3) -> 81.350694 | K10: =IFERROR(J10/I10,0) -> 0.9737739 | L10: =SUMIFS(Données!$S$2:$S$5000,Données!$B$2:$B$5000,$A10,Données!$Q$2:$Q$5000,">="&$B$2,Données!$Q$2:$Q$5000,"<="&$B$3) -> 2.1909722 | M10: =IFERROR(L10/I10,0) -> 0.026226101 | N10: =SUMIFS(Données!$X$2:$X$5000,Données!$B$2:$B$5000,$A10,Données!$Q$2:$Q$5000,">="&$B$2,Données!$Q$2:$Q$5000,"<="&$B$3) -> 0.17777778 | O10: =ROUND(SUMIFS(Données!$AB$2:$AB$5000,Données!$B$2:$B$5000,$A10,Données!$Q$2:$Q$5000,">="&$B$2,Données!$Q$2:$Q$5000,"<="&$B$3)*3,2) -> 10 | P10: =ROUND(SUMIFS(Données!$AC$2:$AC$5000,Données!$B$2:$B$5000,$A10,Données!$Q$2:$Q$5000,">="&$B$2,Données!$Q$2:$Q$5000,"<="&$B$3)*3,2) -> 0 | Q10: =ROUND(SUMIFS(Données!$AD$2:$AD$5000,Données!$B$2:$B$5000,$A10,Données!$Q$2:$Q$5000,">="&$B$2,Données!$Q$2:$Q$5000,"<="&$B$3)*3,2) -> 0 | R10: =ROUND(SUMIFS(Données!$AE$2:$AE$5000,Données!$B$2:$B$5000,$A10,Données!$Q$2:$Q$5000,">="&$B$2,Données!$Q$2:$Q$5000,"<="&$B$3)*3,2) -> 3
A11: TOTAL | B11: =SUM(B6:B10) -> 811 | C11: =SUM(C6:C10) -> 21 | D11: =IFERROR(C11/B11,0) -> 0.025893958 | E11: =SUM(E6:E10) -> 16 | F11: =SUM(F6:F10) -> 0.21041667 | G11: =SUM(G6:G10) -> 0 | H11: =SUM(H6:H10) -> 0 | I11: =SUM(I6:I10) -> 297.125 | J11: =SUM(J6:J10) -> 289.33125 | K11: =IFERROR(J11/I11,0) -> 0.97376946 | L11: =SUM(L6:L10) -> 7.79375 | M11: =IFERROR(L11/I11,0) -> 0.026230543 | N11: =SUM(N6:N10) -> 0.54652778 | O11: =SUM(O6:O10) -> 25 | P11: =SUM(P6:P10) -> 0 | Q11: =SUM(Q6:Q10) -> 0 | R11: =SUM(R6:R10) -> 13
A13: Notes
A14: • Absence = jour planifié (Hr planifiée > 0) sans heure de début réalisée. Adhérence = Hr adhérées / Hr planifiées.
A15: • Congés : valeurs d'origine 1/3 de jour = 8 h ; les colonnes « Jours » = somme × 3 (1 = journée complète, 0,5 = demi-journée).
A16: • Les durées sont au format [h]:mm (heures cumulées, pas limitées à 24 h).
A17: • Feuille Données : cellules bleues = saisies issues des fichiers hebdomadaires ; cellules noires = formules (reprises à l'identique de vos fichiers).
A18: • Ajouter une semaine : coller les lignes à la suite dans Données (colonnes bleues), recopier les formules vers le bas ; les synthèses se mettent à jour.

Sheet Par semaine
A1: Assiduité par semaine
A2: Agent | B2: Tous | C2: ← Choisir « Tous » ou un agent dans la liste.
A3: Critère | B3: =IF($B$2="Tous","*",$B$2) -> *
A5: Semaine | B5: Début | C5: Fin | D5: Jours planifiés | E5: Jours d'absence | F5: Taux d'absentéisme (jours) | G5: Nb retards | H5: Total retards | I5: Total départs anticipés | J5: Hr planifiées | K5: Hr adhérées | L5: Taux d'adhérence | M5: Hr absence totales | N5: Taux d'absentéisme (heures) | O5: Heures sup
A6: =IF(B6="","",YEAR(B6+3)&"-S"&TEXT(WEEKNUM(B6,21),"00")) -> 2025-S47 | B6: =MIN(Données!$Q$2:$Q$5000)-WEEKDAY(MIN(Données!$Q$2:$Q$5000),2)+1 -> 45978 | C6: =IF(B6="","",B6+6) -> 45984 | D6: =IF($B6="","",COUNTIFS(Données!$A$2:$A$5000,$A6,Données!$B$2:$B$5000,$B$3,Données!$O$2:$O$5000,">0")) -> 4 | E6: =IF($B6="","",COUNTIFS(Données!$A$2:$A$5000,$A6,Données!$B$2:$B$5000,$B$3,Données!$M$2:$M$5000,"Abs")) -> 0 | F6: =IF($B6="","",IFERROR(E6/D6,0)) -> 0 | G6: =IF($B6="","",COUNTIFS(Données!$A$2:$A$5000,$A6,Données!$B$2:$B$5000,$B$3,Données!$I$2:$I$5000,">0")) -> 0 | H6: =IF($B6="","",SUMIFS(Données!$I$2:$I$5000,Données!$A$2:$A$5000,$A6,Données!$B$2:$B$5000,$B$3)) -> 0 | I6: =IF($B6="","",SUMIFS(Données!$L$2:$L$5000,Données!$A$2:$A$5000,$A6,Données!$B$2:$B$5000,$B$3)) -> 0 | J6: =IF($B6="","",SUMIFS(Données!$O$2:$O$5000,Données!$A$2:$A$5000,$A6,Données!$B$2:$B$5000,$B$3)) -> 1.5 | K6: =IF($B6="","",SUMIFS(Données!$N$2:$N$5000,Données!$A$2:$A$5000,$A6,Données!$B$2:$B$5000,$B$3)) -> 1.5 | L6: =IF($B6="","",IFERROR(K6/J6,0)) -> 1 | M6: =IF($B6="","",SUMIFS(Données!$S$2:$S$5000,Données!$A$2:$A$5000,$A6,Données!$B$2:$B$5000,$B$3)) -> 0 | N6: =IF($B6="","",IFERROR(M6/J6,0)) -> 0 | O6: =IF($B6="","",SUMIFS(Données!$X$2:$X$5000,Données!$A$2:$A$5000,$A6,Données!$B$2:$B$5000,$B$3)) -> 0
A7: =IF(B7="","",YEAR(B7+3)&"-S"&TEXT(WEEKNUM(B7,21),"00")) -> 2025-S48 | B7: =IF(B6="","",IF(B6+7>MAX(Données!$Q$2:$Q$5000),"",B6+7)) -> 45985 | C7: =IF(B7="","",B7+6) -> 45991 | D7: =IF($B7="","",COUNTIFS(Données!$A$2:$A$5000,$A7,Données!$B$2:$B$5000,$B$3,Données!$O$2:$O$5000,">0")) -> 20 | E7: =IF($B7="","",COUNTIFS(Données!$A$2:$A$5000,$A7,Données!$B$2:$B$5000,$B$3,Données!$M$2:$M$5000,"Abs")) -> 0 | F7: =IF($B7="","",IFERROR(E7/D7,0)) -> 0 | G7: =IF($B7="","",COUNTIFS(Données!$A$2:$A$5000,$A7,Données!$B$2:$B$5000,$B$3,Données!$I$2:$I$5000,">0")) -> 1 | H7: =IF($B7="","",SUMIFS(Données!$I$2:$I$5000,Données!$A$2:$A$5000,$A7,Données!$B$2:$B$5000,$B$3)) -> 0.0027777778 | I7: =IF($B7="","",SUMIFS(Données!$L$2:$L$5000,Données!$A$2:$A$5000,$A7,Données!$B$2:$B$5000,$B$3)) -> 0 | J7: =IF($B7="","",SUMIFS(Données!$O$2:$O$5000,Données!$A$2:$A$5000,$A7,Données!$B$2:$B$5000,$B$3)) -> 7.3333333 | K7: =IF($B7="","",SUMIFS(Données!$N$2:$N$5000,Données!$A$2:$A$5000,$A7,Données!$B$2:$B$5000,$B$3)) -> 7.3305556 | L7: =IF($B7="","",IFERROR(K7/J7,0)) -> 0.99962121 | M7: =IF($B7="","",SUMIFS(Données!$S$2:$S$5000,Données!$A$2:$A$5000,$A7,Données!$B$2:$B$5000,$B$3)) -> 0.0027777778 | N7: =IF($B7="","",IFERROR(M7/J7,0)) -> 0.00037878788 | O7: =IF($B7="","",SUMIFS(Données!$X$2:$X$5000,Données!$A$2:$A$5000,$A7,Données!$B$2:$B$5000,$B$3)) -> 0.0069444444
A8: =IF(B8="","",YEAR(B8+3)&"-S"&TEXT(WEEKNUM(B8,21),"00")) -> 2025-S49 | B8: =IF(B7="","",IF(B7+7>MAX(Données!$Q$2:$Q$5000),"",B7+7)) -> 45992 | C8: =IF(B8="","",B8+6) -> 45998 | D8: =IF($B8="","",COUNTIFS(Données!$A$2:$A$5000,$A8,Données!$B$2:$B$5000,$B$3,Données!$O$2:$O$5000,">0")) -> 20 | E8: =IF($B8="","",COUNTIFS(Données!$A$2:$A$5000,$A8,Données!$B$2:$B$5000,$B$3,Données!$M$2:$M$5000,"Abs")) -> 0 | F8: =IF($B8="","",IFERROR(E8/D8,0)) -> 0 | G8: =IF($B8="","",COUNTIFS(Données!$A$2:$A$5000,$A8,Données!$B$2:$B$5000,$B$3,Données!$I$2:$I$5000,">0")) -> 1 | H8: =IF($B8="","",SUMIFS(Données!$I$2:$I$5000,Données!$A$2:$A$5000,$A8,Données!$B$2:$B$5000,$B$3)) -> 0.0034722222 | I8: =IF($B8="","",SUMIFS(Données!$L$2:$L$5000,Données!$A$2:$A$5000,$A8,Données!$B$2:$B$5000,$B$3)) -> 0 | J8: =IF($B8="","",SUMIFS(Données!$O$2:$O$5000,Données!$A$2:$A$5000,$A8,Données!$B$2:$B$5000,$B$3)) -> 7.3333333 | K8: =IF($B8="","",SUMIFS(Données!$N$2:$N$5000,Données!$A$2:$A$5000,$A8,Données!$B$2:$B$5000,$B$3)) -> 7.3298611 | L8: =IF($B8="","",IFERROR(K8/J8,0)) -> 0.99952652 | M8: =IF($B8="","",SUMIFS(Données!$S$2:$S$5000,Données!$A$2:$A$5000,$A8,Données!$B$2:$B$5000,$B$3)) -> 0.0034722222 | N8: =IF($B8="","",IFERROR(M8/J8,0)) -> 0.00047348485 | O8: =IF($B8="","",SUMIFS(Données!$X$2:$X$5000,Données!$A$2:$A$5000,$A8,Données!$B$2:$B$5000,$B$3)) -> 0.0041666667
A9: =IF(B9="","",YEAR(B9+3)&"-S"&TEXT(WEEKNUM(B9,21),"00")) -> 2025-S50 | B9: =IF(B8="","",IF(B8+7>MAX(Données!$Q$2:$Q$5000),"",B8+7)) -> 45999 | C9: =IF(B9="","",B9+6) -> 46005 | D9: =IF($B9="","",COUNTIFS(Données!$A$2:$A$5000,$A9,Données!$B$2:$B$5000,$B$3,Données!$O$2:$O$5000,">0")) -> 20 | E9: =IF($B9="","",COUNTIFS(Données!$A$2:$A$5000,$A9,Données!$B$2:$B$5000,$B$3,Données!$M$2:$M$5000,"Abs")) -> 0 | F9: =IF($B9="","",IFERROR(E9/D9,0)) -> 0 | G9: =IF($B9="","",COUNTIFS(Données!$A$2:$A$5000,$A9,Données!$B$2:$B$5000,$B$3,Données!$I$2:$I$5000,">0")) -> 0 | H9: =IF($B9="","",SUMIFS(Données!$I$2:$I$5000,Données!$A$2:$A$5000,$A9,Données!$B$2:$B$5000,$B$3)) -> 0 | I9: =IF($B9="","",SUMIFS(Données!$L$2:$L$5000,Données!$A$2:$A$5000,$A9,Données!$B$2:$B$5000,$B$3)) -> 0 | J9: =IF($B9="","",SUMIFS(Données!$O$2:$O$5000,Données!$A$2:$A$5000,$A9,Données!$B$2:$B$5000,$B$3)) -> 7.3333333 | K9: =IF($B9="","",SUMIFS(Données!$N$2:$N$5000,Données!$A$2:$A$5000,$A9,Données!$B$2:$B$5000,$B$3)) -> 7.3333333 | L9: =IF($B9="","",IFERROR(K9/J9,0)) -> 1 | M9: =IF($B9="","",SUMIFS(Données!$S$2:$S$5000,Données!$A$2:$A$5000,$A9,Données!$B$2:$B$5000,$B$3)) -> 0 | N9: =IF($B9="","",IFERROR(M9/J9,0)) -> 0 | O9: =IF($B9="","",SUMIFS(Données!$X$2:$X$5000,Données!$A$2:$A$5000,$A9,Données!$B$2:$B$5000,$B$3)) -> 0.0125
A10: =IF(B10="","",YEAR(B10+3)&"-S"&TEXT(WEEKNUM(B10,21),"00")) -> 2025-S51 | B10: =IF(B9="","",IF(B9+7>MAX(Données!$Q$2:$Q$5000),"",B9+7)) -> 46006 | C10: =IF(B10="","",B10+6) -> 46012 | D10: =IF($B10="","",COUNTIFS(Données!$A$2:$A$5000,$A10,Données!$B$2:$B$5000,$B$3,Données!$O$2:$O$5000,">0")) -> 20 | E10: =IF($B10="","",COUNTIFS(Données!$A$2:$A$5000,$A10,Données!$B$2:$B$5000,$B$3,Données!$M$2:$M$5000,"Abs")) -> 0 | F10: =IF($B10="","",IFERROR(E10/D10,0)) -> 0 | G10: =IF($B10="","",COUNTIFS(Données!$A$2:$A$5000,$A10,Données!$B$2:$B$5000,$B$3,Données!$I$2:$I$5000,">0")) -> 0 | H10: =IF($B10="","",SUMIFS(Données!$I$2:$I$5000,Données!$A$2:$A$5000,$A10,Données!$B$2:$B$5000,$B$3)) -> 0 | I10: =IF($B10="","",SUMIFS(Données!$L$2:$L$5000,Données!$A$2:$A$5000,$A10,Données!$B$2:$B$5000,$B$3)) -> 0 | J10: =IF($B10="","",SUMIFS(Données!$O$2:$O$5000,Données!$A$2:$A$5000,$A10,Données!$B$2:$B$5000,$B$3)) -> 7.3333333 | K10: =IF($B10="","",SUMIFS(Données!$N$2:$N$5000,Données!$A$2:$A$5000,$A10,Données!$B$2:$B$5000,$B$3)) -> 7.3333333 | L10: =IF($B10="","",IFERROR(K10/J10,0)) -> 1 | M10: =IF($B10="","",SUMIFS(Données!$S$2:$S$5000,Données!$A$2:$A$5000,$A10,Données!$B$2:$B$5000,$B$3)) -> 0 | N10: =IF($B10="","",IFERROR(M10/J10,0)) -> 0 | O10: =IF($B10="","",SUMIFS(Données!$X$2:$X$5000,Données!$A$2:$A$5000,$A10,Données!$B$2:$B$5000,$B$3)) -> 0.0055555556
A11: =IF(B11="","",YEAR(B11+3)&"-S"&TEXT(WEEKNUM(B11,21),"00")) -> 2025-S52 | B11: =IF(B10="","",IF(B10+7>MAX(Données!$Q$2:$Q$5000),"",B10+7)) -> 46013 | C11: =IF(B11="","",B11+6) -> 46019 | D11: =IF($B11="","",COUNTIFS(Données!$A$2:$A$5000,$A11,Données!$B$2:$B$5000,$B$3,Données!$O$2:$O$5000,">0")) -> 16 | E11: =IF($B11="","",COUNTIFS(Données!$A$2:$A$5000,$A11,Données!$B$2:$B$5000,$B$3,Données!$M$2:$M$5000,"Abs")) -> 0 | F11: =IF($B11="","",IFERROR(E11/D11,0)) -> 0 | G11: =IF($B11="","",COUNTIFS(Données!$A$2:$A$5000,$A11,Données!$B$2:$B$5000,$B$3,Données!$I$2:$I$5000,">0")) -> 0 | H11: =IF($B11="","",SUMIFS(Données!$I$2:$I$5000,Données!$A$2:$A$5000,$A11,Données!$B$2:$B$5000,$B$3)) -> 0 | I11: =IF($B11="","",SUMIFS(Données!$L$2:$L$5000,Données!$A$2:$A$5000,$A11,Données!$B$2:$B$5000,$B$3)) -> 0 | J11: =IF($B11="","",SUMIFS(Données!$O$2:$O$5000,Données!$A$2:$A$5000,$A11,Données!$B$2:$B$5000,$B$3)) -> 5.8333333 | K11: =IF($B11="","",SUMIFS(Données!$N$2:$N$5000,Données!$A$2:$A$5000,$A11,Données!$B$2:$B$5000,$B$3)) -> 5.8333333 | L11: =IF($B11="","",IFERROR(K11/J11,0)) -> 1 | M11: =IF($B11="","",SUMIFS(Données!$S$2:$S$5000,Données!$A$2:$A$5000,$A11,Données!$B$2:$B$5000,$B$3)) -> 0 | N11: =IF($B11="","",IFERROR(M11/J11,0)) -> 0 | O11: =IF($B11="","",SUMIFS(Données!$X$2:$X$5000,Données!$A$2:$A$5000,$A11,Données!$B$2:$B$5000,$B$3)) -> 0.0048611111
A12: =IF(B12="","",YEAR(B12+3)&"-S"&TEXT(WEEKNUM(B12,21),"00")) -> 2026-S01 | B12: =IF(B11="","",IF(B11+7>MAX(Données!$Q$2:$Q$5000),"",B11+7)) -> 46020 | C12: =IF(B12="","",B12+6) -> 46026 | D12: =IF($B12="","",COUNTIFS(Données!$A$2:$A$5000,$A12,Données!$B$2:$B$5000,$B$3,Données!$O$2:$O$5000,">0")) -> 16 | E12: =IF($B12="","",COUNTIFS(Données!$A$2:$A$5000,$A12,Données!$B$2:$B$5000,$B$3,Données!$M$2:$M$5000,"Abs")) -> 0 | F12: =IF($B12="","",IFERROR(E12/D12,0)) -> 0 | G12: =IF($B12="","",COUNTIFS(Données!$A$2:$A$5000,$A12,Données!$B$2:$B$5000,$B$3,Données!$I$2:$I$5000,">0")) -> 0 | H12: =IF($B12="","",SUMIFS(Données!$I$2:$I$5000,Données!$A$2:$A$5000,$A12,Données!$B$2:$B$5000,$B$3)) -> 0 | I12: =IF($B12="","",SUMIFS(Données!$L$2:$L$5000,Données!$A$2:$A$5000,$A12,Données!$B$2:$B$5000,$B$3)) -> 0 | J12: =IF($B12="","",SUMIFS(Données!$O$2:$O$5000,Données!$A$2:$A$5000,$A12,Données!$B$2:$B$5000,$B$3)) -> 5.8333333 | K12: =IF($B12="","",SUMIFS(Données!$N$2:$N$5000,Données!$A$2:$A$5000,$A12,Données!$B$2:$B$5000,$B$3)) -> 5.8333333 | L12: =IF($B12="","",IFERROR(K12/J12,0)) -> 1 | M12: =IF($B12="","",SUMIFS(Données!$S$2:$S$5000,Données!$A$2:$A$5000,$A12,Données!$B$2:$B$5000,$B$3)) -> 0 | N12: =IF($B12="","",IFERROR(M12/J12,0)) -> 0 | O12: =IF($B12="","",SUMIFS(Données!$X$2:$X$5000,Données!$A$2:$A$5000,$A12,Données!$B$2:$B$5000,$B$3)) -> 0.0048611111
A13: =IF(B13="","",YEAR(B13+3)&"-S"&TEXT(WEEKNUM(B13,21),"00")) -> 2026-S02 | B13: =IF(B12="","",IF(B12+7>MAX(Données!$Q$2:$Q$5000),"",B12+7)) -> 46027 | C13: =IF(B13="","",B13+6) -> 46033 | D13: =IF($B13="","",COUNTIFS(Données!$A$2:$A$5000,$A13,Données!$B$2:$B$5000,$B$3,Données!$O$2:$O$5000,">0")) -> 19 | E13: =IF($B13="","",COUNTIFS(Données!$A$2:$A$5000,$A13,Données!$B$2:$B$5000,$B$3,Données!$M$2:$M$5000,"Abs")) -> 0 | F13: =IF($B13="","",IFERROR(E13/D13,0)) -> 0 | G13: =IF($B13="","",COUNTIFS(Données!$A$2:$A$5000,$A13,Données!$B$2:$B$5000,$B$3,Données!$I$2:$I$5000,">0")) -> 1 | H13: =IF($B13="","",SUMIFS(Données!$I$2:$I$5000,Données!$A$2:$A$5000,$A13,Données!$B$2:$B$5000,$B$3)) -> 0.0034722222 | I13: =IF($B13="","",SUMIFS(Données!$L$2:$L$5000,Données!$A$2:$A$5000,$A13,Données!$B$2:$B$5000,$B$3)) -> 0 | J13: =IF($B13="","",SUMIFS(Données!$O$2:$O$5000,Données!$A$2:$A$5000,$A13,Données!$B$2:$B$5000,$B$3)) -> 7 | K13: =IF($B13="","",SUMIFS(Données!$N$2:$N$5000,Données!$A$2:$A$5000,$A13,Données!$B$2:$B$5000,$B$3)) -> 6.9965278 | L13: =IF($B13="","",IFERROR(K13/J13,0)) -> 0.99950397 | M13: =IF($B13="","",SUMIFS(Données!$S$2:$S$5000,Données!$A$2:$A$5000,$A13,Données!$B$2:$B$5000,$B$3)) -> 0.0034722222 | N13: =IF($B13="","",IFERROR(M13/J13,0)) -> 0.00049603175 | O13: =IF($B13="","",SUMIFS(Données!$X$2:$X$5000,Données!$A$2:$A$5000,$A13,Données!$B$2:$B$5000,$B$3)) -> 0.010416667
A14: =IF(B14="","",YEAR(B14+3)&"-S"&TEXT(WEEKNUM(B14,21),"00")) -> 2026-S03 | B14: =IF(B13="","",IF(B13+7>MAX(Données!$Q$2:$Q$5000),"",B13+7)) -> 46034 | C14: =IF(B14="","",B14+6) -> 46040 | D14: =IF($B14="","",COUNTIFS(Données!$A$2:$A$5000,$A14,Données!$B$2:$B$5000,$B$3,Données!$O$2:$O$5000,">0")) -> 20 | E14: =IF($B14="","",COUNTIFS(Données!$A$2:$A$5000,$A14,Données!$B$2:$B$5000,$B$3,Données!$M$2:$M$5000,"Abs")) -> 0 | F14: =IF($B14="","",IFERROR(E14/D14,0)) -> 0 | G14: =IF($B14="","",COUNTIFS(Données!$A$2:$A$5000,$A14,Données!$B$2:$B$5000,$B$3,Données!$I$2:$I$5000,">0")) -> 1 | H14: =IF($B14="","",SUMIFS(Données!$I$2:$I$5000,Données!$A$2:$A$5000,$A14,Données!$B$2:$B$5000,$B$3)) -> 0.057638889 | I14: =IF($B14="","",SUMIFS(Données!$L$2:$L$5000,Données!$A$2:$A$5000,$A14,Données!$B$2:$B$5000,$B$3)) -> 0 | J14: =IF($B14="","",SUMIFS(Données!$O$2:$O$5000,Données!$A$2:$A$5000,$A14,Données!$B$2:$B$5000,$B$3)) -> 7.3333333 | K14: =IF($B14="","",SUMIFS(Données!$N$2:$N$5000,Données!$A$2:$A$5000,$A14,Données!$B$2:$B$5000,$B$3)) -> 7.2756944 | L14: =IF($B14="","",IFERROR(K14/J14,0)) -> 0.99214015 | M14: =IF($B14="","",SUMIFS(Données!$S$2:$S$5000,Données!$A$2:$A$5000,$A14,Données!$B$2:$B$5000,$B$3)) -> 0.057638889 | N14: =IF($B14="","",IFERROR(M14/J14,0)) -> 0.0078598485 | O14: =IF($B14="","",SUMIFS(Données!$X$2:$X$5000,Données!$A$2:$A$5000,$A14,Données!$B$2:$B$5000,$B$3)) -> 0.015972222
A15: =IF(B15="","",YEAR(B15+3)&"-S"&TEXT(WEEKNUM(B15,21),"00")) -> 2026-S04 | B15: =IF(B14="","",IF(B14+7>MAX(Données!$Q$2:$Q$5000),"",B14+7)) -> 46041 | C15: =IF(B15="","",B15+6) -> 46047 | D15: =IF($B15="","",COUNTIFS(Données!$A$2:$A$5000,$A15,Données!$B$2:$B$5000,$B$3,Données!$O$2:$O$5000,">0")) -> 20 | E15: =IF($B15="","",COUNTIFS(Données!$A$2:$A$5000,$A15,Données!$B$2:$B$5000,$B$3,Données!$M$2:$M$5000,"Abs")) -> 1 | F15: =IF($B15="","",IFERROR(E15/D15,0)) -> 0.05 | G15: =IF($B15="","",COUNTIFS(Données!$A$2:$A$5000,$A15,Données!$B$2:$B$5000,$B$3,Données!$I$2:$I$5000,">0")) -> 1 | H15: =IF($B15="","",SUMIFS(Données!$I$2:$I$5000,Données!$A$2:$A$5000,$A15,Données!$B$2:$B$5000,$B$3)) -> 0.0083333333 | I15: =IF($B15="","",SUMIFS(Données!$L$2:$L$5000,Données!$A$2:$A$5000,$A15,Données!$B$2:$B$5000,$B$3)) -> 0 | J15: =IF($B15="","",SUMIFS(Données!$O$2:$O$5000,Données!$A$2:$A$5000,$A15,Données!$B$2:$B$5000,$B$3)) -> 7.3333333 | K15: =IF($B15="","",SUMIFS(Données!$N$2:$N$5000,Données!$A$2:$A$5000,$A15,Données!$B$2:$B$5000,$B$3)) -> 6.95 | L15: =IF($B15="","",IFERROR(K15/J15,0)) -> 0.94772727 | M15: =IF($B15="","",SUMIFS(Données!$S$2:$S$5000,Données!$A$2:$A$5000,$A15,Données!$B$2:$B$5000,$B$3)) -> 0.38333333 | N15: =IF($B15="","",IFERROR(M15/J15,0)) -> 0.052272727 | O15: =IF($B15="","",SUMIFS(Données!$X$2:$X$5000,Données!$A$2:$A$5000,$A15,Données!$B$2:$B$5000,$B$3)) -> 0.015277778
A16: =IF(B16="","",YEAR(B16+3)&"-S"&TEXT(WEEKNUM(B16,21),"00")) -> 2026-S05 | B16: =IF(B15="","",IF(B15+7>MAX(Données!$Q$2:$Q$5000),"",B15+7)) -> 46048 | C16: =IF(B16="","",B16+6) -> 46054 | D16: =IF($B16="","",COUNTIFS(Données!$A$2:$A$5000,$A16,Données!$B$2:$B$5000,$B$3,Données!$O$2:$O$5000,">0")) -> 19 | E16: =IF($B16="","",COUNTIFS(Données!$A$2:$A$5000,$A16,Données!$B$2:$B$5000,$B$3,Données!$M$2:$M$5000,"Abs")) -> 0 | F16: =IF($B16="","",IFERROR(E16/D16,0)) -> 0 | G16: =IF($B16="","",COUNTIFS(Données!$A$2:$A$5000,$A16,Données!$B$2:$B$5000,$B$3,Données!$I$2:$I$5000,">0")) -> 0 | H16: =IF($B16="","",SUMIFS(Données!$I$2:$I$5000,Données!$A$2:$A$5000,$A16,Données!$B$2:$B$5000,$B$3)) -> 0 | I16: =IF($B16="","",SUMIFS(Données!$L$2:$L$5000,Données!$A$2:$A$5000,$A16,Données!$B$2:$B$5000,$B$3)) -> 0 | J16: =IF($B16="","",SUMIFS(Données!$O$2:$O$5000,Données!$A$2:$A$5000,$A16,Données!$B$2:$B$5000,$B$3)) -> 6.9583333 | K16: =IF($B16="","",SUMIFS(Données!$N$2:$N$5000,Données!$A$2:$A$5000,$A16,Données!$B$2:$B$5000,$B$3)) -> 6.9583333 | L16: =IF($B16="","",IFERROR(K16/J16,0)) -> 1 | M16: =IF($B16="","",SUMIFS(Données!$S$2:$S$5000,Données!$A$2:$A$5000,$A16,Données!$B$2:$B$5000,$B$3)) -> 0 | N16: =IF($B16="","",IFERROR(M16/J16,0)) -> 0 | O16: =IF($B16="","",SUMIFS(Données!$X$2:$X$5000,Données!$A$2:$A$5000,$A16,Données!$B$2:$B$5000,$B$3)) -> 0.0076388889
A17: =IF(B17="","",YEAR(B17+3)&"-S"&TEXT(WEEKNUM(B17,21),"00")) -> 2026-S06 | B17: =IF(B16="","",IF(B16+7>MAX(Données!$Q$2:$Q$5000),"",B16+7)) -> 46055 | C17: =IF(B17="","",B17+6) -> 46061 | D17: =IF($B17="","",COUNTIFS(Données!$A$2:$A$5000,$A17,Données!$B$2:$B$5000,$B$3,Données!$O$2:$O$5000,">0")) -> 20 | E17: =IF($B17="","",COUNTIFS(Données!$A$2:$A$5000,$A17,Données!$B$2:$B$5000,$B$3,Données!$M$2:$M$5000,"Abs")) -> 0 | F17: =IF($B17="","",IFERROR(E17/D17,0)) -> 0 | G17: =IF($B17="","",COUNTIFS(Données!$A$2:$A$5000,$A17,Données!$B$2:$B$5000,$B$3,Données!$I$2:$I$5000,">0")) -> 3 | H17: =IF($B17="","",SUMIFS(Données!$I$2:$I$5000,Données!$A$2:$A$5000,$A17,Données!$B$2:$B$5000,$B$3)) -> 0.039583333 | I17: =IF($B17="","",SUMIFS(Données!$L$2:$L$5000,Données!$A$2:$A$5000,$A17,Données!$B$2:$B$5000,$B$3)) -> 0 | J17: =IF($B17="","",SUMIFS(Données!$O$2:$O$5000,Données!$A$2:$A$5000,$A17,Données!$B$2:$B$5000,$B$3)) -> 7.3333333 | K17: =IF($B17="","",SUMIFS(Données!$N$2:$N$5000,Données!$A$2:$A$5000,$A17,Données!$B$2:$B$5000,$B$3)) -> 7.29375 | L17: =IF($B17="","",IFERROR(K17/J17,0)) -> 0.99460227 | M17: =IF($B17="","",SUMIFS(Données!$S$2:$S$5000,Données!$A$2:$A$5000,$A17,Données!$B$2:$B$5000,$B$3)) -> 0.039583333 | N17: =IF($B17="","",IFERROR(M17/J17,0)) -> 0.0053977273 | O17: =IF($B17="","",SUMIFS(Données!$X$2:$X$5000,Données!$A$2:$A$5000,$A17,Données!$B$2:$B$5000,$B$3)) -> 0.010416667
A18: =IF(B18="","",YEAR(B18+3)&"-S"&TEXT(WEEKNUM(B18,21),"00")) -> 2026-S07 | B18: =IF(B17="","",IF(B17+7>MAX(Données!$Q$2:$Q$5000),"",B17+7)) -> 46062 | C18: =IF(B18="","",B18+6) -> 46068 | D18: =IF($B18="","",COUNTIFS(Données!$A$2:$A$5000,$A18,Données!$B$2:$B$5000,$B$3,Données!$O$2:$O$5000,">0")) -> 20 | E18: =IF($B18="","",COUNTIFS(Données!$A$2:$A$5000,$A18,Données!$B$2:$B$5000,$B$3,Données!$M$2:$M$5000,"Abs")) -> 0 | F18: =IF($B18="","",IFERROR(E18/D18,0)) -> 0 | G18: =IF($B18="","",COUNTIFS(Données!$A$2:$A$5000,$A18,Données!$B$2:$B$5000,$B$3,Données!$I$2:$I$5000,">0")) -> 0 | H18: =IF($B18="","",SUMIFS(Données!$I$2:$I$5000,Données!$A$2:$A$5000,$A18,Données!$B$2:$B$5000,$B$3)) -> 0 | I18: =IF($B18="","",SUMIFS(Données!$L$2:$L$5000,Données!$A$2:$A$5000,$A18,Données!$B$2:$B$5000,$B$3)) -> 0 | J18: =IF($B18="","",SUMIFS(Données!$O$2:$O$5000,Données!$A$2:$A$5000,$A18,Données!$B$2:$B$5000,$B$3)) -> 7.3333333 | K18: =IF($B18="","",SUMIFS(Données!$N$2:$N$5000,Données!$A$2:$A$5000,$A18,Données!$B$2:$B$5000,$B$3)) -> 7.3333333 | L18: =IF($B18="","",IFERROR(K18/J18,0)) -> 1 | M18: =IF($B18="","",SUMIFS(Données!$S$2:$S$5000,Données!$A$2:$A$5000,$A18,Données!$B$2:$B$5000,$B$3)) -> 0 | N18: =IF($B18="","",IFERROR(M18/J18,0)) -> 0 | O18: =IF($B18="","",SUMIFS(Données!$X$2:$X$5000,Données!$A$2:$A$5000,$A18,Données!$B$2:$B$5000,$B$3)) -> 0.00625
... A65: =IF(B65="","",YEAR(B65+3)&"-S"&TEXT(WEEKNUM(B65,21),"00")) | B65: =IF(B64="","",IF(B64+7>MAX(Données!$Q$2:$Q$5000),"",B64+7)) | C65: =IF(B65="","",B65+6) | D65: =IF($B65="","",COUNTIFS(Données!$A$2:$A$5000,$A65,Données!$B$2:$B$5000,$B$3,Données!$O$2:$O$5000,">0")) | E65: =IF($B65="","",COUNTIFS(Données!$A$2:$A$5000,$A65,Données!$B$2:$B$5000,$B$3,Données!$M$2:$M$5000,"Abs")) | F65: =IF($B65="","",IFERROR(E65/D65,0)) | G65: =IF($B65="","",COUNTIFS(Données!$A$2:$A$5000,$A65,Données!$B$2:$B$5000,$B$3,Données!$I$2:$I$5000,">0")) | H65: =IF($B65="","",SUMIFS(Données!$I$2:$I$5000,Données!$A$2:$A$5000,$A65,Données!$B$2:$B$5000,$B$3)) | I65: =IF($B65="","",SUMIFS(Données!$L$2:$L$5000,Données!$A$2:$A$5000,$A65,Données!$B$2:$B$5000,$B$3)) | J65: =IF($B65="","",SUMIFS(Données!$O$2:$O$5000,Données!$A$2:$A$5000,$A65,Données!$B$2:$B$5000,$B$3)) | K65: =IF($B65="","",SUMIFS(Données!$N$2:$N$5000,Données!$A$2:$A$5000,$A65,Données!$B$2:$B$5000,$B$3)) | L65: =IF($B65="","",IFERROR(K65/J65,0)) | M65: =IF($B65="","",SUMIFS(Données!$S$2:$S$5000,Données!$A$2:$A$5000,$A65,Données!$B$2:$B$5000,$B$3)) | N65: =IF($B65="","",IFERROR(M65/J65,0)) | O65: =IF($B65="","",SUMIFS(Données!$X$2:$X$5000,Données!$A$2:$A$5000,$A65,Données!$B$2:$B$5000,$B$3))

Sheet Par mois
A1: Assiduité par mois
A2: Agent | B2: Tous | C2: ← Choisir « Tous » ou un agent dans la liste.
A3: Critère | B3: =IF($B$2="Tous","*",$B$2) -> *
A5: Mois | B5: Début | C5: Fin | D5: Jours planifiés | E5: Jours d'absence | F5: Taux d'absentéisme (jours) | G5: Nb retards | H5: Total retards | I5: Total départs anticipés | J5: Hr planifiées | K5: Hr adhérées | L5: Taux d'adhérence | M5: Hr absence totales | N5: Taux d'absentéisme (heures) | O5: Heures sup
A6: =IF(B6="","",CHOOSE(MONTH(B6),"Janvier","Février","Mars","Avril","Mai","Juin","Juillet","Août","Septembre","Octobre","Novembre","Décembre")&" "&YEAR(B6)) -> Novembre 2025 | B6: =DATE(YEAR(MIN(Données!$Q$2:$Q$5000)),MONTH(MIN(Données!$Q$2:$Q$5000)),1) -> 45962 | C6: =IF(B6="","",EDATE(B6,1)-1) -> 45991 | D6: =IF($B6="","",COUNTIFS(Données!$Q$2:$Q$5000,">="&$B6,Données!$Q$2:$Q$5000,"<="&$C6,Données!$B$2:$B$5000,$B$3,Données!$O$2:$O$5000,">0")) -> 24 | E6: =IF($B6="","",COUNTIFS(Données!$Q$2:$Q$5000,">="&$B6,Données!$Q$2:$Q$5000,"<="&$C6,Données!$B$2:$B$5000,$B$3,Données!$M$2:$M$5000,"Abs")) -> 0 | F6: =IF($B6="","",IFERROR(E6/D6,0)) -> 0 | G6: =IF($B6="","",COUNTIFS(Données!$Q$2:$Q$5000,">="&$B6,Données!$Q$2:$Q$5000,"<="&$C6,Données!$B$2:$B$5000,$B$3,Données!$I$2:$I$5000,">0")) -> 1 | H6: =IF($B6="","",SUMIFS(Données!$I$2:$I$5000,Données!$Q$2:$Q$5000,">="&$B6,Données!$Q$2:$Q$5000,"<="&$C6,Données!$B$2:$B$5000,$B$3)) -> 0.0027777778 | I6: =IF($B6="","",SUMIFS(Données!$L$2:$L$5000,Données!$Q$2:$Q$5000,">="&$B6,Données!$Q$2:$Q$5000,"<="&$C6,Données!$B$2:$B$5000,$B$3)) -> 0 | J6: =IF($B6="","",SUMIFS(Données!$O$2:$O$5000,Données!$Q$2:$Q$5000,">="&$B6,Données!$Q$2:$Q$5000,"<="&$C6,Données!$B$2:$B$5000,$B$3)) -> 8.8333333 | K6: =IF($B6="","",SUMIFS(Données!$N$2:$N$5000,Données!$Q$2:$Q$5000,">="&$B6,Données!$Q$2:$Q$5000,"<="&$C6,Données!$B$2:$B$5000,$B$3)) -> 8.8305556 | L6: =IF($B6="","",IFERROR(K6/J6,0)) -> 0.99968553 | M6: =IF($B6="","",SUMIFS(Données!$S$2:$S$5000,Données!$Q$2:$Q$5000,">="&$B6,Données!$Q$2:$Q$5000,"<="&$C6,Données!$B$2:$B$5000,$B$3)) -> 0.0027777778 | N6: =IF($B6="","",IFERROR(M6/J6,0)) -> 0.00031446541 | O6: =IF($B6="","",SUMIFS(Données!$X$2:$X$5000,Données!$Q$2:$Q$5000,">="&$B6,Données!$Q$2:$Q$5000,"<="&$C6,Données!$B$2:$B$5000,$B$3)) -> 0.0069444444
A7: =IF(B7="","",CHOOSE(MONTH(B7),"Janvier","Février","Mars","Avril","Mai","Juin","Juillet","Août","Septembre","Octobre","Novembre","Décembre")&" "&YEAR(B7)) -> Décembre 2025 | B7: =IF(B6="","",IF(EDATE(B6,1)>MAX(Données!$Q$2:$Q$5000),"",EDATE(B6,1))) -> 45992 | C7: =IF(B7="","",EDATE(B7,1)-1) -> 46022 | D7: =IF($B7="","",COUNTIFS(Données!$Q$2:$Q$5000,">="&$B7,Données!$Q$2:$Q$5000,"<="&$C7,Données!$B$2:$B$5000,$B$3,Données!$O$2:$O$5000,">0")) -> 88 | E7: =IF($B7="","",COUNTIFS(Données!$Q$2:$Q$5000,">="&$B7,Données!$Q$2:$Q$5000,"<="&$C7,Données!$B$2:$B$5000,$B$3,Données!$M$2:$M$5000,"Abs")) -> 0 | F7: =IF($B7="","",IFERROR(E7/D7,0)) -> 0 | G7: =IF($B7="","",COUNTIFS(Données!$Q$2:$Q$5000,">="&$B7,Données!$Q$2:$Q$5000,"<="&$C7,Données!$B$2:$B$5000,$B$3,Données!$I$2:$I$5000,">0")) -> 1 | H7: =IF($B7="","",SUMIFS(Données!$I$2:$I$5000,Données!$Q$2:$Q$5000,">="&$B7,Données!$Q$2:$Q$5000,"<="&$C7,Données!$B$2:$B$5000,$B$3)) -> 0.0034722222 | I7: =IF($B7="","",SUMIFS(Données!$L$2:$L$5000,Données!$Q$2:$Q$5000,">="&$B7,Données!$Q$2:$Q$5000,"<="&$C7,Données!$B$2:$B$5000,$B$3)) -> 0 | J7: =IF($B7="","",SUMIFS(Données!$O$2:$O$5000,Données!$Q$2:$Q$5000,">="&$B7,Données!$Q$2:$Q$5000,"<="&$C7,Données!$B$2:$B$5000,$B$3)) -> 32.333333 | K7: =IF($B7="","",SUMIFS(Données!$N$2:$N$5000,Données!$Q$2:$Q$5000,">="&$B7,Données!$Q$2:$Q$5000,"<="&$C7,Données!$B$2:$B$5000,$B$3)) -> 32.329861 | L7: =IF($B7="","",IFERROR(K7/J7,0)) -> 0.99989261 | M7: =IF($B7="","",SUMIFS(Données!$S$2:$S$5000,Données!$Q$2:$Q$5000,">="&$B7,Données!$Q$2:$Q$5000,"<="&$C7,Données!$B$2:$B$5000,$B$3)) -> 0.0034722222 | N7: =IF($B7="","",IFERROR(M7/J7,0)) -> 0.00010738832 | O7: =IF($B7="","",SUMIFS(Données!$X$2:$X$5000,Données!$Q$2:$Q$5000,">="&$B7,Données!$Q$2:$Q$5000,"<="&$C7,Données!$B$2:$B$5000,$B$3)) -> 0.031944444
A8: =IF(B8="","",CHOOSE(MONTH(B8),"Janvier","Février","Mars","Avril","Mai","Juin","Juillet","Août","Septembre","Octobre","Novembre","Décembre")&" "&YEAR(B8)) -> Janvier 2026 | B8: =IF(B7="","",IF(EDATE(B7,1)>MAX(Données!$Q$2:$Q$5000),"",EDATE(B7,1))) -> 46023 | C8: =IF(B8="","",EDATE(B8,1)-1) -> 46053 | D8: =IF($B8="","",COUNTIFS(Données!$Q$2:$Q$5000,">="&$B8,Données!$Q$2:$Q$5000,"<="&$C8,Données!$B$2:$B$5000,$B$3,Données!$O$2:$O$5000,">0")) -> 82 | E8: =IF($B8="","",COUNTIFS(Données!$Q$2:$Q$5000,">="&$B8,Données!$Q$2:$Q$5000,"<="&$C8,Données!$B$2:$B$5000,$B$3,Données!$M$2:$M$5000,"Abs")) -> 1 | F8: =IF($B8="","",IFERROR(E8/D8,0)) -> 0.012195122 | G8: =IF($B8="","",COUNTIFS(Données!$Q$2:$Q$5000,">="&$B8,Données!$Q$2:$Q$5000,"<="&$C8,Données!$B$2:$B$5000,$B$3,Données!$I$2:$I$5000,">0")) -> 3 | H8: =IF($B8="","",SUMIFS(Données!$I$2:$I$5000,Données!$Q$2:$Q$5000,">="&$B8,Données!$Q$2:$Q$5000,"<="&$C8,Données!$B$2:$B$5000,$B$3)) -> 0.069444444 | I8: =IF($B8="","",SUMIFS(Données!$L$2:$L$5000,Données!$Q$2:$Q$5000,">="&$B8,Données!$Q$2:$Q$5000,"<="&$C8,Données!$B$2:$B$5000,$B$3)) -> 0 | J8: =IF($B8="","",SUMIFS(Données!$O$2:$O$5000,Données!$Q$2:$Q$5000,">="&$B8,Données!$Q$2:$Q$5000,"<="&$C8,Données!$B$2:$B$5000,$B$3)) -> 29.958333 | K8: =IF($B8="","",SUMIFS(Données!$N$2:$N$5000,Données!$Q$2:$Q$5000,">="&$B8,Données!$Q$2:$Q$5000,"<="&$C8,Données!$B$2:$B$5000,$B$3)) -> 29.513889 | L8: =IF($B8="","",IFERROR(K8/J8,0)) -> 0.98516458 | M8: =IF($B8="","",SUMIFS(Données!$S$2:$S$5000,Données!$Q$2:$Q$5000,">="&$B8,Données!$Q$2:$Q$5000,"<="&$C8,Données!$B$2:$B$5000,$B$3)) -> 0.44444444 | N8: =IF($B8="","",IFERROR(M8/J8,0)) -> 0.01483542 | O8: =IF($B8="","",SUMIFS(Données!$X$2:$X$5000,Données!$Q$2:$Q$5000,">="&$B8,Données!$Q$2:$Q$5000,"<="&$C8,Données!$B$2:$B$5000,$B$3)) -> 0.049305556
A9: =IF(B9="","",CHOOSE(MONTH(B9),"Janvier","Février","Mars","Avril","Mai","Juin","Juillet","Août","Septembre","Octobre","Novembre","Décembre")&" "&YEAR(B9)) -> Février 2026 | B9: =IF(B8="","",IF(EDATE(B8,1)>MAX(Données!$Q$2:$Q$5000),"",EDATE(B8,1))) -> 46054 | C9: =IF(B9="","",EDATE(B9,1)-1) -> 46081 | D9: =IF($B9="","",COUNTIFS(Données!$Q$2:$Q$5000,">="&$B9,Données!$Q$2:$Q$5000,"<="&$C9,Données!$B$2:$B$5000,$B$3,Données!$O$2:$O$5000,">0")) -> 80 | E9: =IF($B9="","",COUNTIFS(Données!$Q$2:$Q$5000,">="&$B9,Données!$Q$2:$Q$5000,"<="&$C9,Données!$B$2:$B$5000,$B$3,Données!$M$2:$M$5000,"Abs")) -> 0 | F9: =IF($B9="","",IFERROR(E9/D9,0)) -> 0 | G9: =IF($B9="","",COUNTIFS(Données!$Q$2:$Q$5000,">="&$B9,Données!$Q$2:$Q$5000,"<="&$C9,Données!$B$2:$B$5000,$B$3,Données!$I$2:$I$5000,">0")) -> 3 | H9: =IF($B9="","",SUMIFS(Données!$I$2:$I$5000,Données!$Q$2:$Q$5000,">="&$B9,Données!$Q$2:$Q$5000,"<="&$C9,Données!$B$2:$B$5000,$B$3)) -> 0.039583333 | I9: =IF($B9="","",SUMIFS(Données!$L$2:$L$5000,Données!$Q$2:$Q$5000,">="&$B9,Données!$Q$2:$Q$5000,"<="&$C9,Données!$B$2:$B$5000,$B$3)) -> 0 | J9: =IF($B9="","",SUMIFS(Données!$O$2:$O$5000,Données!$Q$2:$Q$5000,">="&$B9,Données!$Q$2:$Q$5000,"<="&$C9,Données!$B$2:$B$5000,$B$3)) -> 28.833333 | K9: =IF($B9="","",SUMIFS(Données!$N$2:$N$5000,Données!$Q$2:$Q$5000,">="&$B9,Données!$Q$2:$Q$5000,"<="&$C9,Données!$B$2:$B$5000,$B$3)) -> 28.79375 | L9: =IF($B9="","",IFERROR(K9/J9,0)) -> 0.99862717 | M9: =IF($B9="","",SUMIFS(Données!$S$2:$S$5000,Données!$Q$2:$Q$5000,">="&$B9,Données!$Q$2:$Q$5000,"<="&$C9,Données!$B$2:$B$5000,$B$3)) -> 0.039583333 | N9: =IF($B9="","",IFERROR(M9/J9,0)) -> 0.0013728324 | O9: =IF($B9="","",SUMIFS(Données!$X$2:$X$5000,Données!$Q$2:$Q$5000,">="&$B9,Données!$Q$2:$Q$5000,"<="&$C9,Données!$B$2:$B$5000,$B$3)) -> 0.025
A10: =IF(B10="","",CHOOSE(MONTH(B10),"Janvier","Février","Mars","Avril","Mai","Juin","Juillet","Août","Septembre","Octobre","Novembre","Décembre")&" "&YEAR(B10)) -> Mars 2026 | B10: =IF(B9="","",IF(EDATE(B9,1)>MAX(Données!$Q$2:$Q$5000),"",EDATE(B9,1))) -> 46082 | C10: =IF(B10="","",EDATE(B10,1)-1) -> 46112 | D10: =IF($B10="","",COUNTIFS(Données!$Q$2:$Q$5000,">="&$B10,Données!$Q$2:$Q$5000,"<="&$C10,Données!$B$2:$B$5000,$B$3,Données!$O$2:$O$5000,">0")) -> 86 | E10: =IF($B10="","",COUNTIFS(Données!$Q$2:$Q$5000,">="&$B10,Données!$Q$2:$Q$5000,"<="&$C10,Données!$B$2:$B$5000,$B$3,Données!$M$2:$M$5000,"Abs")) -> 0 | F10: =IF($B10="","",IFERROR(E10/D10,0)) -> 0 | G10: =IF($B10="","",COUNTIFS(Données!$Q$2:$Q$5000,">="&$B10,Données!$Q$2:$Q$5000,"<="&$C10,Données!$B$2:$B$5000,$B$3,Données!$I$2:$I$5000,">0")) -> 0 | H10: =IF($B10="","",SUMIFS(Données!$I$2:$I$5000,Données!$Q$2:$Q$5000,">="&$B10,Données!$Q$2:$Q$5000,"<="&$C10,Données!$B$2:$B$5000,$B$3)) -> 0 | I10: =IF($B10="","",SUMIFS(Données!$L$2:$L$5000,Données!$Q$2:$Q$5000,">="&$B10,Données!$Q$2:$Q$5000,"<="&$C10,Données!$B$2:$B$5000,$B$3)) -> 0 | J10: =IF($B10="","",SUMIFS(Données!$O$2:$O$5000,Données!$Q$2:$Q$5000,">="&$B10,Données!$Q$2:$Q$5000,"<="&$C10,Données!$B$2:$B$5000,$B$3)) -> 31.666667 | K10: =IF($B10="","",SUMIFS(Données!$N$2:$N$5000,Données!$Q$2:$Q$5000,">="&$B10,Données!$Q$2:$Q$5000,"<="&$C10,Données!$B$2:$B$5000,$B$3)) -> 31.666667 | L10: =IF($B10="","",IFERROR(K10/J10,0)) -> 1 | M10: =IF($B10="","",SUMIFS(Données!$S$2:$S$5000,Données!$Q$2:$Q$5000,">="&$B10,Données!$Q$2:$Q$5000,"<="&$C10,Données!$B$2:$B$5000,$B$3)) -> 0 | N10: =IF($B10="","",IFERROR(M10/J10,0)) -> 0 | O10: =IF($B10="","",SUMIFS(Données!$X$2:$X$5000,Données!$Q$2:$Q$5000,">="&$B10,Données!$Q$2:$Q$5000,"<="&$C10,Données!$B$2:$B$5000,$B$3)) -> 0.031944444
A11: =IF(B11="","",CHOOSE(MONTH(B11),"Janvier","Février","Mars","Avril","Mai","Juin","Juillet","Août","Septembre","Octobre","Novembre","Décembre")&" "&YEAR(B11)) -> Avril 2026 | B11: =IF(B10="","",IF(EDATE(B10,1)>MAX(Données!$Q$2:$Q$5000),"",EDATE(B10,1))) -> 46113 | C11: =IF(B11="","",EDATE(B11,1)-1) -> 46142 | D11: =IF($B11="","",COUNTIFS(Données!$Q$2:$Q$5000,">="&$B11,Données!$Q$2:$Q$5000,"<="&$C11,Données!$B$2:$B$5000,$B$3,Données!$O$2:$O$5000,">0")) -> 74 | E11: =IF($B11="","",COUNTIFS(Données!$Q$2:$Q$5000,">="&$B11,Données!$Q$2:$Q$5000,"<="&$C11,Données!$B$2:$B$5000,$B$3,Données!$M$2:$M$5000,"Abs")) -> 5 | F11: =IF($B11="","",IFERROR(E11/D11,0)) -> 0.067567568 | G11: =IF($B11="","",COUNTIFS(Données!$Q$2:$Q$5000,">="&$B11,Données!$Q$2:$Q$5000,"<="&$C11,Données!$B$2:$B$5000,$B$3,Données!$I$2:$I$5000,">0")) -> 0 | H11: =IF($B11="","",SUMIFS(Données!$I$2:$I$5000,Données!$Q$2:$Q$5000,">="&$B11,Données!$Q$2:$Q$5000,"<="&$C11,Données!$B$2:$B$5000,$B$3)) -> 0 | I11: =IF($B11="","",SUMIFS(Données!$L$2:$L$5000,Données!$Q$2:$Q$5000,">="&$B11,Données!$Q$2:$Q$5000,"<="&$C11,Données!$B$2:$B$5000,$B$3)) -> 0 | J11: =IF($B11="","",SUMIFS(Données!$O$2:$O$5000,Données!$Q$2:$Q$5000,">="&$B11,Données!$Q$2:$Q$5000,"<="&$C11,Données!$B$2:$B$5000,$B$3)) -> 27.125 | K11: =IF($B11="","",SUMIFS(Données!$N$2:$N$5000,Données!$Q$2:$Q$5000,">="&$B11,Données!$Q$2:$Q$5000,"<="&$C11,Données!$B$2:$B$5000,$B$3)) -> 25.291667 | L11: =IF($B11="","",IFERROR(K11/J11,0)) -> 0.93241167 | M11: =IF($B11="","",SUMIFS(Données!$S$2:$S$5000,Données!$Q$2:$Q$5000,">="&$B11,Données!$Q$2:$Q$5000,"<="&$C11,Données!$B$2:$B$5000,$B$3)) -> 1.8333333 | N11: =IF($B11="","",IFERROR(M11/J11,0)) -> 0.067588326 | O11: =IF($B11="","",SUMIFS(Données!$X$2:$X$5000,Données!$Q$2:$Q$5000,">="&$B11,Données!$Q$2:$Q$5000,"<="&$C11,Données!$B$2:$B$5000,$B$3)) -> 0.040277778
A12: =IF(B12="","",CHOOSE(MONTH(B12),"Janvier","Février","Mars","Avril","Mai","Juin","Juillet","Août","Septembre","Octobre","Novembre","Décembre")&" "&YEAR(B12)) -> Mai 2026 | B12: =IF(B11="","",IF(EDATE(B11,1)>MAX(Données!$Q$2:$Q$5000),"",EDATE(B11,1))) -> 46143 | C12: =IF(B12="","",EDATE(B12,1)-1) -> 46173 | D12: =IF($B12="","",COUNTIFS(Données!$Q$2:$Q$5000,">="&$B12,Données!$Q$2:$Q$5000,"<="&$C12,Données!$B$2:$B$5000,$B$3,Données!$O$2:$O$5000,">0")) -> 45 | E12: =IF($B12="","",COUNTIFS(Données!$Q$2:$Q$5000,">="&$B12,Données!$Q$2:$Q$5000,"<="&$C12,Données!$B$2:$B$5000,$B$3,Données!$M$2:$M$5000,"Abs")) -> 1 | F12: =IF($B12="","",IFERROR(E12/D12,0)) -> 0.022222222 | G12: =IF($B12="","",COUNTIFS(Données!$Q$2:$Q$5000,">="&$B12,Données!$Q$2:$Q$5000,"<="&$C12,Données!$B$2:$B$5000,$B$3,Données!$I$2:$I$5000,">0")) -> 2 | H12: =IF($B12="","",SUMIFS(Données!$I$2:$I$5000,Données!$Q$2:$Q$5000,">="&$B12,Données!$Q$2:$Q$5000,"<="&$C12,Données!$B$2:$B$5000,$B$3)) -> 0.0069444444 | I12: =IF($B12="","",SUMIFS(Données!$L$2:$L$5000,Données!$Q$2:$Q$5000,">="&$B12,Données!$Q$2:$Q$5000,"<="&$C12,Données!$B$2:$B$5000,$B$3)) -> 0 | J12: =IF($B12="","",SUMIFS(Données!$O$2:$O$5000,Données!$Q$2:$Q$5000,">="&$B12,Données!$Q$2:$Q$5000,"<="&$C12,Données!$B$2:$B$5000,$B$3)) -> 16.625 | K12: =IF($B12="","",SUMIFS(Données!$N$2:$N$5000,Données!$Q$2:$Q$5000,">="&$B12,Données!$Q$2:$Q$5000,"<="&$C12,Données!$B$2:$B$5000,$B$3)) -> 16.243056 | L12: =IF($B12="","",IFERROR(K12/J12,0)) -> 0.9770259 | M12: =IF($B12="","",SUMIFS(Données!$S$2:$S$5000,Données!$Q$2:$Q$5000,">="&$B12,Données!$Q$2:$Q$5000,"<="&$C12,Données!$B$2:$B$5000,$B$3)) -> 0.38194444 | N12: =IF($B12="","",IFERROR(M12/J12,0)) -> 0.022974102 | O12: =IF($B12="","",SUMIFS(Données!$X$2:$X$5000,Données!$Q$2:$Q$5000,">="&$B12,Données!$Q$2:$Q$5000,"<="&$C12,Données!$B$2:$B$5000,$B$3)) -> 0.024305556
A13: =IF(B13="","",CHOOSE(MONTH(B13),"Janvier","Février","Mars","Avril","Mai","Juin","Juillet","Août","Septembre","Octobre","Novembre","Décembre")&" "&YEAR(B13)) -> Juin 2026 | B13: =IF(B12="","",IF(EDATE(B12,1)>MAX(Données!$Q$2:$Q$5000),"",EDATE(B12,1))) -> 46174 | C13: =IF(B13="","",EDATE(B13,1)-1) -> 46203 | D13: =IF($B13="","",COUNTIFS(Données!$Q$2:$Q$5000,">="&$B13,Données!$Q$2:$Q$5000,"<="&$C13,Données!$B$2:$B$5000,$B$3,Données!$O$2:$O$5000,">0")) -> 65 | E13: =IF($B13="","",COUNTIFS(Données!$Q$2:$Q$5000,">="&$B13,Données!$Q$2:$Q$5000,"<="&$C13,Données!$B$2:$B$5000,$B$3,Données!$M$2:$M$5000,"Abs")) -> 0 | F13: =IF($B13="","",IFERROR(E13/D13,0)) -> 0 | G13: =IF($B13="","",COUNTIFS(Données!$Q$2:$Q$5000,">="&$B13,Données!$Q$2:$Q$5000,"<="&$C13,Données!$B$2:$B$5000,$B$3,Données!$I$2:$I$5000,">0")) -> 3 | H13: =IF($B13="","",SUMIFS(Données!$I$2:$I$5000,Données!$Q$2:$Q$5000,">="&$B13,Données!$Q$2:$Q$5000,"<="&$C13,Données!$B$2:$B$5000,$B$3)) -> 0.043055556 | I13: =IF($B13="","",SUMIFS(Données!$L$2:$L$5000,Données!$Q$2:$Q$5000,">="&$B13,Données!$Q$2:$Q$5000,"<="&$C13,Données!$B$2:$B$5000,$B$3)) -> 0 | J13: =IF($B13="","",SUMIFS(Données!$O$2:$O$5000,Données!$Q$2:$Q$5000,">="&$B13,Données!$Q$2:$Q$5000,"<="&$C13,Données!$B$2:$B$5000,$B$3)) -> 23.916667 | K13: =IF($B13="","",SUMIFS(Données!$N$2:$N$5000,Données!$Q$2:$Q$5000,">="&$B13,Données!$Q$2:$Q$5000,"<="&$C13,Données!$B$2:$B$5000,$B$3)) -> 23.873611 | L13: =IF($B13="","",IFERROR(K13/J13,0)) -> 0.99819977 | M13: =IF($B13="","",SUMIFS(Données!$S$2:$S$5000,Données!$Q$2:$Q$5000,">="&$B13,Données!$Q$2:$Q$5000,"<="&$C13,Données!$B$2:$B$5000,$B$3)) -> 0.043055556 | N13: =IF($B13="","",IFERROR(M13/J13,0)) -> 0.0018002323 | O13: =IF($B13="","",SUMIFS(Données!$X$2:$X$5000,Données!$Q$2:$Q$5000,">="&$B13,Données!$Q$2:$Q$5000,"<="&$C13,Données!$B$2:$B$5000,$B$3)) -> 0.043055556
A14: =IF(B14="","",CHOOSE(MONTH(B14),"Janvier","Février","Mars","Avril","Mai","Juin","Juillet","Août","Septembre","Octobre","Novembre","Décembre")&" "&YEAR(B14)) -> Juillet 2026 | B14: =IF(B13="","",IF(EDATE(B13,1)>MAX(Données!$Q$2:$Q$5000),"",EDATE(B13,1))) -> 46204 | C14: =IF(B14="","",EDATE(B14,1)-1) -> 46234 | D14: =IF($B14="","",COUNTIFS(Données!$Q$2:$Q$5000,">="&$B14,Données!$Q$2:$Q$5000,"<="&$C14,Données!$B$2:$B$5000,$B$3,Données!$O$2:$O$5000,">0")) -> 64 | E14: =IF($B14="","",COUNTIFS(Données!$Q$2:$Q$5000,">="&$B14,Données!$Q$2:$Q$5000,"<="&$C14,Données!$B$2:$B$5000,$B$3,Données!$M$2:$M$5000,"Abs")) -> 0 | F14: =IF($B14="","",IFERROR(E14/D14,0)) -> 0 | G14: =IF($B14="","",COUNTIFS(Données!$Q$2:$Q$5000,">="&$B14,Données!$Q$2:$Q$5000,"<="&$C14,Données!$B$2:$B$5000,$B$3,Données!$I$2:$I$5000,">0")) -> 0 | H14: =IF($B14="","",SUMIFS(Données!$I$2:$I$5000,Données!$Q$2:$Q$5000,">="&$B14,Données!$Q$2:$Q$5000,"<="&$C14,Données!$B$2:$B$5000,$B$3)) -> 0 | I14: =IF($B14="","",SUMIFS(Données!$L$2:$L$5000,Données!$Q$2:$Q$5000,">="&$B14,Données!$Q$2:$Q$5000,"<="&$C14,Données!$B$2:$B$5000,$B$3)) -> 0 | J14: =IF($B14="","",SUMIFS(Données!$O$2:$O$5000,Données!$Q$2:$Q$5000,">="&$B14,Données!$Q$2:$Q$5000,"<="&$C14,Données!$B$2:$B$5000,$B$3)) -> 23.416667 | K14: =IF($B14="","",SUMIFS(Données!$N$2:$N$5000,Données!$Q$2:$Q$5000,">="&$B14,Données!$Q$2:$Q$5000,"<="&$C14,Données!$B$2:$B$5000,$B$3)) -> 23.416667 | L14: =IF($B14="","",IFERROR(K14/J14,0)) -> 1 | M14: =IF($B14="","",SUMIFS(Données!$S$2:$S$5000,Données!$Q$2:$Q$5000,">="&$B14,Données!$Q$2:$Q$5000,"<="&$C14,Données!$B$2:$B$5000,$B$3)) -> 0 | N14: =IF($B14="","",IFERROR(M14/J14,0)) -> 0 | O14: =IF($B14="","",SUMIFS(Données!$X$2:$X$5000,Données!$Q$2:$Q$5000,">="&$B14,Données!$Q$2:$Q$5000,"<="&$C14,Données!$B$2:$B$5000,$B$3)) -> 0.10763889
A15: =IF(B15="","",CHOOSE(MONTH(B15),"Janvier","Février","Mars","Avril","Mai","Juin","Juillet","Août","Septembre","Octobre","Novembre","Décembre")&" "&YEAR(B15)) -> Août 2026 | B15: =IF(B14="","",IF(EDATE(B14,1)>MAX(Données!$Q$2:$Q$5000),"",EDATE(B14,1))) -> 46235 | C15: =IF(B15="","",EDATE(B15,1)-1) -> 46265 | D15: =IF($B15="","",COUNTIFS(Données!$Q$2:$Q$5000,">="&$B15,Données!$Q$2:$Q$5000,"<="&$C15,Données!$B$2:$B$5000,$B$3,Données!$O$2:$O$5000,">0")) -> 57 | E15: =IF($B15="","",COUNTIFS(Données!$Q$2:$Q$5000,">="&$B15,Données!$Q$2:$Q$5000,"<="&$C15,Données!$B$2:$B$5000,$B$3,Données!$M$2:$M$5000,"Abs")) -> 2 | F15: =IF($B15="","",IFERROR(E15/D15,0)) -> 0.035087719 | G15: =IF($B15="","",COUNTIFS(Données!$Q$2:$Q$5000,">="&$B15,Données!$Q$2:$Q$5000,"<="&$C15,Données!$B$2:$B$5000,$B$3,Données!$I$2:$I$5000,">0")) -> 1 | H15: =IF($B15="","",SUMIFS(Données!$I$2:$I$5000,Données!$Q$2:$Q$5000,">="&$B15,Données!$Q$2:$Q$5000,"<="&$C15,Données!$B$2:$B$5000,$B$3)) -> 0.014583333 | I15: =IF($B15="","",SUMIFS(Données!$L$2:$L$5000,Données!$Q$2:$Q$5000,">="&$B15,Données!$Q$2:$Q$5000,"<="&$C15,Données!$B$2:$B$5000,$B$3)) -> 0 | J15: =IF($B15="","",SUMIFS(Données!$O$2:$O$5000,Données!$Q$2:$Q$5000,">="&$B15,Données!$Q$2:$Q$5000,"<="&$C15,Données!$B$2:$B$5000,$B$3)) -> 20.916667 | K15: =IF($B15="","",SUMIFS(Données!$N$2:$N$5000,Données!$Q$2:$Q$5000,">="&$B15,Données!$Q$2:$Q$5000,"<="&$C15,Données!$B$2:$B$5000,$B$3)) -> 20.152083 | L15: =IF($B15="","",IFERROR(K15/J15,0)) -> 0.96344622 | M15: =IF($B15="","",SUMIFS(Données!$S$2:$S$5000,Données!$Q$2:$Q$5000,">="&$B15,Données!$Q$2:$Q$5000,"<="&$C15,Données!$B$2:$B$5000,$B$3)) -> 0.76458333 | N15: =IF($B15="","",IFERROR(M15/J15,0)) -> 0.036553785 | O15: =IF($B15="","",SUMIFS(Données!$X$2:$X$5000,Données!$Q$2:$Q$5000,">="&$B15,Données!$Q$2:$Q$5000,"<="&$C15,Données!$B$2:$B$5000,$B$3)) -> 0.059027778
A16: =IF(B16="","",CHOOSE(MONTH(B16),"Janvier","Février","Mars","Avril","Mai","Juin","Juillet","Août","Septembre","Octobre","Novembre","Décembre")&" "&YEAR(B16)) -> Septembre 2026 | B16: =IF(B15="","",IF(EDATE(B15,1)>MAX(Données!$Q$2:$Q$5000),"",EDATE(B15,1))) -> 46266 | C16: =IF(B16="","",EDATE(B16,1)-1) -> 46295 | D16: =IF($B16="","",COUNTIFS(Données!$Q$2:$Q$5000,">="&$B16,Données!$Q$2:$Q$5000,"<="&$C16,Données!$B$2:$B$5000,$B$3,Données!$O$2:$O$5000,">0")) -> 61 | E16: =IF($B16="","",COUNTIFS(Données!$Q$2:$Q$5000,">="&$B16,Données!$Q$2:$Q$5000,"<="&$C16,Données!$B$2:$B$5000,$B$3,Données!$M$2:$M$5000,"Abs")) -> 8 | F16: =IF($B16="","",IFERROR(E16/D16,0)) -> 0.13114754 | G16: =IF($B16="","",COUNTIFS(Données!$Q$2:$Q$5000,">="&$B16,Données!$Q$2:$Q$5000,"<="&$C16,Données!$B$2:$B$5000,$B$3,Données!$I$2:$I$5000,">0")) -> 2 | H16: =IF($B16="","",SUMIFS(Données!$I$2:$I$5000,Données!$Q$2:$Q$5000,">="&$B16,Données!$Q$2:$Q$5000,"<="&$C16,Données!$B$2:$B$5000,$B$3)) -> 0.030555556 | I16: =IF($B16="","",SUMIFS(Données!$L$2:$L$5000,Données!$Q$2:$Q$5000,">="&$B16,Données!$Q$2:$Q$5000,"<="&$C16,Données!$B$2:$B$5000,$B$3)) -> 0 | J16: =IF($B16="","",SUMIFS(Données!$O$2:$O$5000,Données!$Q$2:$Q$5000,">="&$B16,Données!$Q$2:$Q$5000,"<="&$C16,Données!$B$2:$B$5000,$B$3)) -> 22.416667 | K16: =IF($B16="","",SUMIFS(Données!$N$2:$N$5000,Données!$Q$2:$Q$5000,">="&$B16,Données!$Q$2:$Q$5000,"<="&$C16,Données!$B$2:$B$5000,$B$3)) -> 19.469444 | L16: =IF($B16="","",IFERROR(K16/J16,0)) -> 0.8685254 | M16: =IF($B16="","",SUMIFS(Données!$S$2:$S$5000,Données!$Q$2:$Q$5000,">="&$B16,Données!$Q$2:$Q$5000,"<="&$C16,Données!$B$2:$B$5000,$B$3)) -> 2.9472222 | N16: =IF($B16="","",IFERROR(M16/J16,0)) -> 0.1314746 | O16: =IF($B16="","",SUMIFS(Données!$X$2:$X$5000,Données!$Q$2:$Q$5000,">="&$B16,Données!$Q$2:$Q$5000,"<="&$C16,Données!$B$2:$B$5000,$B$3)) -> 0.056944444
A17: =IF(B17="","",CHOOSE(MONTH(B17),"Janvier","Février","Mars","Avril","Mai","Juin","Juillet","Août","Septembre","Octobre","Novembre","Décembre")&" "&YEAR(B17)) -> Octobre 2026 | B17: =IF(B16="","",IF(EDATE(B16,1)>MAX(Données!$Q$2:$Q$5000),"",EDATE(B16,1))) -> 46296 | C17: =IF(B17="","",EDATE(B17,1)-1) -> 46326 | D17: =IF($B17="","",COUNTIFS(Données!$Q$2:$Q$5000,">="&$B17,Données!$Q$2:$Q$5000,"<="&$C17,Données!$B$2:$B$5000,$B$3,Données!$O$2:$O$5000,">0")) -> 85 | E17: =IF($B17="","",COUNTIFS(Données!$Q$2:$Q$5000,">="&$B17,Données!$Q$2:$Q$5000,"<="&$C17,Données!$B$2:$B$5000,$B$3,Données!$M$2:$M$5000,"Abs")) -> 4 | F17: =IF($B17="","",IFERROR(E17/D17,0)) -> 0.047058824 | G17: =IF($B17="","",COUNTIFS(Données!$Q$2:$Q$5000,">="&$B17,Données!$Q$2:$Q$5000,"<="&$C17,Données!$B$2:$B$5000,$B$3,Données!$I$2:$I$5000,">0")) -> 0 | H17: =IF($B17="","",SUMIFS(Données!$I$2:$I$5000,Données!$Q$2:$Q$5000,">="&$B17,Données!$Q$2:$Q$5000,"<="&$C17,Données!$B$2:$B$5000,$B$3)) -> 0 | I17: =IF($B17="","",SUMIFS(Données!$L$2:$L$5000,Données!$Q$2:$Q$5000,">="&$B17,Données!$Q$2:$Q$5000,"<="&$C17,Données!$B$2:$B$5000,$B$3)) -> 0 | J17: =IF($B17="","",SUMIFS(Données!$O$2:$O$5000,Données!$Q$2:$Q$5000,">="&$B17,Données!$Q$2:$Q$5000,"<="&$C17,Données!$B$2:$B$5000,$B$3)) -> 31.083333 | K17: =IF($B17="","",SUMIFS(Données!$N$2:$N$5000,Données!$Q$2:$Q$5000,">="&$B17,Données!$Q$2:$Q$5000,"<="&$C17,Données!$B$2:$B$5000,$B$3)) -> 29.75 | L17: =IF($B17="","",IFERROR(K17/J17,0)) -> 0.95710456 | M17: =IF($B17="","",SUMIFS(Données!$S$2:$S$5000,Données!$Q$2:$Q$5000,">="&$B17,Données!$Q$2:$Q$5000,"<="&$C17,Données!$B$2:$B$5000,$B$3)) -> 1.3333333 | N17: =IF($B17="","",IFERROR(M17/J17,0)) -> 0.042895442 | O17: =IF($B17="","",SUMIFS(Données!$X$2:$X$5000,Données!$Q$2:$Q$5000,">="&$B17,Données!$Q$2:$Q$5000,"<="&$C17,Données!$B$2:$B$5000,$B$3)) -> 0.070138889
A18: =IF(B18="","",CHOOSE(MONTH(B18),"Janvier","Février","Mars","Avril","Mai","Juin","Juillet","Août","Septembre","Octobre","Novembre","Décembre")&" "&YEAR(B18)) -> Novembre 2026 | B18: =IF(B17="","",IF(EDATE(B17,1)>MAX(Données!$Q$2:$Q$5000),"",EDATE(B17,1))) -> 46327 | C18: =IF(B18="","",EDATE(B18,1)-1) -> 46356 | D18: =IF($B18="","",COUNTIFS(Données!$Q$2:$Q$5000,">="&$B18,Données!$Q$2:$Q$5000,"<="&$C18,Données!$B$2:$B$5000,$B$3,Données!$O$2:$O$5000,">0")) -> 0 | E18: =IF($B18="","",COUNTIFS(Données!$Q$2:$Q$5000,">="&$B18,Données!$Q$2:$Q$5000,"<="&$C18,Données!$B$2:$B$5000,$B$3,Données!$M$2:$M$5000,"Abs")) -> 0 | F18: =IF($B18="","",IFERROR(E18/D18,0)) -> 0 | G18: =IF($B18="","",COUNTIFS(Données!$Q$2:$Q$5000,">="&$B18,Données!$Q$2:$Q$5000,"<="&$C18,Données!$B$2:$B$5000,$B$3,Données!$I$2:$I$5000,">0")) -> 0 | H18: =IF($B18="","",SUMIFS(Données!$I$2:$I$5000,Données!$Q$2:$Q$5000,">="&$B18,Données!$Q$2:$Q$5000,"<="&$C18,Données!$B$2:$B$5000,$B$3)) -> 0 | I18: =IF($B18="","",SUMIFS(Données!$L$2:$L$5000,Données!$Q$2:$Q$5000,">="&$B18,Données!$Q$2:$Q$5000,"<="&$C18,Données!$B$2:$B$5000,$B$3)) -> 0 | J18: =IF($B18="","",SUMIFS(Données!$O$2:$O$5000,Données!$Q$2:$Q$5000,">="&$B18,Données!$Q$2:$Q$5000,"<="&$C18,Données!$B$2:$B$5000,$B$3)) -> 0 | K18: =IF($B18="","",SUMIFS(Données!$N$2:$N$5000,Données!$Q$2:$Q$5000,">="&$B18,Données!$Q$2:$Q$5000,"<="&$C18,Données!$B$2:$B$5000,$B$3)) -> 0 | L18: =IF($B18="","",IFERROR(K18/J18,0)) -> 0 | M18: =IF($B18="","",SUMIFS(Données!$S$2:$S$5000,Données!$Q$2:$Q$5000,">="&$B18,Données!$Q$2:$Q$5000,"<="&$C18,Données!$B$2:$B$5000,$B$3)) -> 0 | N18: =IF($B18="","",IFERROR(M18/J18,0)) -> 0 | O18: =IF($B18="","",SUMIFS(Données!$X$2:$X$5000,Données!$Q$2:$Q$5000,">="&$B18,Données!$Q$2:$Q$5000,"<="&$C18,Données!$B$2:$B$5000,$B$3)) -> 0
... A29: =IF(B29="","",CHOOSE(MONTH(B29),"Janvier","Février","Mars","Avril","Mai","Juin","Juillet","Août","Septembre","Octobre","Novembre","Décembre")&" "&YEAR(B29)) | B29: =IF(B28="","",IF(EDATE(B28,1)>MAX(Données!$Q$2:$Q$5000),"",EDATE(B28,1))) | C29: =IF(B29="","",EDATE(B29,1)-1) | D29: =IF($B29="","",COUNTIFS(Données!$Q$2:$Q$5000,">="&$B29,Données!$Q$2:$Q$5000,"<="&$C29,Données!$B$2:$B$5000,$B$3,Données!$O$2:$O$5000,">0")) | E29: =IF($B29="","",COUNTIFS(Données!$Q$2:$Q$5000,">="&$B29,Données!$Q$2:$Q$5000,"<="&$C29,Données!$B$2:$B$5000,$B$3,Données!$M$2:$M$5000,"Abs")) | F29: =IF($B29="","",IFERROR(E29/D29,0)) | G29: =IF($B29="","",COUNTIFS(Données!$Q$2:$Q$5000,">="&$B29,Données!$Q$2:$Q$5000,"<="&$C29,Données!$B$2:$B$5000,$B$3,Données!$I$2:$I$5000,">0")) | H29: =IF($B29="","",SUMIFS(Données!$I$2:$I$5000,Données!$Q$2:$Q$5000,">="&$B29,Données!$Q$2:$Q$5000,"<="&$C29,Données!$B$2:$B$5000,$B$3)) | I29: =IF($B29="","",SUMIFS(Données!$L$2:$L$5000,Données!$Q$2:$Q$5000,">="&$B29,Données!$Q$2:$Q$5000,"<="&$C29,Données!$B$2:$B$5000,$B$3)) | J29: =IF($B29="","",SUMIFS(Données!$O$2:$O$5000,Données!$Q$2:$Q$5000,">="&$B29,Données!$Q$2:$Q$5000,"<="&$C29,Données!$B$2:$B$5000,$B$3)) | K29: =IF($B29="","",SUMIFS(Données!$N$2:$N$5000,Données!$Q$2:$Q$5000,">="&$B29,Données!$Q$2:$Q$5000,"<="&$C29,Données!$B$2:$B$5000,$B$3)) | L29: =IF($B29="","",IFERROR(K29/J29,0)) | M29: =IF($B29="","",SUMIFS(Données!$S$2:$S$5000,Données!$Q$2:$Q$5000,">="&$B29,Données!$Q$2:$Q$5000,"<="&$C29,Données!$B$2:$B$5000,$B$3)) | N29: =IF($B29="","",IFERROR(M29/J29,0)) | O29: =IF($B29="","",SUMIFS(Données!$X$2:$X$5000,Données!$Q$2:$Q$5000,">="&$B29,Données!$Q$2:$Q$5000,"<="&$C29,Données!$B$2:$B$5000,$B$3))

Sheet Données
A1: Clé semaine (ISO) | B1: Nom De l'agent | C1: Hr début shift Réalisée | D1: Hr début shift Planifiée | E1: Hr fin shift Réalisée | F1: Hr Fin shift Planifiée | G1: Durée de la Pause Dej | H1: Dépassement des pauses | I1: Retard Debut de shift | J1: Retard Dej | K1: Somme des retards | L1: Départs Anticipés | M1: Absences | N1: Hr Adhérée | O1: Hr Planifiée | P1: Segment | Q1: Date | R1: Hr Abs Pure | S1: Hr Abs Totales | T1: Semaine | U1: Mois | V1: Année | W1: VTO | X1: Heures SUP | Y1: Team | Z1: Business | AA1: Fichier source | AB1: Congé payé | AC1: Congé sans solde | AD1: Congé spécial | AE1: Jour férié | AF1: Commentaire | AG1: Plannif spécial
A2: =YEAR(Q2-WEEKDAY(Q2,2)+4)&"-S"&TEXT(WEEKNUM(Q2,21),"00") -> 2025-S47 | B2: BENCHRIF HAFSSA | C2: 0.33333333 | D2: 0.33333333 | E2: 0.75 | F2: 0.75 | I2: =IF(IF(OR(C2="",D2="Congé",D2="OFF",D2="Congé spécial"),"",IF(D2>F2,D2-C2,IF(C2-D2<0,0,C2-D2)))<0.00068287037037037,"",IF(OR(D2="Congé",D2="OFF",C2="",D2="Congé spécial"),"",IF(D2>F2,D2-C2,IF(C2-D2<0,0,C2-D2)))) | K2: =IF(SUM(H2:J2)<0.00068287037037037,0,SUM(H2:J2)) -> 0 | L2: =IF(OR(F2="Congé",F2="OFF",M2="Abs",F2="Congé sans solde",F2="Férié",F2="Congé spécial",D2="Congé spécial"),0,IF(F2-E2<0,0,IF(F2-E2<=0.00068287037037037,0,F2-E2))) -> 0 | M2: =IF(AND(O2<>0,C2=""),"Abs",0) -> 0 | N2: =IFERROR(IF(OR(D2="OFF",D2="Congé",M2="Abs",D2="Congé sans solde",D2="Férié"),"",IF(O2-K2-L2>O2,O2,IF(O2-K2-L2<0,"",O2-K2-L2))),"") -> 0.375 | O2: =IF(AG2="2H Pause déjeuner",IF(F2-D2-0.0833333333333333<0,F2-D2-0.0833333333333333+1,F2-D2-0.0833333333333333),IF(OR(AND(F2="OFF",D2="OFF"),AND(F2="Congé",D2="Congé"),AND(F2="Congé sans solde",D2="Congé sans solde"),AND(F2="Congé spécial",D2="Congé spécial"),AND(F2="Férié",D2="Férié"),AND(F2="OFF",D2="Congé"),AND(F2="OFF",D2="Congé sans solde"),AND(F2="OFF",D2="Congé spécial"),AND(F2="OFF",D2="Férié"),AND(F2="Congé",D2="OFF"),AND(F2="Congé",D2="Congé sans solde"),AND(F2="Congé",D2="Congé spécial"),AND(F2="Congé",D2="Férié"),AND(F2="Congé sans solde",D2="OFF"),AND(F2="Congé sans solde",D2="Congé"),AND(F2="Congé sans solde",D2="Congé spécial"),AND(F2="Congé sans solde",D2="Férié"),AND(F2="Congé spécial",D2="OFF"),AND(F2="Congé spécial",D2="Congé"),AND(F2="Congé spécial",D2="Congé sans solde"),AND(F2="Congé spécial",D2="Férié"),AND(F2="Férié",D2="OFF"),AND(F2="Férié",D2="Congé"),AND(F2="Férié",D2="Congé sans solde"),AND(F2="Férié",D2="Congé spécial")),0,IF(OR(F2="OFF",F2="Congé",F2="Congé spécial",F2="Congé sans solde",D2="OFF",D2="Congé",D2="Congé spécial",D2="Congé sans solde"),0.208333333333334,IF(AND(AG2="",F2-D2<0),("24:00:00"-D2)+("00:00:00"+F2)-0.0416666666666667,IF(AND(OR(AG2="Allaitement",AG2="Sans déjeuner"),F2-D2<0),("24:00:00"-D2)+("00:00:00"+F2),IF(AND(AG2="",F2-D2>0.166666666666667),F2-D2-0.0416666666666667,IF(AND(OR(AG2="Allaitement",AG2="Sans déjeuner"),F2-D2>0.166666666666667),F2-D2,F2-D2))))))) -> 0.375 | P2: =IFERROR(VLOOKUP($B2,Agents!$A:$D,2,0),"-") -> Accessibilité | Q2: 45982 | R2: =IF(M2="Abs",O2,0) -> 0 | S2: =SUM(R2,L2,I2,J2,W2,H2) -> 0 | T2: ="Sem - "&WEEKNUM(Q2,21) -> Sem - 47 | U2: =CHOOSE(MONTH(Q2),"Janvier","Février","Mars","Avril","Mai","Juin","Juillet","Août","Septembre","Octobre","Novembre","Décembre") -> Novembre | V2: =YEAR(Q2) -> 2025 | X2: =IFERROR(IF(M2="Abs",0,IF(ROUND((D2-C2+E2-F2)*1440,0)<=1,0,D2-C2+E2-F2)),0) -> 0 | Y2: =IFERROR(VLOOKUP($B2,Agents!$A:$D,3,0),"-") -> OUBRAHIM Mohammed | Z2: =IFERROR(VLOOKUP($B2,Agents!$A:$D,4,0),"-") -> Credit Mutuel | AA2: S47-2025 | AB2: =IF(AND(D2="Congé",F2="Congé"),0.333333333333333,IF(OR(AND(D2="Congé",F2<>"Congé"),(AND(F2="Congé",D2<>"Congé"))),0.166666666666667,"")) | AC2: =IF(AND(D2="Congé sans solde",F2="Congé sans solde"),0.333333333333333,IF(OR(AND(D2="Congé sans solde",F2<>"Congé sans solde"),(AND(F2="Congé sans solde",D2<>"Congé sans solde"))),0.166666666666667,"")) | AD2: =IF(AND(D2="Congé spécial",F2="Congé spécial"),0.333333333333333,IF(OR(AND(D2="Congé spécial",F2<>"Congé spécial"),AND(F2="Congé spécial",D2<>"Congé spécial")),0.166666666666667,"")) | AE2: =IF(AND(D2="Férié",F2="Férié"),0.333333333333333,IF(OR(AND(D2="Férié",F2<>"Férié"),(AND(F2="Férié",D2<>"Férié"))),0.166666666666667,""))
A3: =YEAR(Q3-WEEKDAY(Q3,2)+4)&"-S"&TEXT(WEEKNUM(Q3,21),"00") -> 2025-S47 | B3: LISSAOUI HIBA | C3: 0.33333333 | D3: 0.33333333 | E3: 0.75 | F3: 0.75 | I3: =IF(IF(OR(C3="",D3="Congé",D3="OFF",D3="Congé spécial"),"",IF(D3>F3,D3-C3,IF(C3-D3<0,0,C3-D3)))<0.00068287037037037,"",IF(OR(D3="Congé",D3="OFF",C3="",D3="Congé spécial"),"",IF(D3>F3,D3-C3,IF(C3-D3<0,0,C3-D3)))) | K3: =IF(SUM(H3:J3)<0.00068287037037037,0,SUM(H3:J3)) -> 0 | L3: =IF(OR(F3="Congé",F3="OFF",M3="Abs",F3="Congé sans solde",F3="Férié",F3="Congé spécial",D3="Congé spécial"),0,IF(F3-E3<0,0,IF(F3-E3<=0.00068287037037037,0,F3-E3))) -> 0 | M3: =IF(AND(O3<>0,C3=""),"Abs",0) -> 0 | N3: =IFERROR(IF(OR(D3="OFF",D3="Congé",M3="Abs",D3="Congé sans solde",D3="Férié"),"",IF(O3-K3-L3>O3,O3,IF(O3-K3-L3<0,"",O3-K3-L3))),"") -> 0.375 | O3: =IF(AG3="2H Pause déjeuner",IF(F3-D3-0.0833333333333333<0,F3-D3-0.0833333333333333+1,F3-D3-0.0833333333333333),IF(OR(AND(F3="OFF",D3="OFF"),AND(F3="Congé",D3="Congé"),AND(F3="Congé sans solde",D3="Congé sans solde"),AND(F3="Congé spécial",D3="Congé spécial"),AND(F3="Férié",D3="Férié"),AND(F3="OFF",D3="Congé"),AND(F3="OFF",D3="Congé sans solde"),AND(F3="OFF",D3="Congé spécial"),AND(F3="OFF",D3="Férié"),AND(F3="Congé",D3="OFF"),AND(F3="Congé",D3="Congé sans solde"),AND(F3="Congé",D3="Congé spécial"),AND(F3="Congé",D3="Férié"),AND(F3="Congé sans solde",D3="OFF"),AND(F3="Congé sans solde",D3="Congé"),AND(F3="Congé sans solde",D3="Congé spécial"),AND(F3="Congé sans solde",D3="Férié"),AND(F3="Congé spécial",D3="OFF"),AND(F3="Congé spécial",D3="Congé"),AND(F3="Congé spécial",D3="Congé sans solde"),AND(F3="Congé spécial",D3="Férié"),AND(F3="Férié",D3="OFF"),AND(F3="Férié",D3="Congé"),AND(F3="Férié",D3="Congé sans solde"),AND(F3="Férié",D3="Congé spécial")),0,IF(OR(F3="OFF",F3="Congé",F3="Congé spécial",F3="Congé sans solde",D3="OFF",D3="Congé",D3="Congé spécial",D3="Congé sans solde"),0.208333333333334,IF(AND(AG3="",F3-D3<0),("24:00:00"-D3)+("00:00:00"+F3)-0.0416666666666667,IF(AND(OR(AG3="Allaitement",AG3="Sans déjeuner"),F3-D3<0),("24:00:00"-D3)+("00:00:00"+F3),IF(AND(AG3="",F3-D3>0.166666666666667),F3-D3-0.0416666666666667,IF(AND(OR(AG3="Allaitement",AG3="Sans déjeuner"),F3-D3>0.166666666666667),F3-D3,F3-D3))))))) -> 0.375 | P3: =IFERROR(VLOOKUP($B3,Agents!$A:$D,2,0),"-") -> Accessibilité | Q3: 45982 | R3: =IF(M3="Abs",O3,0) -> 0 | S3: =SUM(R3,L3,I3,J3,W3,H3) -> 0 | T3: ="Sem - "&WEEKNUM(Q3,21) -> Sem - 47 | U3: =CHOOSE(MONTH(Q3),"Janvier","Février","Mars","Avril","Mai","Juin","Juillet","Août","Septembre","Octobre","Novembre","Décembre") -> Novembre | V3: =YEAR(Q3) -> 2025 | X3: =IFERROR(IF(M3="Abs",0,IF(ROUND((D3-C3+E3-F3)*1440,0)<=1,0,D3-C3+E3-F3)),0) -> 0 | Y3: =IFERROR(VLOOKUP($B3,Agents!$A:$D,3,0),"-") -> OUBRAHIM Mohammed | Z3: =IFERROR(VLOOKUP($B3,Agents!$A:$D,4,0),"-") -> Credit Mutuel | AA3: S47-2025 | AB3: =IF(AND(D3="Congé",F3="Congé"),0.333333333333333,IF(OR(AND(D3="Congé",F3<>"Congé"),(AND(F3="Congé",D3<>"Congé"))),0.166666666666667,"")) | AC3: =IF(AND(D3="Congé sans solde",F3="Congé sans solde"),0.333333333333333,IF(OR(AND(D3="Congé sans solde",F3<>"Congé sans solde"),(AND(F3="Congé sans solde",D3<>"Congé sans solde"))),0.166666666666667,"")) | AD3: =IF(AND(D3="Congé spécial",F3="Congé spécial"),0.333333333333333,IF(OR(AND(D3="Congé spécial",F3<>"Congé spécial"),AND(F3="Congé spécial",D3<>"Congé spécial")),0.166666666666667,"")) | AE3: =IF(AND(D3="Férié",F3="Férié"),0.333333333333333,IF(OR(AND(D3="Férié",F3<>"Férié"),(AND(F3="Férié",D3<>"Férié"))),0.166666666666667,""))
A4: =YEAR(Q4-WEEKDAY(Q4,2)+4)&"-S"&TEXT(WEEKNUM(Q4,21),"00") -> 2025-S47 | B4: RMAIDI IMAD | C4: 0.33333333 | D4: 0.33333333 | E4: 0.75 | F4: 0.75 | I4: =IF(IF(OR(C4="",D4="Congé",D4="OFF",D4="Congé spécial"),"",IF(D4>F4,D4-C4,IF(C4-D4<0,0,C4-D4)))<0.00068287037037037,"",IF(OR(D4="Congé",D4="OFF",C4="",D4="Congé spécial"),"",IF(D4>F4,D4-C4,IF(C4-D4<0,0,C4-D4)))) | K4: =IF(SUM(H4:J4)<0.00068287037037037,0,SUM(H4:J4)) -> 0 | L4: =IF(OR(F4="Congé",F4="OFF",M4="Abs",F4="Congé sans solde",F4="Férié",F4="Congé spécial",D4="Congé spécial"),0,IF(F4-E4<0,0,IF(F4-E4<=0.00068287037037037,0,F4-E4))) -> 0 | M4: =IF(AND(O4<>0,C4=""),"Abs",0) -> 0 | N4: =IFERROR(IF(OR(D4="OFF",D4="Congé",M4="Abs",D4="Congé sans solde",D4="Férié"),"",IF(O4-K4-L4>O4,O4,IF(O4-K4-L4<0,"",O4-K4-L4))),"") -> 0.375 | O4: =IF(AG4="2H Pause déjeuner",IF(F4-D4-0.0833333333333333<0,F4-D4-0.0833333333333333+1,F4-D4-0.0833333333333333),IF(OR(AND(F4="OFF",D4="OFF"),AND(F4="Congé",D4="Congé"),AND(F4="Congé sans solde",D4="Congé sans solde"),AND(F4="Congé spécial",D4="Congé spécial"),AND(F4="Férié",D4="Férié"),AND(F4="OFF",D4="Congé"),AND(F4="OFF",D4="Congé sans solde"),AND(F4="OFF",D4="Congé spécial"),AND(F4="OFF",D4="Férié"),AND(F4="Congé",D4="OFF"),AND(F4="Congé",D4="Congé sans solde"),AND(F4="Congé",D4="Congé spécial"),AND(F4="Congé",D4="Férié"),AND(F4="Congé sans solde",D4="OFF"),AND(F4="Congé sans solde",D4="Congé"),AND(F4="Congé sans solde",D4="Congé spécial"),AND(F4="Congé sans solde",D4="Férié"),AND(F4="Congé spécial",D4="OFF"),AND(F4="Congé spécial",D4="Congé"),AND(F4="Congé spécial",D4="Congé sans solde"),AND(F4="Congé spécial",D4="Férié"),AND(F4="Férié",D4="OFF"),AND(F4="Férié",D4="Congé"),AND(F4="Férié",D4="Congé sans solde"),AND(F4="Férié",D4="Congé spécial")),0,IF(OR(F4="OFF",F4="Congé",F4="Congé spécial",F4="Congé sans solde",D4="OFF",D4="Congé",D4="Congé spécial",D4="Congé sans solde"),0.208333333333334,IF(AND(AG4="",F4-D4<0),("24:00:00"-D4)+("00:00:00"+F4)-0.0416666666666667,IF(AND(OR(AG4="Allaitement",AG4="Sans déjeuner"),F4-D4<0),("24:00:00"-D4)+("00:00:00"+F4),IF(AND(AG4="",F4-D4>0.166666666666667),F4-D4-0.0416666666666667,IF(AND(OR(AG4="Allaitement",AG4="Sans déjeuner"),F4-D4>0.166666666666667),F4-D4,F4-D4))))))) -> 0.375 | P4: =IFERROR(VLOOKUP($B4,Agents!$A:$D,2,0),"-") -> Accessibilité | Q4: 45982 | R4: =IF(M4="Abs",O4,0) -> 0 | S4: =SUM(R4,L4,I4,J4,W4,H4) -> 0 | T4: ="Sem - "&WEEKNUM(Q4,21) -> Sem - 47 | U4: =CHOOSE(MONTH(Q4),"Janvier","Février","Mars","Avril","Mai","Juin","Juillet","Août","Septembre","Octobre","Novembre","Décembre") -> Novembre | V4: =YEAR(Q4) -> 2025 | X4: =IFERROR(IF(M4="Abs",0,IF(ROUND((D4-C4+E4-F4)*1440,0)<=1,0,D4-C4+E4-F4)),0) -> 0 | Y4: =IFERROR(VLOOKUP($B4,Agents!$A:$D,3,0),"-") -> OUBRAHIM Mohammed | Z4: =IFERROR(VLOOKUP($B4,Agents!$A:$D,4,0),"-") -> Credit Mutuel | AA4: S47-2025 | AB4: =IF(AND(D4="Congé",F4="Congé"),0.333333333333333,IF(OR(AND(D4="Congé",F4<>"Congé"),(AND(F4="Congé",D4<>"Congé"))),0.166666666666667,"")) | AC4: =IF(AND(D4="Congé sans solde",F4="Congé sans solde"),0.333333333333333,IF(OR(AND(D4="Congé sans solde",F4<>"Congé sans solde"),(AND(F4="Congé sans solde",D4<>"Congé sans solde"))),0.166666666666667,"")) | AD4: =IF(AND(D4="Congé spécial",F4="Congé spécial"),0.333333333333333,IF(OR(AND(D4="Congé spécial",F4<>"Congé spécial"),AND(F4="Congé spécial",D4<>"Congé spécial")),0.166666666666667,"")) | AE4: =IF(AND(D4="Férié",F4="Férié"),0.333333333333333,IF(OR(AND(D4="Férié",F4<>"Férié"),(AND(F4="Férié",D4<>"Férié"))),0.166666666666667,""))
A5: =YEAR(Q5-WEEKDAY(Q5,2)+4)&"-S"&TEXT(WEEKNUM(Q5,21),"00") -> 2025-S47 | B5: HAMDANI MOHAMED | C5: 0.33333333 | D5: 0.33333333 | E5: 0.75 | F5: 0.75 | I5: =IF(IF(OR(C5="",D5="Congé",D5="OFF",D5="Congé spécial"),"",IF(D5>F5,D5-C5,IF(C5-D5<0,0,C5-D5)))<0.00068287037037037,"",IF(OR(D5="Congé",D5="OFF",C5="",D5="Congé spécial"),"",IF(D5>F5,D5-C5,IF(C5-D5<0,0,C5-D5)))) | K5: =IF(SUM(H5:J5)<0.00068287037037037,0,SUM(H5:J5)) -> 0 | L5: =IF(OR(F5="Congé",F5="OFF",M5="Abs",F5="Congé sans solde",F5="Férié",F5="Congé spécial",D5="Congé spécial"),0,IF(F5-E5<0,0,IF(F5-E5<=0.00068287037037037,0,F5-E5))) -> 0 | M5: =IF(AND(O5<>0,C5=""),"Abs",0) -> 0 | N5: =IFERROR(IF(OR(D5="OFF",D5="Congé",M5="Abs",D5="Congé sans solde",D5="Férié"),"",IF(O5-K5-L5>O5,O5,IF(O5-K5-L5<0,"",O5-K5-L5))),"") -> 0.375 | O5: =IF(AG5="2H Pause déjeuner",IF(F5-D5-0.0833333333333333<0,F5-D5-0.0833333333333333+1,F5-D5-0.0833333333333333),IF(OR(AND(F5="OFF",D5="OFF"),AND(F5="Congé",D5="Congé"),AND(F5="Congé sans solde",D5="Congé sans solde"),AND(F5="Congé spécial",D5="Congé spécial"),AND(F5="Férié",D5="Férié"),AND(F5="OFF",D5="Congé"),AND(F5="OFF",D5="Congé sans solde"),AND(F5="OFF",D5="Congé spécial"),AND(F5="OFF",D5="Férié"),AND(F5="Congé",D5="OFF"),AND(F5="Congé",D5="Congé sans solde"),AND(F5="Congé",D5="Congé spécial"),AND(F5="Congé",D5="Férié"),AND(F5="Congé sans solde",D5="OFF"),AND(F5="Congé sans solde",D5="Congé"),AND(F5="Congé sans solde",D5="Congé spécial"),AND(F5="Congé sans solde",D5="Férié"),AND(F5="Congé spécial",D5="OFF"),AND(F5="Congé spécial",D5="Congé"),AND(F5="Congé spécial",D5="Congé sans solde"),AND(F5="Congé spécial",D5="Férié"),AND(F5="Férié",D5="OFF"),AND(F5="Férié",D5="Congé"),AND(F5="Férié",D5="Congé sans solde"),AND(F5="Férié",D5="Congé spécial")),0,IF(OR(F5="OFF",F5="Congé",F5="Congé spécial",F5="Congé sans solde",D5="OFF",D5="Congé",D5="Congé spécial",D5="Congé sans solde"),0.208333333333334,IF(AND(AG5="",F5-D5<0),("24:00:00"-D5)+("00:00:00"+F5)-0.0416666666666667,IF(AND(OR(AG5="Allaitement",AG5="Sans déjeuner"),F5-D5<0),("24:00:00"-D5)+("00:00:00"+F5),IF(AND(AG5="",F5-D5>0.166666666666667),F5-D5-0.0416666666666667,IF(AND(OR(AG5="Allaitement",AG5="Sans déjeuner"),F5-D5>0.166666666666667),F5-D5,F5-D5))))))) -> 0.375 | P5: =IFERROR(VLOOKUP($B5,Agents!$A:$D,2,0),"-") -> Accessibilité | Q5: 45982 | R5: =IF(M5="Abs",O5,0) -> 0 | S5: =SUM(R5,L5,I5,J5,W5,H5) -> 0 | T5: ="Sem - "&WEEKNUM(Q5,21) -> Sem - 47 | U5: =CHOOSE(MONTH(Q5),"Janvier","Février","Mars","Avril","Mai","Juin","Juillet","Août","Septembre","Octobre","Novembre","Décembre") -> Novembre | V5: =YEAR(Q5) -> 2025 | X5: =IFERROR(IF(M5="Abs",0,IF(ROUND((D5-C5+E5-F5)*1440,0)<=1,0,D5-C5+E5-F5)),0) -> 0 | Y5: =IFERROR(VLOOKUP($B5,Agents!$A:$D,3,0),"-") -> OUBRAHIM Mohammed | Z5: =IFERROR(VLOOKUP($B5,Agents!$A:$D,4,0),"-") -> Credit Mutuel | AA5: S47-2025 | AB5: =IF(AND(D5="Congé",F5="Congé"),0.333333333333333,IF(OR(AND(D5="Congé",F5<>"Congé"),(AND(F5="Congé",D5<>"Congé"))),0.166666666666667,"")) | AC5: =IF(AND(D5="Congé sans solde",F5="Congé sans solde"),0.333333333333333,IF(OR(AND(D5="Congé sans solde",F5<>"Congé sans solde"),(AND(F5="Congé sans solde",D5<>"Congé sans solde"))),0.166666666666667,"")) | AD5: =IF(AND(D5="Congé spécial",F5="Congé spécial"),0.333333333333333,IF(OR(AND(D5="Congé spécial",F5<>"Congé spécial"),AND(F5="Congé spécial",D5<>"Congé spécial")),0.166666666666667,"")) | AE5: =IF(AND(D5="Férié",F5="Férié"),0.333333333333333,IF(OR(AND(D5="Férié",F5<>"Férié"),(AND(F5="Férié",D5<>"Férié"))),0.166666666666667,""))
A6: =YEAR(Q6-WEEKDAY(Q6,2)+4)&"-S"&TEXT(WEEKNUM(Q6,21),"00") -> 2025-S47 | B6: BENCHRIF HAFSSA | D6: OFF | F6: OFF | I6: =IF(IF(OR(C6="",D6="Congé",D6="OFF",D6="Congé spécial"),"",IF(D6>F6,D6-C6,IF(C6-D6<0,0,C6-D6)))<0.00068287037037037,"",IF(OR(D6="Congé",D6="OFF",C6="",D6="Congé spécial"),"",IF(D6>F6,D6-C6,IF(C6-D6<0,0,C6-D6)))) | K6: =IF(SUM(H6:J6)<0.00068287037037037,0,SUM(H6:J6)) -> 0 | L6: =IF(OR(F6="Congé",F6="OFF",M6="Abs",F6="Congé sans solde",F6="Férié",F6="Congé spécial",D6="Congé spécial"),0,IF(F6-E6<0,0,IF(F6-E6<=0.00068287037037037,0,F6-E6))) -> 0 | M6: =IF(AND(O6<>0,C6=""),"Abs",0) -> 0 | N6: =IFERROR(IF(OR(D6="OFF",D6="Congé",M6="Abs",D6="Congé sans solde",D6="Férié"),"",IF(O6-K6-L6>O6,O6,IF(O6-K6-L6<0,"",O6-K6-L6))),"") | O6: =IF(AG6="2H Pause déjeuner",IF(F6-D6-0.0833333333333333<0,F6-D6-0.0833333333333333+1,F6-D6-0.0833333333333333),IF(OR(AND(F6="OFF",D6="OFF"),AND(F6="Congé",D6="Congé"),AND(F6="Congé sans solde",D6="Congé sans solde"),AND(F6="Congé spécial",D6="Congé spécial"),AND(F6="Férié",D6="Férié"),AND(F6="OFF",D6="Congé"),AND(F6="OFF",D6="Congé sans solde"),AND(F6="OFF",D6="Congé spécial"),AND(F6="OFF",D6="Férié"),AND(F6="Congé",D6="OFF"),AND(F6="Congé",D6="Congé sans solde"),AND(F6="Congé",D6="Congé spécial"),AND(F6="Congé",D6="Férié"),AND(F6="Congé sans solde",D6="OFF"),AND(F6="Congé sans solde",D6="Congé"),AND(F6="Congé sans solde",D6="Congé spécial"),AND(F6="Congé sans solde",D6="Férié"),AND(F6="Congé spécial",D6="OFF"),AND(F6="Congé spécial",D6="Congé"),AND(F6="Congé spécial",D6="Congé sans solde"),AND(F6="Congé spécial",D6="Férié"),AND(F6="Férié",D6="OFF"),AND(F6="Férié",D6="Congé"),AND(F6="Férié",D6="Congé sans solde"),AND(F6="Férié",D6="Congé spécial")),0,IF(OR(F6="OFF",F6="Congé",F6="Congé spécial",F6="Congé sans solde",D6="OFF",D6="Congé",D6="Congé spécial",D6="Congé sans solde"),0.208333333333334,IF(AND(AG6="",F6-D6<0),("24:00:00"-D6)+("00:00:00"+F6)-0.0416666666666667,IF(AND(OR(AG6="Allaitement",AG6="Sans déjeuner"),F6-D6<0),("24:00:00"-D6)+("00:00:00"+F6),IF(AND(AG6="",F6-D6>0.166666666666667),F6-D6-0.0416666666666667,IF(AND(OR(AG6="Allaitement",AG6="Sans déjeuner"),F6-D6>0.166666666666667),F6-D6,F6-D6))))))) -> 0 | P6: =IFERROR(VLOOKUP($B6,Agents!$A:$D,2,0),"-") -> Accessibilité | Q6: 45983 | R6: =IF(M6="Abs",O6,0) -> 0 | S6: =SUM(R6,L6,I6,J6,W6,H6) -> 0 | T6: ="Sem - "&WEEKNUM(Q6,21) -> Sem - 47 | U6: =CHOOSE(MONTH(Q6),"Janvier","Février","Mars","Avril","Mai","Juin","Juillet","Août","Septembre","Octobre","Novembre","Décembre") -> Novembre | V6: =YEAR(Q6) -> 2025 | X6: =IFERROR(IF(M6="Abs",0,IF(ROUND((D6-C6+E6-F6)*1440,0)<=1,0,D6-C6+E6-F6)),0) -> 0 | Y6: =IFERROR(VLOOKUP($B6,Agents!$A:$D,3,0),"-") -> OUBRAHIM Mohammed | Z6: =IFERROR(VLOOKUP($B6,Agents!$A:$D,4,0),"-") -> Credit Mutuel | AA6: S47-2025 | AB6: =IF(AND(D6="Congé",F6="Congé"),0.333333333333333,IF(OR(AND(D6="Congé",F6<>"Congé"),(AND(F6="Congé",D6<>"Congé"))),0.166666666666667,"")) | AC6: =IF(AND(D6="Congé sans solde",F6="Congé sans solde"),0.333333333333333,IF(OR(AND(D6="Congé sans solde",F6<>"Congé sans solde"),(AND(F6="Congé sans solde",D6<>"Congé sans solde"))),0.166666666666667,"")) | AD6: =IF(AND(D6="Congé spécial",F6="Congé spécial"),0.333333333333333,IF(OR(AND(D6="Congé spécial",F6<>"Congé spécial"),AND(F6="Congé spécial",D6<>"Congé spécial")),0.166666666666667,"")) | AE6: =IF(AND(D6="Férié",F6="Férié"),0.333333333333333,IF(OR(AND(D6="Férié",F6<>"Férié"),(AND(F6="Férié",D6<>"Férié"))),0.166666666666667,""))
A7: =YEAR(Q7-WEEKDAY(Q7,2)+4)&"-S"&TEXT(WEEKNUM(Q7,21),"00") -> 2025-S47 | B7: LISSAOUI HIBA | D7: OFF | F7: OFF | I7: =IF(IF(OR(C7="",D7="Congé",D7="OFF",D7="Congé spécial"),"",IF(D7>F7,D7-C7,IF(C7-D7<0,0,C7-D7)))<0.00068287037037037,"",IF(OR(D7="Congé",D7="OFF",C7="",D7="Congé spécial"),"",IF(D7>F7,D7-C7,IF(C7-D7<0,0,C7-D7)))) | K7: =IF(SUM(H7:J7)<0.00068287037037037,0,SUM(H7:J7)) -> 0 | L7: =IF(OR(F7="Congé",F7="OFF",M7="Abs",F7="Congé sans solde",F7="Férié",F7="Congé spécial",D7="Congé spécial"),0,IF(F7-E7<0,0,IF(F7-E7<=0.00068287037037037,0,F7-E7))) -> 0 | M7: =IF(AND(O7<>0,C7=""),"Abs",0) -> 0 | N7: =IFERROR(IF(OR(D7="OFF",D7="Congé",M7="Abs",D7="Congé sans solde",D7="Férié"),"",IF(O7-K7-L7>O7,O7,IF(O7-K7-L7<0,"",O7-K7-L7))),"") | O7: =IF(AG7="2H Pause déjeuner",IF(F7-D7-0.0833333333333333<0,F7-D7-0.0833333333333333+1,F7-D7-0.0833333333333333),IF(OR(AND(F7="OFF",D7="OFF"),AND(F7="Congé",D7="Congé"),AND(F7="Congé sans solde",D7="Congé sans solde"),AND(F7="Congé spécial",D7="Congé spécial"),AND(F7="Férié",D7="Férié"),AND(F7="OFF",D7="Congé"),AND(F7="OFF",D7="Congé sans solde"),AND(F7="OFF",D7="Congé spécial"),AND(F7="OFF",D7="Férié"),AND(F7="Congé",D7="OFF"),AND(F7="Congé",D7="Congé sans solde"),AND(F7="Congé",D7="Congé spécial"),AND(F7="Congé",D7="Férié"),AND(F7="Congé sans solde",D7="OFF"),AND(F7="Congé sans solde",D7="Congé"),AND(F7="Congé sans solde",D7="Congé spécial"),AND(F7="Congé sans solde",D7="Férié"),AND(F7="Congé spécial",D7="OFF"),AND(F7="Congé spécial",D7="Congé"),AND(F7="Congé spécial",D7="Congé sans solde"),AND(F7="Congé spécial",D7="Férié"),AND(F7="Férié",D7="OFF"),AND(F7="Férié",D7="Congé"),AND(F7="Férié",D7="Congé sans solde"),AND(F7="Férié",D7="Congé spécial")),0,IF(OR(F7="OFF",F7="Congé",F7="Congé spécial",F7="Congé sans solde",D7="OFF",D7="Congé",D7="Congé spécial",D7="Congé sans solde"),0.208333333333334,IF(AND(AG7="",F7-D7<0),("24:00:00"-D7)+("00:00:00"+F7)-0.0416666666666667,IF(AND(OR(AG7="Allaitement",AG7="Sans déjeuner"),F7-D7<0),("24:00:00"-D7)+("00:00:00"+F7),IF(AND(AG7="",F7-D7>0.166666666666667),F7-D7-0.0416666666666667,IF(AND(OR(AG7="Allaitement",AG7="Sans déjeuner"),F7-D7>0.166666666666667),F7-D7,F7-D7))))))) -> 0 | P7: =IFERROR(VLOOKUP($B7,Agents!$A:$D,2,0),"-") -> Accessibilité | Q7: 45983 | R7: =IF(M7="Abs",O7,0) -> 0 | S7: =SUM(R7,L7,I7,J7,W7,H7) -> 0 | T7: ="Sem - "&WEEKNUM(Q7,21) -> Sem - 47 | U7: =CHOOSE(MONTH(Q7),"Janvier","Février","Mars","Avril","Mai","Juin","Juillet","Août","Septembre","Octobre","Novembre","Décembre") -> Novembre | V7: =YEAR(Q7) -> 2025 | X7: =IFERROR(IF(M7="Abs",0,IF(ROUND((D7-C7+E7-F7)*1440,0)<=1,0,D7-C7+E7-F7)),0) -> 0 | Y7: =IFERROR(VLOOKUP($B7,Agents!$A:$D,3,0),"-") -> OUBRAHIM Mohammed | Z7: =IFERROR(VLOOKUP($B7,Agents!$A:$D,4,0),"-") -> Credit Mutuel | AA7: S47-2025 | AB7: =IF(AND(D7="Congé",F7="Congé"),0.333333333333333,IF(OR(AND(D7="Congé",F7<>"Congé"),(AND(F7="Congé",D7<>"Congé"))),0.166666666666667,"")) | AC7: =IF(AND(D7="Congé sans solde",F7="Congé sans solde"),0.333333333333333,IF(OR(AND(D7="Congé sans solde",F7<>"Congé sans solde"),(AND(F7="Congé sans solde",D7<>"Congé sans solde"))),0.166666666666667,"")) | AD7: =IF(AND(D7="Congé spécial",F7="Congé spécial"),0.333333333333333,IF(OR(AND(D7="Congé spécial",F7<>"Congé spécial"),AND(F7="Congé spécial",D7<>"Congé spécial")),0.166666666666667,"")) | AE7: =IF(AND(D7="Férié",F7="Férié"),0.333333333333333,IF(OR(AND(D7="Férié",F7<>"Férié"),(AND(F7="Férié",D7<>"Férié"))),0.166666666666667,""))
A8: =YEAR(Q8-WEEKDAY(Q8,2)+4)&"-S"&TEXT(WEEKNUM(Q8,21),"00") -> 2025-S47 | B8: RMAIDI IMAD | D8: OFF | F8: OFF | I8: =IF(IF(OR(C8="",D8="Congé",D8="OFF",D8="Congé spécial"),"",IF(D8>F8,D8-C8,IF(C8-D8<0,0,C8-D8)))<0.00068287037037037,"",IF(OR(D8="Congé",D8="OFF",C8="",D8="Congé spécial"),"",IF(D8>F8,D8-C8,IF(C8-D8<0,0,C8-D8)))) | K8: =IF(SUM(H8:J8)<0.00068287037037037,0,SUM(H8:J8)) -> 0 | L8: =IF(OR(F8="Congé",F8="OFF",M8="Abs",F8="Congé sans solde",F8="Férié",F8="Congé spécial",D8="Congé spécial"),0,IF(F8-E8<0,0,IF(F8-E8<=0.00068287037037037,0,F8-E8))) -> 0 | M8: =IF(AND(O8<>0,C8=""),"Abs",0) -> 0 | N8: =IFERROR(IF(OR(D8="OFF",D8="Congé",M8="Abs",D8="Congé sans solde",D8="Férié"),"",IF(O8-K8-L8>O8,O8,IF(O8-K8-L8<0,"",O8-K8-L8))),"") | O8: =IF(AG8="2H Pause déjeuner",IF(F8-D8-0.0833333333333333<0,F8-D8-0.0833333333333333+1,F8-D8-0.0833333333333333),IF(OR(AND(F8="OFF",D8="OFF"),AND(F8="Congé",D8="Congé"),AND(F8="Congé sans solde",D8="Congé sans solde"),AND(F8="Congé spécial",D8="Congé spécial"),AND(F8="Férié",D8="Férié"),AND(F8="OFF",D8="Congé"),AND(F8="OFF",D8="Congé sans solde"),AND(F8="OFF",D8="Congé spécial"),AND(F8="OFF",D8="Férié"),AND(F8="Congé",D8="OFF"),AND(F8="Congé",D8="Congé sans solde"),AND(F8="Congé",D8="Congé spécial"),AND(F8="Congé",D8="Férié"),AND(F8="Congé sans solde",D8="OFF"),AND(F8="Congé sans solde",D8="Congé"),AND(F8="Congé sans solde",D8="Congé spécial"),AND(F8="Congé sans solde",D8="Férié"),AND(F8="Congé spécial",D8="OFF"),AND(F8="Congé spécial",D8="Congé"),AND(F8="Congé spécial",D8="Congé sans solde"),AND(F8="Congé spécial",D8="Férié"),AND(F8="Férié",D8="OFF"),AND(F8="Férié",D8="Congé"),AND(F8="Férié",D8="Congé sans solde"),AND(F8="Férié",D8="Congé spécial")),0,IF(OR(F8="OFF",F8="Congé",F8="Congé spécial",F8="Congé sans solde",D8="OFF",D8="Congé",D8="Congé spécial",D8="Congé sans solde"),0.208333333333334,IF(AND(AG8="",F8-D8<0),("24:00:00"-D8)+("00:00:00"+F8)-0.0416666666666667,IF(AND(OR(AG8="Allaitement",AG8="Sans déjeuner"),F8-D8<0),("24:00:00"-D8)+("00:00:00"+F8),IF(AND(AG8="",F8-D8>0.166666666666667),F8-D8-0.0416666666666667,IF(AND(OR(AG8="Allaitement",AG8="Sans déjeuner"),F8-D8>0.166666666666667),F8-D8,F8-D8))))))) -> 0 | P8: =IFERROR(VLOOKUP($B8,Agents!$A:$D,2,0),"-") -> Accessibilité | Q8: 45983 | R8: =IF(M8="Abs",O8,0) -> 0 | S8: =SUM(R8,L8,I8,J8,W8,H8) -> 0 | T8: ="Sem - "&WEEKNUM(Q8,21) -> Sem - 47 | U8: =CHOOSE(MONTH(Q8),"Janvier","Février","Mars","Avril","Mai","Juin","Juillet","Août","Septembre","Octobre","Novembre","Décembre") -> Novembre | V8: =YEAR(Q8) -> 2025 | X8: =IFERROR(IF(M8="Abs",0,IF(ROUND((D8-C8+E8-F8)*1440,0)<=1,0,D8-C8+E8-F8)),0) -> 0 | Y8: =IFERROR(VLOOKUP($B8,Agents!$A:$D,3,0),"-") -> OUBRAHIM Mohammed | Z8: =IFERROR(VLOOKUP($B8,Agents!$A:$D,4,0),"-") -> Credit Mutuel | AA8: S47-2025 | AB8: =IF(AND(D8="Congé",F8="Congé"),0.333333333333333,IF(OR(AND(D8="Congé",F8<>"Congé"),(AND(F8="Congé",D8<>"Congé"))),0.166666666666667,"")) | AC8: =IF(AND(D8="Congé sans solde",F8="Congé sans solde"),0.333333333333333,IF(OR(AND(D8="Congé sans solde",F8<>"Congé sans solde"),(AND(F8="Congé sans solde",D8<>"Congé sans solde"))),0.166666666666667,"")) | AD8: =IF(AND(D8="Congé spécial",F8="Congé spécial"),0.333333333333333,IF(OR(AND(D8="Congé spécial",F8<>"Congé spécial"),AND(F8="Congé spécial",D8<>"Congé spécial")),0.166666666666667,"")) | AE8: =IF(AND(D8="Férié",F8="Férié"),0.333333333333333,IF(OR(AND(D8="Férié",F8<>"Férié"),(AND(F8="Férié",D8<>"Férié"))),0.166666666666667,""))
A9: =YEAR(Q9-WEEKDAY(Q9,2)+4)&"-S"&TEXT(WEEKNUM(Q9,21),"00") -> 2025-S47 | B9: HAMDANI MOHAMED | D9: OFF | F9: OFF | I9: =IF(IF(OR(C9="",D9="Congé",D9="OFF",D9="Congé spécial"),"",IF(D9>F9,D9-C9,IF(C9-D9<0,0,C9-D9)))<0.00068287037037037,"",IF(OR(D9="Congé",D9="OFF",C9="",D9="Congé spécial"),"",IF(D9>F9,D9-C9,IF(C9-D9<0,0,C9-D9)))) | K9: =IF(SUM(H9:J9)<0.00068287037037037,0,SUM(H9:J9)) -> 0 | L9: =IF(OR(F9="Congé",F9="OFF",M9="Abs",F9="Congé sans solde",F9="Férié",F9="Congé spécial",D9="Congé spécial"),0,IF(F9-E9<0,0,IF(F9-E9<=0.00068287037037037,0,F9-E9))) -> 0 | M9: =IF(AND(O9<>0,C9=""),"Abs",0) -> 0 | N9: =IFERROR(IF(OR(D9="OFF",D9="Congé",M9="Abs",D9="Congé sans solde",D9="Férié"),"",IF(O9-K9-L9>O9,O9,IF(O9-K9-L9<0,"",O9-K9-L9))),"") | O9: =IF(AG9="2H Pause déjeuner",IF(F9-D9-0.0833333333333333<0,F9-D9-0.0833333333333333+1,F9-D9-0.0833333333333333),IF(OR(AND(F9="OFF",D9="OFF"),AND(F9="Congé",D9="Congé"),AND(F9="Congé sans solde",D9="Congé sans solde"),AND(F9="Congé spécial",D9="Congé spécial"),AND(F9="Férié",D9="Férié"),AND(F9="OFF",D9="Congé"),AND(F9="OFF",D9="Congé sans solde"),AND(F9="OFF",D9="Congé spécial"),AND(F9="OFF",D9="Férié"),AND(F9="Congé",D9="OFF"),AND(F9="Congé",D9="Congé sans solde"),AND(F9="Congé",D9="Congé spécial"),AND(F9="Congé",D9="Férié"),AND(F9="Congé sans solde",D9="OFF"),AND(F9="Congé sans solde",D9="Congé"),AND(F9="Congé sans solde",D9="Congé spécial"),AND(F9="Congé sans solde",D9="Férié"),AND(F9="Congé spécial",D9="OFF"),AND(F9="Congé spécial",D9="Congé"),AND(F9="Congé spécial",D9="Congé sans solde"),AND(F9="Congé spécial",D9="Férié"),AND(F9="Férié",D9="OFF"),AND(F9="Férié",D9="Congé"),AND(F9="Férié",D9="Congé sans solde"),AND(F9="Férié",D9="Congé spécial")),0,IF(OR(F9="OFF",F9="Congé",F9="Congé spécial",F9="Congé sans solde",D9="OFF",D9="Congé",D9="Congé spécial",D9="Congé sans solde"),0.208333333333334,IF(AND(AG9="",F9-D9<0),("24:00:00"-D9)+("00:00:00"+F9)-0.0416666666666667,IF(AND(OR(AG9="Allaitement",AG9="Sans déjeuner"),F9-D9<0),("24:00:00"-D9)+("00:00:00"+F9),IF(AND(AG9="",F9-D9>0.166666666666667),F9-D9-0.0416666666666667,IF(AND(OR(AG9="Allaitement",AG9="Sans déjeuner"),F9-D9>0.166666666666667),F9-D9,F9-D9))))))) -> 0 | P9: =IFERROR(VLOOKUP($B9,Agents!$A:$D,2,0),"-") -> Accessibilité | Q9: 45983 | R9: =IF(M9="Abs",O9,0) -> 0 | S9: =SUM(R9,L9,I9,J9,W9,H9) -> 0 | T9: ="Sem - "&WEEKNUM(Q9,21) -> Sem - 47 | U9: =CHOOSE(MONTH(Q9),"Janvier","Février","Mars","Avril","Mai","Juin","Juillet","Août","Septembre","Octobre","Novembre","Décembre") -> Novembre | V9: =YEAR(Q9) -> 2025 | X9: =IFERROR(IF(M9="Abs",0,IF(ROUND((D9-C9+E9-F9)*1440,0)<=1,0,D9-C9+E9-F9)),0) -> 0 | Y9: =IFERROR(VLOOKUP($B9,Agents!$A:$D,3,0),"-") -> OUBRAHIM Mohammed | Z9: =IFERROR(VLOOKUP($B9,Agents!$A:$D,4,0),"-") -> Credit Mutuel | AA9: S47-2025 | AB9: =IF(AND(D9="Congé",F9="Congé"),0.333333333333333,IF(OR(AND(D9="Congé",F9<>"Congé"),(AND(F9="Congé",D9<>"Congé"))),0.166666666666667,"")) | AC9: =IF(AND(D9="Congé sans solde",F9="Congé sans solde"),0.333333333333333,IF(OR(AND(D9="Congé sans solde",F9<>"Congé sans solde"),(AND(F9="Congé sans solde",D9<>"Congé sans solde"))),0.166666666666667,"")) | AD9: =IF(AND(D9="Congé spécial",F9="Congé spécial"),0.333333333333333,IF(OR(AND(D9="Congé spécial",F9<>"Congé spécial"),AND(F9="Congé spécial",D9<>"Congé spécial")),0.166666666666667,"")) | AE9: =IF(AND(D9="Férié",F9="Férié"),0.333333333333333,IF(OR(AND(D9="Férié",F9<>"Férié"),(AND(F9="Férié",D9<>"Férié"))),0.166666666666667,""))
A10: =YEAR(Q10-WEEKDAY(Q10,2)+4)&"-S"&TEXT(WEEKNUM(Q10,21),"00") -> 2025-S47 | B10: BENCHRIF HAFSSA | D10: OFF | F10: OFF | I10: =IF(IF(OR(C10="",D10="Congé",D10="OFF",D10="Congé spécial"),"",IF(D10>F10,D10-C10,IF(C10-D10<0,0,C10-D10)))<0.00068287037037037,"",IF(OR(D10="Congé",D10="OFF",C10="",D10="Congé spécial"),"",IF(D10>F10,D10-C10,IF(C10-D10<0,0,C10-D10)))) | K10: =IF(SUM(H10:J10)<0.00068287037037037,0,SUM(H10:J10)) -> 0 | L10: =IF(OR(F10="Congé",F10="OFF",M10="Abs",F10="Congé sans solde",F10="Férié",F10="Congé spécial",D10="Congé spécial"),0,IF(F10-E10<0,0,IF(F10-E10<=0.00068287037037037,0,F10-E10))) -> 0 | M10: =IF(AND(O10<>0,C10=""),"Abs",0) -> 0 | N10: =IFERROR(IF(OR(D10="OFF",D10="Congé",M10="Abs",D10="Congé sans solde",D10="Férié"),"",IF(O10-K10-L10>O10,O10,IF(O10-K10-L10<0,"",O10-K10-L10))),"") | O10: =IF(AG10="2H Pause déjeuner",IF(F10-D10-0.0833333333333333<0,F10-D10-0.0833333333333333+1,F10-D10-0.0833333333333333),IF(OR(AND(F10="OFF",D10="OFF"),AND(F10="Congé",D10="Congé"),AND(F10="Congé sans solde",D10="Congé sans solde"),AND(F10="Congé spécial",D10="Congé spécial"),AND(F10="Férié",D10="Férié"),AND(F10="OFF",D10="Congé"),AND(F10="OFF",D10="Congé sans solde"),AND(F10="OFF",D10="Congé spécial"),AND(F10="OFF",D10="Férié"),AND(F10="Congé",D10="OFF"),AND(F10="Congé",D10="Congé sans solde"),AND(F10="Congé",D10="Congé spécial"),AND(F10="Congé",D10="Férié"),AND(F10="Congé sans solde",D10="OFF"),AND(F10="Congé sans solde",D10="Congé"),AND(F10="Congé sans solde",D10="Congé spécial"),AND(F10="Congé sans solde",D10="Férié"),AND(F10="Congé spécial",D10="OFF"),AND(F10="Congé spécial",D10="Congé"),AND(F10="Congé spécial",D10="Congé sans solde"),AND(F10="Congé spécial",D10="Férié"),AND(F10="Férié",D10="OFF"),AND(F10="Férié",D10="Congé"),AND(F10="Férié",D10="Congé sans solde"),AND(F10="Férié",D10="Congé spécial")),0,IF(OR(F10="OFF",F10="Congé",F10="Congé spécial",F10="Congé sans solde",D10="OFF",D10="Congé",D10="Congé spécial",D10="Congé sans solde"),0.208333333333334,IF(AND(AG10="",F10-D10<0),("24:00:00"-D10)+("00:00:00"+F10)-0.0416666666666667,IF(AND(OR(AG10="Allaitement",AG10="Sans déjeuner"),F10-D10<0),("24:00:00"-D10)+("00:00:00"+F10),IF(AND(AG10="",F10-D10>0.166666666666667),F10-D10-0.0416666666666667,IF(AND(OR(AG10="Allaitement",AG10="Sans déjeuner"),F10-D10>0.166666666666667),F10-D10,F10-D10))))))) -> 0 | P10: =IFERROR(VLOOKUP($B10,Agents!$A:$D,2,0),"-") -> Accessibilité | Q10: 45984 | R10: =IF(M10="Abs",O10,0) -> 0 | S10: =SUM(R10,L10,I10,J10,W10,H10) -> 0 | T10: ="Sem - "&WEEKNUM(Q10,21) -> Sem - 47 | U10: =CHOOSE(MONTH(Q10),"Janvier","Février","Mars","Avril","Mai","Juin","Juillet","Août","Septembre","Octobre","Novembre","Décembre") -> Novembre | V10: =YEAR(Q10) -> 2025 | X10: =IFERROR(IF(M10="Abs",0,IF(ROUND((D10-C10+E10-F10)*1440,0)<=1,0,D10-C10+E10-F10)),0) -> 0 | Y10: =IFERROR(VLOOKUP($B10,Agents!$A:$D,3,0),"-") -> OUBRAHIM Mohammed | Z10: =IFERROR(VLOOKUP($B10,Agents!$A:$D,4,0),"-") -> Credit Mutuel | AA10: S47-2025 | AB10: =IF(AND(D10="Congé",F10="Congé"),0.333333333333333,IF(OR(AND(D10="Congé",F10<>"Congé"),(AND(F10="Congé",D10<>"Congé"))),0.166666666666667,"")) | AC10: =IF(AND(D10="Congé sans solde",F10="Congé sans solde"),0.333333333333333,IF(OR(AND(D10="Congé sans solde",F10<>"Congé sans solde"),(AND(F10="Congé sans solde",D10<>"Congé sans solde"))),0.166666666666667,"")) | AD10: =IF(AND(D10="Congé spécial",F10="Congé spécial"),0.333333333333333,IF(OR(AND(D10="Congé spécial",F10<>"Congé spécial"),AND(F10="Congé spécial",D10<>"Congé spécial")),0.166666666666667,"")) | AE10: =IF(AND(D10="Férié",F10="Férié"),0.333333333333333,IF(OR(AND(D10="Férié",F10<>"Férié"),(AND(F10="Férié",D10<>"Férié"))),0.166666666666667,""))
A11: =YEAR(Q11-WEEKDAY(Q11,2)+4)&"-S"&TEXT(WEEKNUM(Q11,21),"00") -> 2025-S47 | B11: LISSAOUI HIBA | D11: OFF | F11: OFF | I11: =IF(IF(OR(C11="",D11="Congé",D11="OFF",D11="Congé spécial"),"",IF(D11>F11,D11-C11,IF(C11-D11<0,0,C11-D11)))<0.00068287037037037,"",IF(OR(D11="Congé",D11="OFF",C11="",D11="Congé spécial"),"",IF(D11>F11,D11-C11,IF(C11-D11<0,0,C11-D11)))) | K11: =IF(SUM(H11:J11)<0.00068287037037037,0,SUM(H11:J11)) -> 0 | L11: =IF(OR(F11="Congé",F11="OFF",M11="Abs",F11="Congé sans solde",F11="Férié",F11="Congé spécial",D11="Congé spécial"),0,IF(F11-E11<0,0,IF(F11-E11<=0.00068287037037037,0,F11-E11))) -> 0 | M11: =IF(AND(O11<>0,C11=""),"Abs",0) -> 0 | N11: =IFERROR(IF(OR(D11="OFF",D11="Congé",M11="Abs",D11="Congé sans solde",D11="Férié"),"",IF(O11-K11-L11>O11,O11,IF(O11-K11-L11<0,"",O11-K11-L11))),"") | O11: =IF(AG11="2H Pause déjeuner",IF(F11-D11-0.0833333333333333<0,F11-D11-0.0833333333333333+1,F11-D11-0.0833333333333333),IF(OR(AND(F11="OFF",D11="OFF"),AND(F11="Congé",D11="Congé"),AND(F11="Congé sans solde",D11="Congé sans solde"),AND(F11="Congé spécial",D11="Congé spécial"),AND(F11="Férié",D11="Férié"),AND(F11="OFF",D11="Congé"),AND(F11="OFF",D11="Congé sans solde"),AND(F11="OFF",D11="Congé spécial"),AND(F11="OFF",D11="Férié"),AND(F11="Congé",D11="OFF"),AND(F11="Congé",D11="Congé sans solde"),AND(F11="Congé",D11="Congé spécial"),AND(F11="Congé",D11="Férié"),AND(F11="Congé sans solde",D11="OFF"),AND(F11="Congé sans solde",D11="Congé"),AND(F11="Congé sans solde",D11="Congé spécial"),AND(F11="Congé sans solde",D11="Férié"),AND(F11="Congé spécial",D11="OFF"),AND(F11="Congé spécial",D11="Congé"),AND(F11="Congé spécial",D11="Congé sans solde"),AND(F11="Congé spécial",D11="Férié"),AND(F11="Férié",D11="OFF"),AND(F11="Férié",D11="Congé"),AND(F11="Férié",D11="Congé sans solde"),AND(F11="Férié",D11="Congé spécial")),0,IF(OR(F11="OFF",F11="Congé",F11="Congé spécial",F11="Congé sans solde",D11="OFF",D11="Congé",D11="Congé spécial",D11="Congé sans solde"),0.208333333333334,IF(AND(AG11="",F11-D11<0),("24:00:00"-D11)+("00:00:00"+F11)-0.0416666666666667,IF(AND(OR(AG11="Allaitement",AG11="Sans déjeuner"),F11-D11<0),("24:00:00"-D11)+("00:00:00"+F11),IF(AND(AG11="",F11-D11>0.166666666666667),F11-D11-0.0416666666666667,IF(AND(OR(AG11="Allaitement",AG11="Sans déjeuner"),F11-D11>0.166666666666667),F11-D11,F11-D11))))))) -> 0 | P11: =IFERROR(VLOOKUP($B11,Agents!$A:$D,2,0),"-") -> Accessibilité | Q11: 45984 | R11: =IF(M11="Abs",O11,0) -> 0 | S11: =SUM(R11,L11,I11,J11,W11,H11) -> 0 | T11: ="Sem - "&WEEKNUM(Q11,21) -> Sem - 47 | U11: =CHOOSE(MONTH(Q11),"Janvier","Février","Mars","Avril","Mai","Juin","Juillet","Août","Septembre","Octobre","Novembre","Décembre") -> Novembre | V11: =YEAR(Q11) -> 2025 | X11: =IFERROR(IF(M11="Abs",0,IF(ROUND((D11-C11+E11-F11)*1440,0)<=1,0,D11-C11+E11-F11)),0) -> 0 | Y11: =IFERROR(VLOOKUP($B11,Agents!$A:$D,3,0),"-") -> OUBRAHIM Mohammed | Z11: =IFERROR(VLOOKUP($B11,Agents!$A:$D,4,0),"-") -> Credit Mutuel | AA11: S47-2025 | AB11: =IF(AND(D11="Congé",F11="Congé"),0.333333333333333,IF(OR(AND(D11="Congé",F11<>"Congé"),(AND(F11="Congé",D11<>"Congé"))),0.166666666666667,"")) | AC11: =IF(AND(D11="Congé sans solde",F11="Congé sans solde"),0.333333333333333,IF(OR(AND(D11="Congé sans solde",F11<>"Congé sans solde"),(AND(F11="Congé sans solde",D11<>"Congé sans solde"))),0.166666666666667,"")) | AD11: =IF(AND(D11="Congé spécial",F11="Congé spécial"),0.333333333333333,IF(OR(AND(D11="Congé spécial",F11<>"Congé spécial"),AND(F11="Congé spécial",D11<>"Congé spécial")),0.166666666666667,"")) | AE11: =IF(AND(D11="Férié",F11="Férié"),0.333333333333333,IF(OR(AND(D11="Férié",F11<>"Férié"),(AND(F11="Férié",D11<>"Férié"))),0.166666666666667,""))
A12: =YEAR(Q12-WEEKDAY(Q12,2)+4)&"-S"&TEXT(WEEKNUM(Q12,21),"00") -> 2025-S47 | B12: RMAIDI IMAD | D12: OFF | F12: OFF | I12: =IF(IF(OR(C12="",D12="Congé",D12="OFF",D12="Congé spécial"),"",IF(D12>F12,D12-C12,IF(C12-D12<0,0,C12-D12)))<0.00068287037037037,"",IF(OR(D12="Congé",D12="OFF",C12="",D12="Congé spécial"),"",IF(D12>F12,D12-C12,IF(C12-D12<0,0,C12-D12)))) | K12: =IF(SUM(H12:J12)<0.00068287037037037,0,SUM(H12:J12)) -> 0 | L12: =IF(OR(F12="Congé",F12="OFF",M12="Abs",F12="Congé sans solde",F12="Férié",F12="Congé spécial",D12="Congé spécial"),0,IF(F12-E12<0,0,IF(F12-E12<=0.00068287037037037,0,F12-E12))) -> 0 | M12: =IF(AND(O12<>0,C12=""),"Abs",0) -> 0 | N12: =IFERROR(IF(OR(D12="OFF",D12="Congé",M12="Abs",D12="Congé sans solde",D12="Férié"),"",IF(O12-K12-L12>O12,O12,IF(O12-K12-L12<0,"",O12-K12-L12))),"") | O12: =IF(AG12="2H Pause déjeuner",IF(F12-D12-0.0833333333333333<0,F12-D12-0.0833333333333333+1,F12-D12-0.0833333333333333),IF(OR(AND(F12="OFF",D12="OFF"),AND(F12="Congé",D12="Congé"),AND(F12="Congé sans solde",D12="Congé sans solde"),AND(F12="Congé spécial",D12="Congé spécial"),AND(F12="Férié",D12="Férié"),AND(F12="OFF",D12="Congé"),AND(F12="OFF",D12="Congé sans solde"),AND(F12="OFF",D12="Congé spécial"),AND(F12="OFF",D12="Férié"),AND(F12="Congé",D12="OFF"),AND(F12="Congé",D12="Congé sans solde"),AND(F12="Congé",D12="Congé spécial"),AND(F12="Congé",D12="Férié"),AND(F12="Congé sans solde",D12="OFF"),AND(F12="Congé sans solde",D12="Congé"),AND(F12="Congé sans solde",D12="Congé spécial"),AND(F12="Congé sans solde",D12="Férié"),AND(F12="Congé spécial",D12="OFF"),AND(F12="Congé spécial",D12="Congé"),AND(F12="Congé spécial",D12="Congé sans solde"),AND(F12="Congé spécial",D12="Férié"),AND(F12="Férié",D12="OFF"),AND(F12="Férié",D12="Congé"),AND(F12="Férié",D12="Congé sans solde"),AND(F12="Férié",D12="Congé spécial")),0,IF(OR(F12="OFF",F12="Congé",F12="Congé spécial",F12="Congé sans solde",D12="OFF",D12="Congé",D12="Congé spécial",D12="Congé sans solde"),0.208333333333334,IF(AND(AG12="",F12-D12<0),("24:00:00"-D12)+("00:00:00"+F12)-0.0416666666666667,IF(AND(OR(AG12="Allaitement",AG12="Sans déjeuner"),F12-D12<0),("24:00:00"-D12)+("00:00:00"+F12),IF(AND(AG12="",F12-D12>0.166666666666667),F12-D12-0.0416666666666667,IF(AND(OR(AG12="Allaitement",AG12="Sans déjeuner"),F12-D12>0.166666666666667),F12-D12,F12-D12))))))) -> 0 | P12: =IFERROR(VLOOKUP($B12,Agents!$A:$D,2,0),"-") -> Accessibilité | Q12: 45984 | R12: =IF(M12="Abs",O12,0) -> 0 | S12: =SUM(R12,L12,I12,J12,W12,H12) -> 0 | T12: ="Sem - "&WEEKNUM(Q12,21) -> Sem - 47 | U12: =CHOOSE(MONTH(Q12),"Janvier","Février","Mars","Avril","Mai","Juin","Juillet","Août","Septembre","Octobre","Novembre","Décembre") -> Novembre | V12: =YEAR(Q12) -> 2025 | X12: =IFERROR(IF(M12="Abs",0,IF(ROUND((D12-C12+E12-F12)*1440,0)<=1,0,D12-C12+E12-F12)),0) -> 0 | Y12: =IFERROR(VLOOKUP($B12,Agents!$A:$D,3,0),"-") -> OUBRAHIM Mohammed | Z12: =IFERROR(VLOOKUP($B12,Agents!$A:$D,4,0),"-") -> Credit Mutuel | AA12: S47-2025 | AB12: =IF(AND(D12="Congé",F12="Congé"),0.333333333333333,IF(OR(AND(D12="Congé",F12<>"Congé"),(AND(F12="Congé",D12<>"Congé"))),0.166666666666667,"")) | AC12: =IF(AND(D12="Congé sans solde",F12="Congé sans solde"),0.333333333333333,IF(OR(AND(D12="Congé sans solde",F12<>"Congé sans solde"),(AND(F12="Congé sans solde",D12<>"Congé sans solde"))),0.166666666666667,"")) | AD12: =IF(AND(D12="Congé spécial",F12="Congé spécial"),0.333333333333333,IF(OR(AND(D12="Congé spécial",F12<>"Congé spécial"),AND(F12="Congé spécial",D12<>"Congé spécial")),0.166666666666667,"")) | AE12: =IF(AND(D12="Férié",F12="Férié"),0.333333333333333,IF(OR(AND(D12="Férié",F12<>"Férié"),(AND(F12="Férié",D12<>"Férié"))),0.166666666666667,""))
A13: =YEAR(Q13-WEEKDAY(Q13,2)+4)&"-S"&TEXT(WEEKNUM(Q13,21),"00") -> 2025-S47 | B13: HAMDANI MOHAMED | D13: OFF | F13: OFF | I13: =IF(IF(OR(C13="",D13="Congé",D13="OFF",D13="Congé spécial"),"",IF(D13>F13,D13-C13,IF(C13-D13<0,0,C13-D13)))<0.00068287037037037,"",IF(OR(D13="Congé",D13="OFF",C13="",D13="Congé spécial"),"",IF(D13>F13,D13-C13,IF(C13-D13<0,0,C13-D13)))) | K13: =IF(SUM(H13:J13)<0.00068287037037037,0,SUM(H13:J13)) -> 0 | L13: =IF(OR(F13="Congé",F13="OFF",M13="Abs",F13="Congé sans solde",F13="Férié",F13="Congé spécial",D13="Congé spécial"),0,IF(F13-E13<0,0,IF(F13-E13<=0.00068287037037037,0,F13-E13))) -> 0 | M13: =IF(AND(O13<>0,C13=""),"Abs",0) -> 0 | N13: =IFERROR(IF(OR(D13="OFF",D13="Congé",M13="Abs",D13="Congé sans solde",D13="Férié"),"",IF(O13-K13-L13>O13,O13,IF(O13-K13-L13<0,"",O13-K13-L13))),"") | O13: =IF(AG13="2H Pause déjeuner",IF(F13-D13-0.0833333333333333<0,F13-D13-0.0833333333333333+1,F13-D13-0.0833333333333333),IF(OR(AND(F13="OFF",D13="OFF"),AND(F13="Congé",D13="Congé"),AND(F13="Congé sans solde",D13="Congé sans solde"),AND(F13="Congé spécial",D13="Congé spécial"),AND(F13="Férié",D13="Férié"),AND(F13="OFF",D13="Congé"),AND(F13="OFF",D13="Congé sans solde"),AND(F13="OFF",D13="Congé spécial"),AND(F13="OFF",D13="Férié"),AND(F13="Congé",D13="OFF"),AND(F13="Congé",D13="Congé sans solde"),AND(F13="Congé",D13="Congé spécial"),AND(F13="Congé",D13="Férié"),AND(F13="Congé sans solde",D13="OFF"),AND(F13="Congé sans solde",D13="Congé"),AND(F13="Congé sans solde",D13="Congé spécial"),AND(F13="Congé sans solde",D13="Férié"),AND(F13="Congé spécial",D13="OFF"),AND(F13="Congé spécial",D13="Congé"),AND(F13="Congé spécial",D13="Congé sans solde"),AND(F13="Congé spécial",D13="Férié"),AND(F13="Férié",D13="OFF"),AND(F13="Férié",D13="Congé"),AND(F13="Férié",D13="Congé sans solde"),AND(F13="Férié",D13="Congé spécial")),0,IF(OR(F13="OFF",F13="Congé",F13="Congé spécial",F13="Congé sans solde",D13="OFF",D13="Congé",D13="Congé spécial",D13="Congé sans solde"),0.208333333333334,IF(AND(AG13="",F13-D13<0),("24:00:00"-D13)+("00:00:00"+F13)-0.0416666666666667,IF(AND(OR(AG13="Allaitement",AG13="Sans déjeuner"),F13-D13<0),("24:00:00"-D13)+("00:00:00"+F13),IF(AND(AG13="",F13-D13>0.166666666666667),F13-D13-0.0416666666666667,IF(AND(OR(AG13="Allaitement",AG13="Sans déjeuner"),F13-D13>0.166666666666667),F13-D13,F13-D13))))))) -> 0 | P13: =IFERROR(VLOOKUP($B13,Agents!$A:$D,2,0),"-") -> Accessibilité | Q13: 45984 | R13: =IF(M13="Abs",O13,0) -> 0 | S13: =SUM(R13,L13,I13,J13,W13,H13) -> 0 | T13: ="Sem - "&WEEKNUM(Q13,21) -> Sem - 47 | U13: =CHOOSE(MONTH(Q13),"Janvier","Février","Mars","Avril","Mai","Juin","Juillet","Août","Septembre","Octobre","Novembre","Décembre") -> Novembre | V13: =YEAR(Q13) -> 2025 | X13: =IFERROR(IF(M13="Abs",0,IF(ROUND((D13-C13+E13-F13)*1440,0)<=1,0,D13-C13+E13-F13)),0) -> 0 | Y13: =IFERROR(VLOOKUP($B13,Agents!$A:$D,3,0),"-") -> OUBRAHIM Mohammed | Z13: =IFERROR(VLOOKUP($B13,Agents!$A:$D,4,0),"-") -> Credit Mutuel | AA13: S47-2025 | AB13: =IF(AND(D13="Congé",F13="Congé"),0.333333333333333,IF(OR(AND(D13="Congé",F13<>"Congé"),(AND(F13="Congé",D13<>"Congé"))),0.166666666666667,"")) | AC13: =IF(AND(D13="Congé sans solde",F13="Congé sans solde"),0.333333333333333,IF(OR(AND(D13="Congé sans solde",F13<>"Congé sans solde"),(AND(F13="Congé sans solde",D13<>"Congé sans solde"))),0.166666666666667,"")) | AD13: =IF(AND(D13="Congé spécial",F13="Congé spécial"),0.333333333333333,IF(OR(AND(D13="Congé spécial",F13<>"Congé spécial"),AND(F13="Congé spécial",D13<>"Congé spécial")),0.166666666666667,"")) | AE13: =IF(AND(D13="Férié",F13="Férié"),0.333333333333333,IF(OR(AND(D13="Férié",F13<>"Férié"),(AND(F13="Férié",D13<>"Férié"))),0.166666666666667,""))
A14: =YEAR(Q14-WEEKDAY(Q14,2)+4)&"-S"&TEXT(WEEKNUM(Q14,21),"00") -> 2025-S48 | B14: BENCHRIF HAFSSA | C14: 0.33333333 | D14: 0.33333333 | E14: 0.75 | F14: 0.75 | I14: =IF(IF(OR(C14="",D14="Congé",D14="OFF",D14="Congé spécial"),"",IF(D14>F14,D14-C14,IF(C14-D14<0,0,C14-D14)))<0.00068287037037037,"",IF(OR(D14="Congé",D14="OFF",C14="",D14="Congé spécial"),"",IF(D14>F14,D14-C14,IF(C14-D14<0,0,C14-D14)))) | K14: =IF(SUM(H14:J14)<0.00068287037037037,0,SUM(H14:J14)) -> 0 | L14: =IF(OR(F14="Congé",F14="OFF",M14="Abs",F14="Congé sans solde",F14="Férié",F14="Congé spécial",D14="Congé spécial"),0,IF(F14-E14<0,0,IF(F14-E14<=0.00068287037037037,0,F14-E14))) -> 0 | M14: =IF(AND(O14<>0,C14=""),"Abs",0) -> 0 | N14: =IFERROR(IF(OR(D14="OFF",D14="Congé",M14="Abs",D14="Congé sans solde",D14="Férié"),"",IF(O14-K14-L14>O14,O14,IF(O14-K14-L14<0,"",O14-K14-L14))),"") -> 0.375 | O14: =IF(AG14="2H Pause déjeuner",IF(F14-D14-0.0833333333333333<0,F14-D14-0.0833333333333333+1,F14-D14-0.0833333333333333),IF(OR(AND(F14="OFF",D14="OFF"),AND(F14="Congé",D14="Congé"),AND(F14="Congé sans solde",D14="Congé sans solde"),AND(F14="Congé spécial",D14="Congé spécial"),AND(F14="Férié",D14="Férié"),AND(F14="OFF",D14="Congé"),AND(F14="OFF",D14="Congé sans solde"),AND(F14="OFF",D14="Congé spécial"),AND(F14="OFF",D14="Férié"),AND(F14="Congé",D14="OFF"),AND(F14="Congé",D14="Congé sans solde"),AND(F14="Congé",D14="Congé spécial"),AND(F14="Congé",D14="Férié"),AND(F14="Congé sans solde",D14="OFF"),AND(F14="Congé sans solde",D14="Congé"),AND(F14="Congé sans solde",D14="Congé spécial"),AND(F14="Congé sans solde",D14="Férié"),AND(F14="Congé spécial",D14="OFF"),AND(F14="Congé spécial",D14="Congé"),AND(F14="Congé spécial",D14="Congé sans solde"),AND(F14="Congé spécial",D14="Férié"),AND(F14="Férié",D14="OFF"),AND(F14="Férié",D14="Congé"),AND(F14="Férié",D14="Congé sans solde"),AND(F14="Férié",D14="Congé spécial")),0,IF(OR(F14="OFF",F14="Congé",F14="Congé spécial",F14="Congé sans solde",D14="OFF",D14="Congé",D14="Congé spécial",D14="Congé sans solde"),0.208333333333334,IF(AND(AG14="",F14-D14<0),("24:00:00"-D14)+("00:00:00"+F14)-0.0416666666666667,IF(AND(OR(AG14="Allaitement",AG14="Sans déjeuner"),F14-D14<0),("24:00:00"-D14)+("00:00:00"+F14),IF(AND(AG14="",F14-D14>0.166666666666667),F14-D14-0.0416666666666667,IF(AND(OR(AG14="Allaitement",AG14="Sans déjeuner"),F14-D14>0.166666666666667),F14-D14,F14-D14))))))) -> 0.375 | P14: =IFERROR(VLOOKUP($B14,Agents!$A:$D,2,0),"-") -> Accessibilité | Q14: 45985 | R14: =IF(M14="Abs",O14,0) -> 0 | S14: =SUM(R14,L14,I14,J14,W14,H14) -> 0 | T14: ="Sem - "&WEEKNUM(Q14,21) -> Sem - 48 | U14: =CHOOSE(MONTH(Q14),"Janvier","Février","Mars","Avril","Mai","Juin","Juillet","Août","Septembre","Octobre","Novembre","Décembre") -> Novembre | V14: =YEAR(Q14) -> 2025 | X14: =IFERROR(IF(M14="Abs",0,IF(ROUND((D14-C14+E14-F14)*1440,0)<=1,0,D14-C14+E14-F14)),0) -> 0 | Y14: =IFERROR(VLOOKUP($B14,Agents!$A:$D,3,0),"-") -> OUBRAHIM Mohammed | Z14: =IFERROR(VLOOKUP($B14,Agents!$A:$D,4,0),"-") -> Credit Mutuel | AA14: S48-2025 | AB14: =IF(AND(D14="Congé",F14="Congé"),0.333333333333333,IF(OR(AND(D14="Congé",F14<>"Congé"),(AND(F14="Congé",D14<>"Congé"))),0.166666666666667,"")) | AC14: =IF(AND(D14="Congé sans solde",F14="Congé sans solde"),0.333333333333333,IF(OR(AND(D14="Congé sans solde",F14<>"Congé sans solde"),(AND(F14="Congé sans solde",D14<>"Congé sans solde"))),0.166666666666667,"")) | AD14: =IF(AND(D14="Congé spécial",F14="Congé spécial"),0.333333333333333,IF(OR(AND(D14="Congé spécial",F14<>"Congé spécial"),AND(F14="Congé spécial",D14<>"Congé spécial")),0.166666666666667,"")) | AE14: =IF(AND(D14="Férié",F14="Férié"),0.333333333333333,IF(OR(AND(D14="Férié",F14<>"Férié"),(AND(F14="Férié",D14<>"Férié"))),0.166666666666667,""))
A15: =YEAR(Q15-WEEKDAY(Q15,2)+4)&"-S"&TEXT(WEEKNUM(Q15,21),"00") -> 2025-S48 | B15: LISSAOUI HIBA | C15: 0.33194444 | D15: 0.33333333 | E15: 0.75 | F15: 0.75 | I15: =IF(IF(OR(C15="",D15="Congé",D15="OFF",D15="Congé spécial"),"",IF(D15>F15,D15-C15,IF(C15-D15<0,0,C15-D15)))<0.00068287037037037,"",IF(OR(D15="Congé",D15="OFF",C15="",D15="Congé spécial"),"",IF(D15>F15,D15-C15,IF(C15-D15<0,0,C15-D15)))) | K15: =IF(SUM(H15:J15)<0.00068287037037037,0,SUM(H15:J15)) -> 0 | L15: =IF(OR(F15="Congé",F15="OFF",M15="Abs",F15="Congé sans solde",F15="Férié",F15="Congé spécial",D15="Congé spécial"),0,IF(F15-E15<0,0,IF(F15-E15<=0.00068287037037037,0,F15-E15))) -> 0 | M15: =IF(AND(O15<>0,C15=""),"Abs",0) -> 0 | N15: =IFERROR(IF(OR(D15="OFF",D15="Congé",M15="Abs",D15="Congé sans solde",D15="Férié"),"",IF(O15-K15-L15>O15,O15,IF(O15-K15-L15<0,"",O15-K15-L15))),"") -> 0.375 | O15: =IF(AG15="2H Pause déjeuner",IF(F15-D15-0.0833333333333333<0,F15-D15-0.0833333333333333+1,F15-D15-0.0833333333333333),IF(OR(AND(F15="OFF",D15="OFF"),AND(F15="Congé",D15="Congé"),AND(F15="Congé sans solde",D15="Congé sans solde"),AND(F15="Congé spécial",D15="Congé spécial"),AND(F15="Férié",D15="Férié"),AND(F15="OFF",D15="Congé"),AND(F15="OFF",D15="Congé sans solde"),AND(F15="OFF",D15="Congé spécial"),AND(F15="OFF",D15="Férié"),AND(F15="Congé",D15="OFF"),AND(F15="Congé",D15="Congé sans solde"),AND(F15="Congé",D15="Congé spécial"),AND(F15="Congé",D15="Férié"),AND(F15="Congé sans solde",D15="OFF"),AND(F15="Congé sans solde",D15="Congé"),AND(F15="Congé sans solde",D15="Congé spécial"),AND(F15="Congé sans solde",D15="Férié"),AND(F15="Congé spécial",D15="OFF"),AND(F15="Congé spécial",D15="Congé"),AND(F15="Congé spécial",D15="Congé sans solde"),AND(F15="Congé spécial",D15="Férié"),AND(F15="Férié",D15="OFF"),AND(F15="Férié",D15="Congé"),AND(F15="Férié",D15="Congé sans solde"),AND(F15="Férié",D15="Congé spécial")),0,IF(OR(F15="OFF",F15="Congé",F15="Congé spécial",F15="Congé sans solde",D15="OFF",D15="Congé",D15="Congé spécial",D15="Congé sans solde"),0.208333333333334,IF(AND(AG15="",F15-D15<0),("24:00:00"-D15)+("00:00:00"+F15)-0.0416666666666667,IF(AND(OR(AG15="Allaitement",AG15="Sans déjeuner"),F15-D15<0),("24:00:00"-D15)+("00:00:00"+F15),IF(AND(AG15="",F15-D15>0.166666666666667),F15-D15-0.0416666666666667,IF(AND(OR(AG15="Allaitement",AG15="Sans déjeuner"),F15-D15>0.166666666666667),F15-D15,F15-D15))))))) -> 0.375 | P15: =IFERROR(VLOOKUP($B15,Agents!$A:$D,2,0),"-") -> Accessibilité | Q15: 45985 | R15: =IF(M15="Abs",O15,0) -> 0 | S15: =SUM(R15,L15,I15,J15,W15,H15) -> 0 | T15: ="Sem - "&WEEKNUM(Q15,21) -> Sem - 48 | U15: =CHOOSE(MONTH(Q15),"Janvier","Février","Mars","Avril","Mai","Juin","Juillet","Août","Septembre","Octobre","Novembre","Décembre") -> Novembre | V15: =YEAR(Q15) -> 2025 | X15: =IFERROR(IF(M15="Abs",0,IF(ROUND((D15-C15+E15-F15)*1440,0)<=1,0,D15-C15+E15-F15)),0) -> 0.0013888889 | Y15: =IFERROR(VLOOKUP($B15,Agents!$A:$D,3,0),"-") -> OUBRAHIM Mohammed | Z15: =IFERROR(VLOOKUP($B15,Agents!$A:$D,4,0),"-") -> Credit Mutuel | AA15: S48-2025 | AB15: =IF(AND(D15="Congé",F15="Congé"),0.333333333333333,IF(OR(AND(D15="Congé",F15<>"Congé"),(AND(F15="Congé",D15<>"Congé"))),0.166666666666667,"")) | AC15: =IF(AND(D15="Congé sans solde",F15="Congé sans solde"),0.333333333333333,IF(OR(AND(D15="Congé sans solde",F15<>"Congé sans solde"),(AND(F15="Congé sans solde",D15<>"Congé sans solde"))),0.166666666666667,"")) | AD15: =IF(AND(D15="Congé spécial",F15="Congé spécial"),0.333333333333333,IF(OR(AND(D15="Congé spécial",F15<>"Congé spécial"),AND(F15="Congé spécial",D15<>"Congé spécial")),0.166666666666667,"")) | AE15: =IF(AND(D15="Férié",F15="Férié"),0.333333333333333,IF(OR(AND(D15="Férié",F15<>"Férié"),(AND(F15="Férié",D15<>"Férié"))),0.166666666666667,""))
A16: =YEAR(Q16-WEEKDAY(Q16,2)+4)&"-S"&TEXT(WEEKNUM(Q16,21),"00") -> 2025-S48 | B16: RMAIDI IMAD | C16: 0.33333333 | D16: 0.33333333 | E16: 0.75 | F16: 0.75 | I16: =IF(IF(OR(C16="",D16="Congé",D16="OFF",D16="Congé spécial"),"",IF(D16>F16,D16-C16,IF(C16-D16<0,0,C16-D16)))<0.00068287037037037,"",IF(OR(D16="Congé",D16="OFF",C16="",D16="Congé spécial"),"",IF(D16>F16,D16-C16,IF(C16-D16<0,0,C16-D16)))) | K16: =IF(SUM(H16:J16)<0.00068287037037037,0,SUM(H16:J16)) -> 0 | L16: =IF(OR(F16="Congé",F16="OFF",M16="Abs",F16="Congé sans solde",F16="Férié",F16="Congé spécial",D16="Congé spécial"),0,IF(F16-E16<0,0,IF(F16-E16<=0.00068287037037037,0,F16-E16))) -> 0 | M16: =IF(AND(O16<>0,C16=""),"Abs",0) -> 0 | N16: =IFERROR(IF(OR(D16="OFF",D16="Congé",M16="Abs",D16="Congé sans solde",D16="Férié"),"",IF(O16-K16-L16>O16,O16,IF(O16-K16-L16<0,"",O16-K16-L16))),"") -> 0.375 | O16: =IF(AG16="2H Pause déjeuner",IF(F16-D16-0.0833333333333333<0,F16-D16-0.0833333333333333+1,F16-D16-0.0833333333333333),IF(OR(AND(F16="OFF",D16="OFF"),AND(F16="Congé",D16="Congé"),AND(F16="Congé sans solde",D16="Congé sans solde"),AND(F16="Congé spécial",D16="Congé spécial"),AND(F16="Férié",D16="Férié"),AND(F16="OFF",D16="Congé"),AND(F16="OFF",D16="Congé sans solde"),AND(F16="OFF",D16="Congé spécial"),AND(F16="OFF",D16="Férié"),AND(F16="Congé",D16="OFF"),AND(F16="Congé",D16="Congé sans solde"),AND(F16="Congé",D16="Congé spécial"),AND(F16="Congé",D16="Férié"),AND(F16="Congé sans solde",D16="OFF"),AND(F16="Congé sans solde",D16="Congé"),AND(F16="Congé sans solde",D16="Congé spécial"),AND(F16="Congé sans solde",D16="Férié"),AND(F16="Congé spécial",D16="OFF"),AND(F16="Congé spécial",D16="Congé"),AND(F16="Congé spécial",D16="Congé sans solde"),AND(F16="Congé spécial",D16="Férié"),AND(F16="Férié",D16="OFF"),AND(F16="Férié",D16="Congé"),AND(F16="Férié",D16="Congé sans solde"),AND(F16="Férié",D16="Congé spécial")),0,IF(OR(F16="OFF",F16="Congé",F16="Congé spécial",F16="Congé sans solde",D16="OFF",D16="Congé",D16="Congé spécial",D16="Congé sans solde"),0.208333333333334,IF(AND(AG16="",F16-D16<0),("24:00:00"-D16)+("00:00:00"+F16)-0.0416666666666667,IF(AND(OR(AG16="Allaitement",AG16="Sans déjeuner"),F16-D16<0),("24:00:00"-D16)+("00:00:00"+F16),IF(AND(AG16="",F16-D16>0.166666666666667),F16-D16-0.0416666666666667,IF(AND(OR(AG16="Allaitement",AG16="Sans déjeuner"),F16-D16>0.166666666666667),F16-D16,F16-D16))))))) -> 0.375 | P16: =IFERROR(VLOOKUP($B16,Agents!$A:$D,2,0),"-") -> Accessibilité | Q16: 45985 | R16: =IF(M16="Abs",O16,0) -> 0 | S16: =SUM(R16,L16,I16,J16,W16,H16) -> 0 | T16: ="Sem - "&WEEKNUM(Q16,21) -> Sem - 48 | U16: =CHOOSE(MONTH(Q16),"Janvier","Février","Mars","Avril","Mai","Juin","Juillet","Août","Septembre","Octobre","Novembre","Décembre") -> Novembre | V16: =YEAR(Q16) -> 2025 | X16: =IFERROR(IF(M16="Abs",0,IF(ROUND((D16-C16+E16-F16)*1440,0)<=1,0,D16-C16+E16-F16)),0) -> 0 | Y16: =IFERROR(VLOOKUP($B16,Agents!$A:$D,3,0),"-") -> OUBRAHIM Mohammed | Z16: =IFERROR(VLOOKUP($B16,Agents!$A:$D,4,0),"-") -> Credit Mutuel | AA16: S48-2025 | AB16: =IF(AND(D16="Congé",F16="Congé"),0.333333333333333,IF(OR(AND(D16="Congé",F16<>"Congé"),(AND(F16="Congé",D16<>"Congé"))),0.166666666666667,"")) | AC16: =IF(AND(D16="Congé sans solde",F16="Congé sans solde"),0.333333333333333,IF(OR(AND(D16="Congé sans solde",F16<>"Congé sans solde"),(AND(F16="Congé sans solde",D16<>"Congé sans solde"))),0.166666666666667,"")) | AD16: =IF(AND(D16="Congé spécial",F16="Congé spécial"),0.333333333333333,IF(OR(AND(D16="Congé spécial",F16<>"Congé spécial"),AND(F16="Congé spécial",D16<>"Congé spécial")),0.166666666666667,"")) | AE16: =IF(AND(D16="Férié",F16="Férié"),0.333333333333333,IF(OR(AND(D16="Férié",F16<>"Férié"),(AND(F16="Férié",D16<>"Férié"))),0.166666666666667,""))
A17: =YEAR(Q17-WEEKDAY(Q17,2)+4)&"-S"&TEXT(WEEKNUM(Q17,21),"00") -> 2025-S48 | B17: HAMDANI MOHAMED | C17: 0.33333333 | D17: 0.33333333 | E17: 0.75 | F17: 0.75 | I17: =IF(IF(OR(C17="",D17="Congé",D17="OFF",D17="Congé spécial"),"",IF(D17>F17,D17-C17,IF(C17-D17<0,0,C17-D17)))<0.00068287037037037,"",IF(OR(D17="Congé",D17="OFF",C17="",D17="Congé spécial"),"",IF(D17>F17,D17-C17,IF(C17-D17<0,0,C17-D17)))) | K17: =IF(SUM(H17:J17)<0.00068287037037037,0,SUM(H17:J17)) -> 0 | L17: =IF(OR(F17="Congé",F17="OFF",M17="Abs",F17="Congé sans solde",F17="Férié",F17="Congé spécial",D17="Congé spécial"),0,IF(F17-E17<0,0,IF(F17-E17<=0.00068287037037037,0,F17-E17))) -> 0 | M17: =IF(AND(O17<>0,C17=""),"Abs",0) -> 0 | N17: =IFERROR(IF(OR(D17="OFF",D17="Congé",M17="Abs",D17="Congé sans solde",D17="Férié"),"",IF(O17-K17-L17>O17,O17,IF(O17-K17-L17<0,"",O17-K17-L17))),"") -> 0.375 | O17: =IF(AG17="2H Pause déjeuner",IF(F17-D17-0.0833333333333333<0,F17-D17-0.0833333333333333+1,F17-D17-0.0833333333333333),IF(OR(AND(F17="OFF",D17="OFF"),AND(F17="Congé",D17="Congé"),AND(F17="Congé sans solde",D17="Congé sans solde"),AND(F17="Congé spécial",D17="Congé spécial"),AND(F17="Férié",D17="Férié"),AND(F17="OFF",D17="Congé"),AND(F17="OFF",D17="Congé sans solde"),AND(F17="OFF",D17="Congé spécial"),AND(F17="OFF",D17="Férié"),AND(F17="Congé",D17="OFF"),AND(F17="Congé",D17="Congé sans solde"),AND(F17="Congé",D17="Congé spécial"),AND(F17="Congé",D17="Férié"),AND(F17="Congé sans solde",D17="OFF"),AND(F17="Congé sans solde",D17="Congé"),AND(F17="Congé sans solde",D17="Congé spécial"),AND(F17="Congé sans solde",D17="Férié"),AND(F17="Congé spécial",D17="OFF"),AND(F17="Congé spécial",D17="Congé"),AND(F17="Congé spécial",D17="Congé sans solde"),AND(F17="Congé spécial",D17="Férié"),AND(F17="Férié",D17="OFF"),AND(F17="Férié",D17="Congé"),AND(F17="Férié",D17="Congé sans solde"),AND(F17="Férié",D17="Congé spécial")),0,IF(OR(F17="OFF",F17="Congé",F17="Congé spécial",F17="Congé sans solde",D17="OFF",D17="Congé",D17="Congé spécial",D17="Congé sans solde"),0.208333333333334,IF(AND(AG17="",F17-D17<0),("24:00:00"-D17)+("00:00:00"+F17)-0.0416666666666667,IF(AND(OR(AG17="Allaitement",AG17="Sans déjeuner"),F17-D17<0),("24:00:00"-D17)+("00:00:00"+F17),IF(AND(AG17="",F17-D17>0.166666666666667),F17-D17-0.0416666666666667,IF(AND(OR(AG17="Allaitement",AG17="Sans déjeuner"),F17-D17>0.166666666666667),F17-D17,F17-D17))))))) -> 0.375 | P17: =IFERROR(VLOOKUP($B17,Agents!$A:$D,2,0),"-") -> Accessibilité | Q17: 45985 | R17: =IF(M17="Abs",O17,0) -> 0 | S17: =SUM(R17,L17,I17,J17,W17,H17) -> 0 | T17: ="Sem - "&WEEKNUM(Q17,21) -> Sem - 48 | U17: =CHOOSE(MONTH(Q17),"Janvier","Février","Mars","Avril","Mai","Juin","Juillet","Août","Septembre","Octobre","Novembre","Décembre") -> Novembre | V17: =YEAR(Q17) -> 2025 | X17: =IFERROR(IF(M17="Abs",0,IF(ROUND((D17-C17+E17-F17)*1440,0)<=1,0,D17-C17+E17-F17)),0) -> 0 | Y17: =IFERROR(VLOOKUP($B17,Agents!$A:$D,3,0),"-") -> OUBRAHIM Mohammed | Z17: =IFERROR(VLOOKUP($B17,Agents!$A:$D,4,0),"-") -> Credit Mutuel | AA17: S48-2025 | AB17: =IF(AND(D17="Congé",F17="Congé"),0.333333333333333,IF(OR(AND(D17="Congé",F17<>"Congé"),(AND(F17="Congé",D17<>"Congé"))),0.166666666666667,"")) | AC17: =IF(AND(D17="Congé sans solde",F17="Congé sans solde"),0.333333333333333,IF(OR(AND(D17="Congé sans solde",F17<>"Congé sans solde"),(AND(F17="Congé sans solde",D17<>"Congé sans solde"))),0.166666666666667,"")) | AD17: =IF(AND(D17="Congé spécial",F17="Congé spécial"),0.333333333333333,IF(OR(AND(D17="Congé spécial",F17<>"Congé spécial"),AND(F17="Congé spécial",D17<>"Congé spécial")),0.166666666666667,"")) | AE17: =IF(AND(D17="Férié",F17="Férié"),0.333333333333333,IF(OR(AND(D17="Férié",F17<>"Férié"),(AND(F17="Férié",D17<>"Férié"))),0.166666666666667,""))
A18: =YEAR(Q18-WEEKDAY(Q18,2)+4)&"-S"&TEXT(WEEKNUM(Q18,21),"00") -> 2025-S48 | B18: BENCHRIF HAFSSA | C18: 0.33194444 | D18: 0.33333333 | E18: 0.75 | F18: 0.75 | I18: =IF(IF(OR(C18="",D18="Congé",D18="OFF",D18="Congé spécial"),"",IF(D18>F18,D18-C18,IF(C18-D18<0,0,C18-D18)))<0.00068287037037037,"",IF(OR(D18="Congé",D18="OFF",C18="",D18="Congé spécial"),"",IF(D18>F18,D18-C18,IF(C18-D18<0,0,C18-D18)))) | K18: =IF(SUM(H18:J18)<0.00068287037037037,0,SUM(H18:J18)) -> 0 | L18: =IF(OR(F18="Congé",F18="OFF",M18="Abs",F18="Congé sans solde",F18="Férié",F18="Congé spécial",D18="Congé spécial"),0,IF(F18-E18<0,0,IF(F18-E18<=0.00068287037037037,0,F18-E18))) -> 0 | M18: =IF(AND(O18<>0,C18=""),"Abs",0) -> 0 | N18: =IFERROR(IF(OR(D18="OFF",D18="Congé",M18="Abs",D18="Congé sans solde",D18="Férié"),"",IF(O18-K18-L18>O18,O18,IF(O18-K18-L18<0,"",O18-K18-L18))),"") -> 0.375 | O18: =IF(AG18="2H Pause déjeuner",IF(F18-D18-0.0833333333333333<0,F18-D18-0.0833333333333333+1,F18-D18-0.0833333333333333),IF(OR(AND(F18="OFF",D18="OFF"),AND(F18="Congé",D18="Congé"),AND(F18="Congé sans solde",D18="Congé sans solde"),AND(F18="Congé spécial",D18="Congé spécial"),AND(F18="Férié",D18="Férié"),AND(F18="OFF",D18="Congé"),AND(F18="OFF",D18="Congé sans solde"),AND(F18="OFF",D18="Congé spécial"),AND(F18="OFF",D18="Férié"),AND(F18="Congé",D18="OFF"),AND(F18="Congé",D18="Congé sans solde"),AND(F18="Congé",D18="Congé spécial"),AND(F18="Congé",D18="Férié"),AND(F18="Congé sans solde",D18="OFF"),AND(F18="Congé sans solde",D18="Congé"),AND(F18="Congé sans solde",D18="Congé spécial"),AND(F18="Congé sans solde",D18="Férié"),AND(F18="Congé spécial",D18="OFF"),AND(F18="Congé spécial",D18="Congé"),AND(F18="Congé spécial",D18="Congé sans solde"),AND(F18="Congé spécial",D18="Férié"),AND(F18="Férié",D18="OFF"),AND(F18="Férié",D18="Congé"),AND(F18="Férié",D18="Congé sans solde"),AND(F18="Férié",D18="Congé spécial")),0,IF(OR(F18="OFF",F18="Congé",F18="Congé spécial",F18="Congé sans solde",D18="OFF",D18="Congé",D18="Congé spécial",D18="Congé sans solde"),0.208333333333334,IF(AND(AG18="",F18-D18<0),("24:00:00"-D18)+("00:00:00"+F18)-0.0416666666666667,IF(AND(OR(AG18="Allaitement",AG18="Sans déjeuner"),F18-D18<0),("24:00:00"-D18)+("00:00:00"+F18),IF(AND(AG18="",F18-D18>0.166666666666667),F18-D18-0.0416666666666667,IF(AND(OR(AG18="Allaitement",AG18="Sans déjeuner"),F18-D18>0.166666666666667),F18-D18,F18-D18))))))) -> 0.375 | P18: =IFERROR(VLOOKUP($B18,Agents!$A:$D,2,0),"-") -> Accessibilité | Q18: 45986 | R18: =IF(M18="Abs",O18,0) -> 0 | S18: =SUM(R18,L18,I18,J18,W18,H18) -> 0 | T18: ="Sem - "&WEEKNUM(Q18,21) -> Sem - 48 | U18: =CHOOSE(MONTH(Q18),"Janvier","Février","Mars","Avril","Mai","Juin","Juillet","Août","Septembre","Octobre","Novembre","Décembre") -> Novembre | V18: =YEAR(Q18) -> 2025 | X18: =IFERROR(IF(M18="Abs",0,IF(ROUND((D18-C18+E18-F18)*1440,0)<=1,0,D18-C18+E18-F18)),0) -> 0.0013888889 | Y18: =IFERROR(VLOOKUP($B18,Agents!$A:$D,3,0),"-") -> OUBRAHIM Mohammed | Z18: =IFERROR(VLOOKUP($B18,Agents!$A:$D,4,0),"-") -> Credit Mutuel | AA18: S48-2025 | AB18: =IF(AND(D18="Congé",F18="Congé"),0.333333333333333,IF(OR(AND(D18="Congé",F18<>"Congé"),(AND(F18="Congé",D18<>"Congé"))),0.166666666666667,"")) | AC18: =IF(AND(D18="Congé sans solde",F18="Congé sans solde"),0.333333333333333,IF(OR(AND(D18="Congé sans solde",F18<>"Congé sans solde"),(AND(F18="Congé sans solde",D18<>"Congé sans solde"))),0.166666666666667,"")) | AD18: =IF(AND(D18="Congé spécial",F18="Congé spécial"),0.333333333333333,IF(OR(AND(D18="Congé spécial",F18<>"Congé spécial"),AND(F18="Congé spécial",D18<>"Congé spécial")),0.166666666666667,"")) | AE18: =IF(AND(D18="Férié",F18="Férié"),0.333333333333333,IF(OR(AND(D18="Férié",F18<>"Férié"),(AND(F18="Férié",D18<>"Férié"))),0.166666666666667,""))
A19: =YEAR(Q19-WEEKDAY(Q19,2)+4)&"-S"&TEXT(WEEKNUM(Q19,21),"00") -> 2025-S48 | B19: LISSAOUI HIBA | C19: 0.33194444 | D19: 0.33333333 | E19: 0.75 | F19: 0.75 | I19: =IF(IF(OR(C19="",D19="Congé",D19="OFF",D19="Congé spécial"),"",IF(D19>F19,D19-C19,IF(C19-D19<0,0,C19-D19)))<0.00068287037037037,"",IF(OR(D19="Congé",D19="OFF",C19="",D19="Congé spécial"),"",IF(D19>F19,D19-C19,IF(C19-D19<0,0,C19-D19)))) | K19: =IF(SUM(H19:J19)<0.00068287037037037,0,SUM(H19:J19)) -> 0 | L19: =IF(OR(F19="Congé",F19="OFF",M19="Abs",F19="Congé sans solde",F19="Férié",F19="Congé spécial",D19="Congé spécial"),0,IF(F19-E19<0,0,IF(F19-E19<=0.00068287037037037,0,F19-E19))) -> 0 | M19: =IF(AND(O19<>0,C19=""),"Abs",0) -> 0 | N19: =IFERROR(IF(OR(D19="OFF",D19="Congé",M19="Abs",D19="Congé sans solde",D19="Férié"),"",IF(O19-K19-L19>O19,O19,IF(O19-K19-L19<0,"",O19-K19-L19))),"") -> 0.375 | O19: =IF(AG19="2H Pause déjeuner",IF(F19-D19-0.0833333333333333<0,F19-D19-0.0833333333333333+1,F19-D19-0.0833333333333333),IF(OR(AND(F19="OFF",D19="OFF"),AND(F19="Congé",D19="Congé"),AND(F19="Congé sans solde",D19="Congé sans solde"),AND(F19="Congé spécial",D19="Congé spécial"),AND(F19="Férié",D19="Férié"),AND(F19="OFF",D19="Congé"),AND(F19="OFF",D19="Congé sans solde"),AND(F19="OFF",D19="Congé spécial"),AND(F19="OFF",D19="Férié"),AND(F19="Congé",D19="OFF"),AND(F19="Congé",D19="Congé sans solde"),AND(F19="Congé",D19="Congé spécial"),AND(F19="Congé",D19="Férié"),AND(F19="Congé sans solde",D19="OFF"),AND(F19="Congé sans solde",D19="Congé"),AND(F19="Congé sans solde",D19="Congé spécial"),AND(F19="Congé sans solde",D19="Férié"),AND(F19="Congé spécial",D19="OFF"),AND(F19="Congé spécial",D19="Congé"),AND(F19="Congé spécial",D19="Congé sans solde"),AND(F19="Congé spécial",D19="Férié"),AND(F19="Férié",D19="OFF"),AND(F19="Férié",D19="Congé"),AND(F19="Férié",D19="Congé sans solde"),AND(F19="Férié",D19="Congé spécial")),0,IF(OR(F19="OFF",F19="Congé",F19="Congé spécial",F19="Congé sans solde",D19="OFF",D19="Congé",D19="Congé spécial",D19="Congé sans solde"),0.208333333333334,IF(AND(AG19="",F19-D19<0),("24:00:00"-D19)+("00:00:00"+F19)-0.0416666666666667,IF(AND(OR(AG19="Allaitement",AG19="Sans déjeuner"),F19-D19<0),("24:00:00"-D19)+("00:00:00"+F19),IF(AND(AG19="",F19-D19>0.166666666666667),F19-D19-0.0416666666666667,IF(AND(OR(AG19="Allaitement",AG19="Sans déjeuner"),F19-D19>0.166666666666667),F19-D19,F19-D19))))))) -> 0.375 | P19: =IFERROR(VLOOKUP($B19,Agents!$A:$D,2,0),"-") -> Accessibilité | Q19: 45986 | R19: =IF(M19="Abs",O19,0) -> 0 | S19: =SUM(R19,L19,I19,J19,W19,H19) -> 0 | T19: ="Sem - "&WEEKNUM(Q19,21) -> Sem - 48 | U19: =CHOOSE(MONTH(Q19),"Janvier","Février","Mars","Avril","Mai","Juin","Juillet","Août","Septembre","Octobre","Novembre","Décembre") -> Novembre | V19: =YEAR(Q19) -> 2025 | X19: =IFERROR(IF(M19="Abs",0,IF(ROUND((D19-C19+E19-F19)*1440,0)<=1,0,D19-C19+E19-F19)),0) -> 0.0013888889 | Y19: =IFERROR(VLOOKUP($B19,Agents!$A:$D,3,0),"-") -> OUBRAHIM Mohammed | Z19: =IFERROR(VLOOKUP($B19,Agents!$A:$D,4,0),"-") -> Credit Mutuel | AA19: S48-2025 | AB19: =IF(AND(D19="Congé",F19="Congé"),0.333333333333333,IF(OR(AND(D19="Congé",F19<>"Congé"),(AND(F19="Congé",D19<>"Congé"))),0.166666666666667,"")) | AC19: =IF(AND(D19="Congé sans solde",F19="Congé sans solde"),0.333333333333333,IF(OR(AND(D19="Congé sans solde",F19<>"Congé sans solde"),(AND(F19="Congé sans solde",D19<>"Congé sans solde"))),0.166666666666667,"")) | AD19: =IF(AND(D19="Congé spécial",F19="Congé spécial"),0.333333333333333,IF(OR(AND(D19="Congé spécial",F19<>"Congé spécial"),AND(F19="Congé spécial",D19<>"Congé spécial")),0.166666666666667,"")) | AE19: =IF(AND(D19="Férié",F19="Férié"),0.333333333333333,IF(OR(AND(D19="Férié",F19<>"Férié"),(AND(F19="Férié",D19<>"Férié"))),0.166666666666667,""))
A20: =YEAR(Q20-WEEKDAY(Q20,2)+4)&"-S"&TEXT(WEEKNUM(Q20,21),"00") -> 2025-S48 | B20: RMAIDI IMAD | C20: 0.33263889 | D20: 0.33333333 | E20: 0.75 | F20: 0.75 | I20: =IF(IF(OR(C20="",D20="Congé",D20="OFF",D20="Congé spécial"),"",IF(D20>F20,D20-C20,IF(C20-D20<0,0,C20-D20)))<0.00068287037037037,"",IF(OR(D20="Congé",D20="OFF",C20="",D20="Congé spécial"),"",IF(D20>F20,D20-C20,IF(C20-D20<0,0,C20-D20)))) | K20: =IF(SUM(H20:J20)<0.00068287037037037,0,SUM(H20:J20)) -> 0 | L20: =IF(OR(F20="Congé",F20="OFF",M20="Abs",F20="Congé sans solde",F20="Férié",F20="Congé spécial",D20="Congé spécial"),0,IF(F20-E20<0,0,IF(F20-E20<=0.00068287037037037,0,F20-E20))) -> 0 | M20: =IF(AND(O20<>0,C20=""),"Abs",0) -> 0 | N20: =IFERROR(IF(OR(D20="OFF",D20="Congé",M20="Abs",D20="Congé sans solde",D20="Férié"),"",IF(O20-K20-L20>O20,O20,IF(O20-K20-L20<0,"",O20-K20-L20))),"") -> 0.375 | O20: =IF(AG20="2H Pause déjeuner",IF(F20-D20-0.0833333333333333<0,F20-D20-0.0833333333333333+1,F20-D20-0.0833333333333333),IF(OR(AND(F20="OFF",D20="OFF"),AND(F20="Congé",D20="Congé"),AND(F20="Congé sans solde",D20="Congé sans solde"),AND(F20="Congé spécial",D20="Congé spécial"),AND(F20="Férié",D20="Férié"),AND(F20="OFF",D20="Congé"),AND(F20="OFF",D20="Congé sans solde"),AND(F20="OFF",D20="Congé spécial"),AND(F20="OFF",D20="Férié"),AND(F20="Congé",D20="OFF"),AND(F20="Congé",D20="Congé sans solde"),AND(F20="Congé",D20="Congé spécial"),AND(F20="Congé",D20="Férié"),AND(F20="Congé sans solde",D20="OFF"),AND(F20="Congé sans solde",D20="Congé"),AND(F20="Congé sans solde",D20="Congé spécial"),AND(F20="Congé sans solde",D20="Férié"),AND(F20="Congé spécial",D20="OFF"),AND(F20="Congé spécial",D20="Congé"),AND(F20="Congé spécial",D20="Congé sans solde"),AND(F20="Congé spécial",D20="Férié"),AND(F20="Férié",D20="OFF"),AND(F20="Férié",D20="Congé"),AND(F20="Férié",D20="Congé sans solde"),AND(F20="Férié",D20="Congé spécial")),0,IF(OR(F20="OFF",F20="Congé",F20="Congé spécial",F20="Congé sans solde",D20="OFF",D20="Congé",D20="Congé spécial",D20="Congé sans solde"),0.208333333333334,IF(AND(AG20="",F20-D20<0),("24:00:00"-D20)+("00:00:00"+F20)-0.0416666666666667,IF(AND(OR(AG20="Allaitement",AG20="Sans déjeuner"),F20-D20<0),("24:00:00"-D20)+("00:00:00"+F20),IF(AND(AG20="",F20-D20>0.166666666666667),F20-D20-0.0416666666666667,IF(AND(OR(AG20="Allaitement",AG20="Sans déjeuner"),F20-D20>0.166666666666667),F20-D20,F20-D20))))))) -> 0.375 | P20: =IFERROR(VLOOKUP($B20,Agents!$A:$D,2,0),"-") -> Accessibilité | Q20: 45986 | R20: =IF(M20="Abs",O20,0) -> 0 | S20: =SUM(R20,L20,I20,J20,W20,H20) -> 0 | T20: ="Sem - "&WEEKNUM(Q20,21) -> Sem - 48 | U20: =CHOOSE(MONTH(Q20),"Janvier","Février","Mars","Avril","Mai","Juin","Juillet","Août","Septembre","Octobre","Novembre","Décembre") -> Novembre | V20: =YEAR(Q20) -> 2025 | X20: =IFERROR(IF(M20="Abs",0,IF(ROUND((D20-C20+E20-F20)*1440,0)<=1,0,D20-C20+E20-F20)),0) -> 0 | Y20: =IFERROR(VLOOKUP($B20,Agents!$A:$D,3,0),"-") -> OUBRAHIM Mohammed | Z20: =IFERROR(VLOOKUP($B20,Agents!$A:$D,4,0),"-") -> Credit Mutuel | AA20: S48-2025 | AB20: =IF(AND(D20="Congé",F20="Congé"),0.333333333333333,IF(OR(AND(D20="Congé",F20<>"Congé"),(AND(F20="Congé",D20<>"Congé"))),0.166666666666667,"")) | AC20: =IF(AND(D20="Congé sans solde",F20="Congé sans solde"),0.333333333333333,IF(OR(AND(D20="Congé sans solde",F20<>"Congé sans solde"),(AND(F20="Congé sans solde",D20<>"Congé sans solde"))),0.166666666666667,"")) | AD20: =IF(AND(D20="Congé spécial",F20="Congé spécial"),0.333333333333333,IF(OR(AND(D20="Congé spécial",F20<>"Congé spécial"),AND(F20="Congé spécial",D20<>"Congé spécial")),0.166666666666667,"")) | AE20: =IF(AND(D20="Férié",F20="Férié"),0.333333333333333,IF(OR(AND(D20="Férié",F20<>"Férié"),(AND(F20="Férié",D20<>"Férié"))),0.166666666666667,""))
A21: =YEAR(Q21-WEEKDAY(Q21,2)+4)&"-S"&TEXT(WEEKNUM(Q21,21),"00") -> 2025-S48 | B21: HAMDANI MOHAMED | C21: 0.33263889 | D21: 0.33333333 | E21: 0.75 | F21: 0.75 | I21: =IF(IF(OR(C21="",D21="Congé",D21="OFF",D21="Congé spécial"),"",IF(D21>F21,D21-C21,IF(C21-D21<0,0,C21-D21)))<0.00068287037037037,"",IF(OR(D21="Congé",D21="OFF",C21="",D21="Congé spécial"),"",IF(D21>F21,D21-C21,IF(C21-D21<0,0,C21-D21)))) | K21: =IF(SUM(H21:J21)<0.00068287037037037,0,SUM(H21:J21)) -> 0 | L21: =IF(OR(F21="Congé",F21="OFF",M21="Abs",F21="Congé sans solde",F21="Férié",F21="Congé spécial",D21="Congé spécial"),0,IF(F21-E21<0,0,IF(F21-E21<=0.00068287037037037,0,F21-E21))) -> 0 | M21: =IF(AND(O21<>0,C21=""),"Abs",0) -> 0 | N21: =IFERROR(IF(OR(D21="OFF",D21="Congé",M21="Abs",D21="Congé sans solde",D21="Férié"),"",IF(O21-K21-L21>O21,O21,IF(O21-K21-L21<0,"",O21-K21-L21))),"") -> 0.375 | O21: =IF(AG21="2H Pause déjeuner",IF(F21-D21-0.0833333333333333<0,F21-D21-0.0833333333333333+1,F21-D21-0.0833333333333333),IF(OR(AND(F21="OFF",D21="OFF"),AND(F21="Congé",D21="Congé"),AND(F21="Congé sans solde",D21="Congé sans solde"),AND(F21="Congé spécial",D21="Congé spécial"),AND(F21="Férié",D21="Férié"),AND(F21="OFF",D21="Congé"),AND(F21="OFF",D21="Congé sans solde"),AND(F21="OFF",D21="Congé spécial"),AND(F21="OFF",D21="Férié"),AND(F21="Congé",D21="OFF"),AND(F21="Congé",D21="Congé sans solde"),AND(F21="Congé",D21="Congé spécial"),AND(F21="Congé",D21="Férié"),AND(F21="Congé sans solde",D21="OFF"),AND(F21="Congé sans solde",D21="Congé"),AND(F21="Congé sans solde",D21="Congé spécial"),AND(F21="Congé sans solde",D21="Férié"),AND(F21="Congé spécial",D21="OFF"),AND(F21="Congé spécial",D21="Congé"),AND(F21="Congé spécial",D21="Congé sans solde"),AND(F21="Congé spécial",D21="Férié"),AND(F21="Férié",D21="OFF"),AND(F21="Férié",D21="Congé"),AND(F21="Férié",D21="Congé sans solde"),AND(F21="Férié",D21="Congé spécial")),0,IF(OR(F21="OFF",F21="Congé",F21="Congé spécial",F21="Congé sans solde",D21="OFF",D21="Congé",D21="Congé spécial",D21="Congé sans solde"),0.208333333333334,IF(AND(AG21="",F21-D21<0),("24:00:00"-D21)+("00:00:00"+F21)-0.0416666666666667,IF(AND(OR(AG21="Allaitement",AG21="Sans déjeuner"),F21-D21<0),("24:00:00"-D21)+("00:00:00"+F21),IF(AND(AG21="",F21-D21>0.166666666666667),F21-D21-0.0416666666666667,IF(AND(OR(AG21="Allaitement",AG21="Sans déjeuner"),F21-D21>0.166666666666667),F21-D21,F21-D21))))))) -> 0.375 | P21: =IFERROR(VLOOKUP($B21,Agents!$A:$D,2,0),"-") -> Accessibilité | Q21: 45986 | R21: =IF(M21="Abs",O21,0) -> 0 | S21: =SUM(R21,L21,I21,J21,W21,H21) -> 0 | T21: ="Sem - "&WEEKNUM(Q21,21) -> Sem - 48 | U21: =CHOOSE(MONTH(Q21),"Janvier","Février","Mars","Avril","Mai","Juin","Juillet","Août","Septembre","Octobre","Novembre","Décembre") -> Novembre | V21: =YEAR(Q21) -> 2025 | X21: =IFERROR(IF(M21="Abs",0,IF(ROUND((D21-C21+E21-F21)*1440,0)<=1,0,D21-C21+E21-F21)),0) -> 0 | Y21: =IFERROR(VLOOKUP($B21,Agents!$A:$D,3,0),"-") -> OUBRAHIM Mohammed | Z21: =IFERROR(VLOOKUP($B21,Agents!$A:$D,4,0),"-") -> Credit Mutuel | AA21: S48-2025 | AB21: =IF(AND(D21="Congé",F21="Congé"),0.333333333333333,IF(OR(AND(D21="Congé",F21<>"Congé"),(AND(F21="Congé",D21<>"Congé"))),0.166666666666667,"")) | AC21: =IF(AND(D21="Congé sans solde",F21="Congé sans solde"),0.333333333333333,IF(OR(AND(D21="Congé sans solde",F21<>"Congé sans solde"),(AND(F21="Congé sans solde",D21<>"Congé sans solde"))),0.166666666666667,"")) | AD21: =IF(AND(D21="Congé spécial",F21="Congé spécial"),0.333333333333333,IF(OR(AND(D21="Congé spécial",F21<>"Congé spécial"),AND(F21="Congé spécial",D21<>"Congé spécial")),0.166666666666667,"")) | AE21: =IF(AND(D21="Férié",F21="Férié"),0.333333333333333,IF(OR(AND(D21="Férié",F21<>"Férié"),(AND(F21="Férié",D21<>"Férié"))),0.166666666666667,""))
A22: =YEAR(Q22-WEEKDAY(Q22,2)+4)&"-S"&TEXT(WEEKNUM(Q22,21),"00") -> 2025-S48 | B22: BENCHRIF HAFSSA | C22: 0.33194444 | D22: 0.33333333 | E22: 0.75 | F22: 0.75 | I22: =IF(IF(OR(C22="",D22="Congé",D22="OFF",D22="Congé spécial"),"",IF(D22>F22,D22-C22,IF(C22-D22<0,0,C22-D22)))<0.00068287037037037,"",IF(OR(D22="Congé",D22="OFF",C22="",D22="Congé spécial"),"",IF(D22>F22,D22-C22,IF(C22-D22<0,0,C22-D22)))) | K22: =IF(SUM(H22:J22)<0.00068287037037037,0,SUM(H22:J22)) -> 0 | L22: =IF(OR(F22="Congé",F22="OFF",M22="Abs",F22="Congé sans solde",F22="Férié",F22="Congé spécial",D22="Congé spécial"),0,IF(F22-E22<0,0,IF(F22-E22<=0.00068287037037037,0,F22-E22))) -> 0 | M22: =IF(AND(O22<>0,C22=""),"Abs",0) -> 0 | N22: =IFERROR(IF(OR(D22="OFF",D22="Congé",M22="Abs",D22="Congé sans solde",D22="Férié"),"",IF(O22-K22-L22>O22,O22,IF(O22-K22-L22<0,"",O22-K22-L22))),"") -> 0.375 | O22: =IF(AG22="2H Pause déjeuner",IF(F22-D22-0.0833333333333333<0,F22-D22-0.0833333333333333+1,F22-D22-0.0833333333333333),IF(OR(AND(F22="OFF",D22="OFF"),AND(F22="Congé",D22="Congé"),AND(F22="Congé sans solde",D22="Congé sans solde"),AND(F22="Congé spécial",D22="Congé spécial"),AND(F22="Férié",D22="Férié"),AND(F22="OFF",D22="Congé"),AND(F22="OFF",D22="Congé sans solde"),AND(F22="OFF",D22="Congé spécial"),AND(F22="OFF",D22="Férié"),AND(F22="Congé",D22="OFF"),AND(F22="Congé",D22="Congé sans solde"),AND(F22="Congé",D22="Congé spécial"),AND(F22="Congé",D22="Férié"),AND(F22="Congé sans solde",D22="OFF"),AND(F22="Congé sans solde",D22="Congé"),AND(F22="Congé sans solde",D22="Congé spécial"),AND(F22="Congé sans solde",D22="Férié"),AND(F22="Congé spécial",D22="OFF"),AND(F22="Congé spécial",D22="Congé"),AND(F22="Congé spécial",D22="Congé sans solde"),AND(F22="Congé spécial",D22="Férié"),AND(F22="Férié",D22="OFF"),AND(F22="Férié",D22="Congé"),AND(F22="Férié",D22="Congé sans solde"),AND(F22="Férié",D22="Congé spécial")),0,IF(OR(F22="OFF",F22="Congé",F22="Congé spécial",F22="Congé sans solde",D22="OFF",D22="Congé",D22="Congé spécial",D22="Congé sans solde"),0.208333333333334,IF(AND(AG22="",F22-D22<0),("24:00:00"-D22)+("00:00:00"+F22)-0.0416666666666667,IF(AND(OR(AG22="Allaitement",AG22="Sans déjeuner"),F22-D22<0),("24:00:00"-D22)+("00:00:00"+F22),IF(AND(AG22="",F22-D22>0.166666666666667),F22-D22-0.0416666666666667,IF(AND(OR(AG22="Allaitement",AG22="Sans déjeuner"),F22-D22>0.166666666666667),F22-D22,F22-D22))))))) -> 0.375 | P22: =IFERROR(VLOOKUP($B22,Agents!$A:$D,2,0),"-") -> Accessibilité | Q22: 45987 | R22: =IF(M22="Abs",O22,0) -> 0 | S22: =SUM(R22,L22,I22,J22,W22,H22) -> 0 | T22: ="Sem - "&WEEKNUM(Q22,21) -> Sem - 48 | U22: =CHOOSE(MONTH(Q22),"Janvier","Février","Mars","Avril","Mai","Juin","Juillet","Août","Septembre","Octobre","Novembre","Décembre") -> Novembre | V22: =YEAR(Q22) -> 2025 | X22: =IFERROR(IF(M22="Abs",0,IF(ROUND((D22-C22+E22-F22)*1440,0)<=1,0,D22-C22+E22-F22)),0) -> 0.0013888889 | Y22: =IFERROR(VLOOKUP($B22,Agents!$A:$D,3,0),"-") -> OUBRAHIM Mohammed | Z22: =IFERROR(VLOOKUP($B22,Agents!$A:$D,4,0),"-") -> Credit Mutuel | AA22: S48-2025 | AB22: =IF(AND(D22="Congé",F22="Congé"),0.333333333333333,IF(OR(AND(D22="Congé",F22<>"Congé"),(AND(F22="Congé",D22<>"Congé"))),0.166666666666667,"")) | AC22: =IF(AND(D22="Congé sans solde",F22="Congé sans solde"),0.333333333333333,IF(OR(AND(D22="Congé sans solde",F22<>"Congé sans solde"),(AND(F22="Congé sans solde",D22<>"Congé sans solde"))),0.166666666666667,"")) | AD22: =IF(AND(D22="Congé spécial",F22="Congé spécial"),0.333333333333333,IF(OR(AND(D22="Congé spécial",F22<>"Congé spécial"),AND(F22="Congé spécial",D22<>"Congé spécial")),0.166666666666667,"")) | AE22: =IF(AND(D22="Férié",F22="Férié"),0.333333333333333,IF(OR(AND(D22="Férié",F22<>"Férié"),(AND(F22="Férié",D22<>"Férié"))),0.166666666666667,""))
A23: =YEAR(Q23-WEEKDAY(Q23,2)+4)&"-S"&TEXT(WEEKNUM(Q23,21),"00") -> 2025-S48 | B23: LISSAOUI HIBA | C23: 0.33263889 | D23: 0.33333333 | E23: 0.75 | F23: 0.75 | I23: =IF(IF(OR(C23="",D23="Congé",D23="OFF",D23="Congé spécial"),"",IF(D23>F23,D23-C23,IF(C23-D23<0,0,C23-D23)))<0.00068287037037037,"",IF(OR(D23="Congé",D23="OFF",C23="",D23="Congé spécial"),"",IF(D23>F23,D23-C23,IF(C23-D23<0,0,C23-D23)))) | K23: =IF(SUM(H23:J23)<0.00068287037037037,0,SUM(H23:J23)) -> 0 | L23: =IF(OR(F23="Congé",F23="OFF",M23="Abs",F23="Congé sans solde",F23="Férié",F23="Congé spécial",D23="Congé spécial"),0,IF(F23-E23<0,0,IF(F23-E23<=0.00068287037037037,0,F23-E23))) -> 0 | M23: =IF(AND(O23<>0,C23=""),"Abs",0) -> 0 | N23: =IFERROR(IF(OR(D23="OFF",D23="Congé",M23="Abs",D23="Congé sans solde",D23="Férié"),"",IF(O23-K23-L23>O23,O23,IF(O23-K23-L23<0,"",O23-K23-L23))),"") -> 0.375 | O23: =IF(AG23="2H Pause déjeuner",IF(F23-D23-0.0833333333333333<0,F23-D23-0.0833333333333333+1,F23-D23-0.0833333333333333),IF(OR(AND(F23="OFF",D23="OFF"),AND(F23="Congé",D23="Congé"),AND(F23="Congé sans solde",D23="Congé sans solde"),AND(F23="Congé spécial",D23="Congé spécial"),AND(F23="Férié",D23="Férié"),AND(F23="OFF",D23="Congé"),AND(F23="OFF",D23="Congé sans solde"),AND(F23="OFF",D23="Congé spécial"),AND(F23="OFF",D23="Férié"),AND(F23="Congé",D23="OFF"),AND(F23="Congé",D23="Congé sans solde"),AND(F23="Congé",D23="Congé spécial"),AND(F23="Congé",D23="Férié"),AND(F23="Congé sans solde",D23="OFF"),AND(F23="Congé sans solde",D23="Congé"),AND(F23="Congé sans solde",D23="Congé spécial"),AND(F23="Congé sans solde",D23="Férié"),AND(F23="Congé spécial",D23="OFF"),AND(F23="Congé spécial",D23="Congé"),AND(F23="Congé spécial",D23="Congé sans solde"),AND(F23="Congé spécial",D23="Férié"),AND(F23="Férié",D23="OFF"),AND(F23="Férié",D23="Congé"),AND(F23="Férié",D23="Congé sans solde"),AND(F23="Férié",D23="Congé spécial")),0,IF(OR(F23="OFF",F23="Congé",F23="Congé spécial",F23="Congé sans solde",D23="OFF",D23="Congé",D23="Congé spécial",D23="Congé sans solde"),0.208333333333334,IF(AND(AG23="",F23-D23<0),("24:00:00"-D23)+("00:00:00"+F23)-0.0416666666666667,IF(AND(OR(AG23="Allaitement",AG23="Sans déjeuner"),F23-D23<0),("24:00:00"-D23)+("00:00:00"+F23),IF(AND(AG23="",F23-D23>0.166666666666667),F23-D23-0.0416666666666667,IF(AND(OR(AG23="Allaitement",AG23="Sans déjeuner"),F23-D23>0.166666666666667),F23-D23,F23-D23))))))) -> 0.375 | P23: =IFERROR(VLOOKUP($B23,Agents!$A:$D,2,0),"-") -> Accessibilité | Q23: 45987 | R23: =IF(M23="Abs",O23,0) -> 0 | S23: =SUM(R23,L23,I23,J23,W23,H23) -> 0 | T23: ="Sem - "&WEEKNUM(Q23,21) -> Sem - 48 | U23: =CHOOSE(MONTH(Q23),"Janvier","Février","Mars","Avril","Mai","Juin","Juillet","Août","Septembre","Octobre","Novembre","Décembre") -> Novembre | V23: =YEAR(Q23) -> 2025 | X23: =IFERROR(IF(M23="Abs",0,IF(ROUND((D23-C23+E23-F23)*1440,0)<=1,0,D23-C23+E23-F23)),0) -> 0 | Y23: =IFERROR(VLOOKUP($B23,Agents!$A:$D,3,0),"-") -> OUBRAHIM Mohammed | Z23: =IFERROR(VLOOKUP($B23,Agents!$A:$D,4,0),"-") -> Credit Mutuel | AA23: S48-2025 | AB23: =IF(AND(D23="Congé",F23="Congé"),0.333333333333333,IF(OR(AND(D23="Congé",F23<>"Congé"),(AND(F23="Congé",D23<>"Congé"))),0.166666666666667,"")) | AC23: =IF(AND(D23="Congé sans solde",F23="Congé sans solde"),0.333333333333333,IF(OR(AND(D23="Congé sans solde",F23<>"Congé sans solde"),(AND(F23="Congé sans solde",D23<>"Congé sans solde"))),0.166666666666667,"")) | AD23: =IF(AND(D23="Congé spécial",F23="Congé spécial"),0.333333333333333,IF(OR(AND(D23="Congé spécial",F23<>"Congé spécial"),AND(F23="Congé spécial",D23<>"Congé spécial")),0.166666666666667,"")) | AE23: =IF(AND(D23="Férié",F23="Férié"),0.333333333333333,IF(OR(AND(D23="Férié",F23<>"Férié"),(AND(F23="Férié",D23<>"Férié"))),0.166666666666667,""))
A24: =YEAR(Q24-WEEKDAY(Q24,2)+4)&"-S"&TEXT(WEEKNUM(Q24,21),"00") -> 2025-S48 | B24: RMAIDI IMAD | C24: 0.33611111 | D24: 0.33333333 | E24: 0.75 | F24: 0.75 | I24: =IF(IF(OR(C24="",D24="Congé",D24="OFF",D24="Congé spécial"),"",IF(D24>F24,D24-C24,IF(C24-D24<0,0,C24-D24)))<0.00068287037037037,"",IF(OR(D24="Congé",D24="OFF",C24="",D24="Congé spécial"),"",IF(D24>F24,D24-C24,IF(C24-D24<0,0,C24-D24)))) -> 0.0027777778 | K24: =IF(SUM(H24:J24)<0.00068287037037037,0,SUM(H24:J24)) -> 0.0027777778 | L24: =IF(OR(F24="Congé",F24="OFF",M24="Abs",F24="Congé sans solde",F24="Férié",F24="Congé spécial",D24="Congé spécial"),0,IF(F24-E24<0,0,IF(F24-E24<=0.00068287037037037,0,F24-E24))) -> 0 | M24: =IF(AND(O24<>0,C24=""),"Abs",0) -> 0 | N24: =IFERROR(IF(OR(D24="OFF",D24="Congé",M24="Abs",D24="Congé sans solde",D24="Férié"),"",IF(O24-K24-L24>O24,O24,IF(O24-K24-L24<0,"",O24-K24-L24))),"") -> 0.37222222 | O24: =IF(AG24="2H Pause déjeuner",IF(F24-D24-0.0833333333333333<0,F24-D24-0.0833333333333333+1,F24-D24-0.0833333333333333),IF(OR(AND(F24="OFF",D24="OFF"),AND(F24="Congé",D24="Congé"),AND(F24="Congé sans solde",D24="Congé sans solde"),AND(F24="Congé spécial",D24="Congé spécial"),AND(F24="Férié",D24="Férié"),AND(F24="OFF",D24="Congé"),AND(F24="OFF",D24="Congé sans solde"),AND(F24="OFF",D24="Congé spécial"),AND(F24="OFF",D24="Férié"),AND(F24="Congé",D24="OFF"),AND(F24="Congé",D24="Congé sans solde"),AND(F24="Congé",D24="Congé spécial"),AND(F24="Congé",D24="Férié"),AND(F24="Congé sans solde",D24="OFF"),AND(F24="Congé sans solde",D24="Congé"),AND(F24="Congé sans solde",D24="Congé spécial"),AND(F24="Congé sans solde",D24="Férié"),AND(F24="Congé spécial",D24="OFF"),AND(F24="Congé spécial",D24="Congé"),AND(F24="Congé spécial",D24="Congé sans solde"),AND(F24="Congé spécial",D24="Férié"),AND(F24="Férié",D24="OFF"),AND(F24="Férié",D24="Congé"),AND(F24="Férié",D24="Congé sans solde"),AND(F24="Férié",D24="Congé spécial")),0,IF(OR(F24="OFF",F24="Congé",F24="Congé spécial",F24="Congé sans solde",D24="OFF",D24="Congé",D24="Congé spécial",D24="Congé sans solde"),0.208333333333334,IF(AND(AG24="",F24-D24<0),("24:00:00"-D24)+("00:00:00"+F24)-0.0416666666666667,IF(AND(OR(AG24="Allaitement",AG24="Sans déjeuner"),F24-D24<0),("24:00:00"-D24)+("00:00:00"+F24),IF(AND(AG24="",F24-D24>0.166666666666667),F24-D24-0.0416666666666667,IF(AND(OR(AG24="Allaitement",AG24="Sans déjeuner"),F24-D24>0.166666666666667),F24-D24,F24-D24))))))) -> 0.375 | P24: =IFERROR(VLOOKUP($B24,Agents!$A:$D,2,0),"-") -> Accessibilité | Q24: 45987 | R24: =IF(M24="Abs",O24,0) -> 0 | S24: =SUM(R24,L24,I24,J24,W24,H24) -> 0.0027777778 | T24: ="Sem - "&WEEKNUM(Q24,21) -> Sem - 48 | U24: =CHOOSE(MONTH(Q24),"Janvier","Février","Mars","Avril","Mai","Juin","Juillet","Août","Septembre","Octobre","Novembre","Décembre") -> Novembre | V24: =YEAR(Q24) -> 2025 | X24: =IFERROR(IF(M24="Abs",0,IF(ROUND((D24-C24+E24-F24)*1440,0)<=1,0,D24-C24+E24-F24)),0) -> 0 | Y24: =IFERROR(VLOOKUP($B24,Agents!$A:$D,3,0),"-") -> OUBRAHIM Mohammed | Z24: =IFERROR(VLOOKUP($B24,Agents!$A:$D,4,0),"-") -> Credit Mutuel | AA24: S48-2025 | AB24: =IF(AND(D24="Congé",F24="Congé"),0.333333333333333,IF(OR(AND(D24="Congé",F24<>"Congé"),(AND(F24="Congé",D24<>"Congé"))),0.166666666666667,"")) | AC24: =IF(AND(D24="Congé sans solde",F24="Congé sans solde"),0.333333333333333,IF(OR(AND(D24="Congé sans solde",F24<>"Congé sans solde"),(AND(F24="Congé sans solde",D24<>"Congé sans solde"))),0.166666666666667,"")) | AD24: =IF(AND(D24="Congé spécial",F24="Congé spécial"),0.333333333333333,IF(OR(AND(D24="Congé spécial",F24<>"Congé spécial"),AND(F24="Congé spécial",D24<>"Congé spécial")),0.166666666666667,"")) | AE24: =IF(AND(D24="Férié",F24="Férié"),0.333333333333333,IF(OR(AND(D24="Férié",F24<>"Férié"),(AND(F24="Férié",D24<>"Férié"))),0.166666666666667,""))
A25: =YEAR(Q25-WEEKDAY(Q25,2)+4)&"-S"&TEXT(WEEKNUM(Q25,21),"00") -> 2025-S48 | B25: HAMDANI MOHAMED | C25: 0.33194444 | D25: 0.33333333 | E25: 0.75 | F25: 0.75 | I25: =IF(IF(OR(C25="",D25="Congé",D25="OFF",D25="Congé spécial"),"",IF(D25>F25,D25-C25,IF(C25-D25<0,0,C25-D25)))<0.00068287037037037,"",IF(OR(D25="Congé",D25="OFF",C25="",D25="Congé spécial"),"",IF(D25>F25,D25-C25,IF(C25-D25<0,0,C25-D25)))) | K25: =IF(SUM(H25:J25)<0.00068287037037037,0,SUM(H25:J25)) -> 0 | L25: =IF(OR(F25="Congé",F25="OFF",M25="Abs",F25="Congé sans solde",F25="Férié",F25="Congé spécial",D25="Congé spécial"),0,IF(F25-E25<0,0,IF(F25-E25<=0.00068287037037037,0,F25-E25))) -> 0 | M25: =IF(AND(O25<>0,C25=""),"Abs",0) -> 0 | N25: =IFERROR(IF(OR(D25="OFF",D25="Congé",M25="Abs",D25="Congé sans solde",D25="Férié"),"",IF(O25-K25-L25>O25,O25,IF(O25-K25-L25<0,"",O25-K25-L25))),"") -> 0.375 | O25: =IF(AG25="2H Pause déjeuner",IF(F25-D25-0.0833333333333333<0,F25-D25-0.0833333333333333+1,F25-D25-0.0833333333333333),IF(OR(AND(F25="OFF",D25="OFF"),AND(F25="Congé",D25="Congé"),AND(F25="Congé sans solde",D25="Congé sans solde"),AND(F25="Congé spécial",D25="Congé spécial"),AND(F25="Férié",D25="Férié"),AND(F25="OFF",D25="Congé"),AND(F25="OFF",D25="Congé sans solde"),AND(F25="OFF",D25="Congé spécial"),AND(F25="OFF",D25="Férié"),AND(F25="Congé",D25="OFF"),AND(F25="Congé",D25="Congé sans solde"),AND(F25="Congé",D25="Congé spécial"),AND(F25="Congé",D25="Férié"),AND(F25="Congé sans solde",D25="OFF"),AND(F25="Congé sans solde",D25="Congé"),AND(F25="Congé sans solde",D25="Congé spécial"),AND(F25="Congé sans solde",D25="Férié"),AND(F25="Congé spécial",D25="OFF"),AND(F25="Congé spécial",D25="Congé"),AND(F25="Congé spécial",D25="Congé sans solde"),AND(F25="Congé spécial",D25="Férié"),AND(F25="Férié",D25="OFF"),AND(F25="Férié",D25="Congé"),AND(F25="Férié",D25="Congé sans solde"),AND(F25="Férié",D25="Congé spécial")),0,IF(OR(F25="OFF",F25="Congé",F25="Congé spécial",F25="Congé sans solde",D25="OFF",D25="Congé",D25="Congé spécial",D25="Congé sans solde"),0.208333333333334,IF(AND(AG25="",F25-D25<0),("24:00:00"-D25)+("00:00:00"+F25)-0.0416666666666667,IF(AND(OR(AG25="Allaitement",AG25="Sans déjeuner"),F25-D25<0),("24:00:00"-D25)+("00:00:00"+F25),IF(AND(AG25="",F25-D25>0.166666666666667),F25-D25-0.0416666666666667,IF(AND(OR(AG25="Allaitement",AG25="Sans déjeuner"),F25-D25>0.166666666666667),F25-D25,F25-D25))))))) -> 0.375 | P25: =IFERROR(VLOOKUP($B25,Agents!$A:$D,2,0),"-") -> Accessibilité | Q25: 45987 | R25: =IF(M25="Abs",O25,0) -> 0 | S25: =SUM(R25,L25,I25,J25,W25,H25) -> 0 | T25: ="Sem - "&WEEKNUM(Q25,21) -> Sem - 48 | U25: =CHOOSE(MONTH(Q25),"Janvier","Février","Mars","Avril","Mai","Juin","Juillet","Août","Septembre","Octobre","Novembre","Décembre") -> Novembre | V25: =YEAR(Q25) -> 2025 | X25: =IFERROR(IF(M25="Abs",0,IF(ROUND((D25-C25+E25-F25)*1440,0)<=1,0,D25-C25+E25-F25)),0) -> 0.0013888889 | Y25: =IFERROR(VLOOKUP($B25,Agents!$A:$D,3,0),"-") -> OUBRAHIM Mohammed | Z25: =IFERROR(VLOOKUP($B25,Agents!$A:$D,4,0),"-") -> Credit Mutuel | AA25: S48-2025 | AB25: =IF(AND(D25="Congé",F25="Congé"),0.333333333333333,IF(OR(AND(D25="Congé",F25<>"Congé"),(AND(F25="Congé",D25<>"Congé"))),0.166666666666667,"")) | AC25: =IF(AND(D25="Congé sans solde",F25="Congé sans solde"),0.333333333333333,IF(OR(AND(D25="Congé sans solde",F25<>"Congé sans solde"),(AND(F25="Congé sans solde",D25<>"Congé sans solde"))),0.166666666666667,"")) | AD25: =IF(AND(D25="Congé spécial",F25="Congé spécial"),0.333333333333333,IF(OR(AND(D25="Congé spécial",F25<>"Congé spécial"),AND(F25="Congé spécial",D25<>"Congé spécial")),0.166666666666667,"")) | AE25: =IF(AND(D25="Férié",F25="Férié"),0.333333333333333,IF(OR(AND(D25="Férié",F25<>"Férié"),(AND(F25="Férié",D25<>"Férié"))),0.166666666666667,""))
... A33: =YEAR(Q33-WEEKDAY(Q33,2)+4)&"-S"&TEXT(WEEKNUM(Q33,21),"00") -> 2025-S48 | B33: HAMDANI MOHAMED | C33: 0.33263889 | D33: 0.33333333 | E33: 0.70833333 | F33: 0.70833333 | I33: =IF(IF(OR(C33="",D33="Congé",D33="OFF",D33="Congé spécial"),"",IF(D33>F33,D33-C33,IF(C33-D33<0,0,C33-D33)))<0.00068287037037037,"",IF(OR(D33="Congé",D33="OFF",C33="",D33="Congé spécial"),"",IF(D33>F33,D33-C33,IF(C33-D33<0,0,C33-D33)))) | K33: =IF(SUM(H33:J33)<0.00068287037037037,0,SUM(H33:J33)) -> 0 | L33: =IF(OR(F33="Congé",F33="OFF",M33="Abs",F33="Congé sans solde",F33="Férié",F33="Congé spécial",D33="Congé spécial"),0,IF(F33-E33<0,0,IF(F33-E33<=0.00068287037037037,0,F33-E33))) -> 0 | M33: =IF(AND(O33<>0,C33=""),"Abs",0) -> 0 | N33: =IFERROR(IF(OR(D33="OFF",D33="Congé",M33="Abs",D33="Congé sans solde",D33="Férié"),"",IF(O33-K33-L33>O33,O33,IF(O33-K33-L33<0,"",O33-K33-L33))),"") -> 0.33333333 | O33: =IF(AG33="2H Pause déjeuner",IF(F33-D33-0.0833333333333333<0,F33-D33-0.0833333333333333+1,F33-D33-0.0833333333333333),IF(OR(AND(F33="OFF",D33="OFF"),AND(F33="Congé",D33="Congé"),AND(F33="Congé sans solde",D33="Congé sans solde"),AND(F33="Congé spécial",D33="Congé spécial"),AND(F33="Férié",D33="Férié"),AND(F33="OFF",D33="Congé"),AND(F33="OFF",D33="Congé sans solde"),AND(F33="OFF",D33="Congé spécial"),AND(F33="OFF",D33="Férié"),AND(F33="Congé",D33="OFF"),AND(F33="Congé",D33="Congé sans solde"),AND(F33="Congé",D33="Congé spécial"),AND(F33="Congé",D33="Férié"),AND(F33="Congé sans solde",D33="OFF"),AND(F33="Congé sans solde",D33="Congé"),AND(F33="Congé sans solde",D33="Congé spécial"),AND(F33="Congé sans solde",D33="Férié"),AND(F33="Congé spécial",D33="OFF"),AND(F33="Congé spécial",D33="Congé"),AND(F33="Congé spécial",D33="Congé sans solde"),AND(F33="Congé spécial",D33="Férié"),AND(F33="Férié",D33="OFF"),AND(F33="Férié",D33="Congé"),AND(F33="Férié",D33="Congé sans solde"),AND(F33="Férié",D33="Congé spécial")),0,IF(OR(F33="OFF",F33="Congé",F33="Congé spécial",F33="Congé sans solde",D33="OFF",D33="Congé",D33="Congé spécial",D33="Congé sans solde"),0.208333333333334,IF(AND(AG33="",F33-D33<0),("24:00:00"-D33)+("00:00:00"+F33)-0.0416666666666667,IF(AND(OR(AG33="Allaitement",AG33="Sans déjeuner"),F33-D33<0),("24:00:00"-D33)+("00:00:00"+F33),IF(AND(AG33="",F33-D33>0.166666666666667),F33-D33-0.0416666666666667,IF(AND(OR(AG33="Allaitement",AG33="Sans déjeuner"),F33-D33>0.166666666666667),F33-D33,F33-D33))))))) -> 0.33333333 | P33: =IFERROR(VLOOKUP($B33,Agents!$A:$D,2,0),"-") -> Accessibilité | Q33: 45989 | R33: =IF(M33="Abs",O33,0) -> 0 | S33: =SUM(R33,L33,I33,J33,W33,H33) -> 0 | T33: ="Sem - "&WEEKNUM(Q33,21) -> Sem - 48 | U33: =CHOOSE(MONTH(Q33),"Janvier","Février","Mars","Avril","Mai","Juin","Juillet","Août","Septembre","Octobre","Novembre","Décembre") -> Novembre | V33: =YEAR(Q33) -> 2025 | X33: =IFERROR(IF(M33="Abs",0,IF(ROUND((D33-C33+E33-F33)*1440,0)<=1,0,D33-C33+E33-F33)),0) -> 0 | Y33: =IFERROR(VLOOKUP($B33,Agents!$A:$D,3,0),"-") -> OUBRAHIM Mohammed | Z33: =IFERROR(VLOOKUP($B33,Agents!$A:$D,4,0),"-") -> Credit Mutuel | AA33: S48-2025 | AB33: =IF(AND(D33="Congé",F33="Congé"),0.333333333333333,IF(OR(AND(D33="Congé",F33<>"Congé"),(AND(F33="Congé",D33<>"Congé"))),0.166666666666667,"")) | AC33: =IF(AND(D33="Congé sans solde",F33="Congé sans solde"),0.333333333333333,IF(OR(AND(D33="Congé sans solde",F33<>"Congé sans solde"),(AND(F33="Congé sans solde",D33<>"Congé sans solde"))),0.166666666666667,"")) | AD33: =IF(AND(D33="Congé spécial",F33="Congé spécial"),0.333333333333333,IF(OR(AND(D33="Congé spécial",F33<>"Congé spécial"),AND(F33="Congé spécial",D33<>"Congé spécial")),0.166666666666667,"")) | AE33: =IF(AND(D33="Férié",F33="Férié"),0.333333333333333,IF(OR(AND(D33="Férié",F33<>"Férié"),(AND(F33="Férié",D33<>"Férié"))),0.166666666666667,""))
A34: =YEAR(Q34-WEEKDAY(Q34,2)+4)&"-S"&TEXT(WEEKNUM(Q34,21),"00") -> 2025-S48 | B34: BENCHRIF HAFSSA | D34: OFF | F34: OFF | I34: =IF(IF(OR(C34="",D34="Congé",D34="OFF",D34="Congé spécial"),"",IF(D34>F34,D34-C34,IF(C34-D34<0,0,C34-D34)))<0.00068287037037037,"",IF(OR(D34="Congé",D34="OFF",C34="",D34="Congé spécial"),"",IF(D34>F34,D34-C34,IF(C34-D34<0,0,C34-D34)))) | K34: =IF(SUM(H34:J34)<0.00068287037037037,0,SUM(H34:J34)) -> 0 | L34: =IF(OR(F34="Congé",F34="OFF",M34="Abs",F34="Congé sans solde",F34="Férié",F34="Congé spécial",D34="Congé spécial"),0,IF(F34-E34<0,0,IF(F34-E34<=0.00068287037037037,0,F34-E34))) -> 0 | M34: =IF(AND(O34<>0,C34=""),"Abs",0) -> 0 | N34: =IFERROR(IF(OR(D34="OFF",D34="Congé",M34="Abs",D34="Congé sans solde",D34="Férié"),"",IF(O34-K34-L34>O34,O34,IF(O34-K34-L34<0,"",O34-K34-L34))),"") | O34: =IF(AG34="2H Pause déjeuner",IF(F34-D34-0.0833333333333333<0,F34-D34-0.0833333333333333+1,F34-D34-0.0833333333333333),IF(OR(AND(F34="OFF",D34="OFF"),AND(F34="Congé",D34="Congé"),AND(F34="Congé sans solde",D34="Congé sans solde"),AND(F34="Congé spécial",D34="Congé spécial"),AND(F34="Férié",D34="Férié"),AND(F34="OFF",D34="Congé"),AND(F34="OFF",D34="Congé sans solde"),AND(F34="OFF",D34="Congé spécial"),AND(F34="OFF",D34="Férié"),AND(F34="Congé",D34="OFF"),AND(F34="Congé",D34="Congé sans solde"),AND(F34="Congé",D34="Congé spécial"),AND(F34="Congé",D34="Férié"),AND(F34="Congé sans solde",D34="OFF"),AND(F34="Congé sans solde",D34="Congé"),AND(F34="Congé sans solde",D34="Congé spécial"),AND(F34="Congé sans solde",D34="Férié"),AND(F34="Congé spécial",D34="OFF"),AND(F34="Congé spécial",D34="Congé"),AND(F34="Congé spécial",D34="Congé sans solde"),AND(F34="Congé spécial",D34="Férié"),AND(F34="Férié",D34="OFF"),AND(F34="Férié",D34="Congé"),AND(F34="Férié",D34="Congé sans solde"),AND(F34="Férié",D34="Congé spécial")),0,IF(OR(F34="OFF",F34="Congé",F34="Congé spécial",F34="Congé sans solde",D34="OFF",D34="Congé",D34="Congé spécial",D34="Congé sans solde"),0.208333333333334,IF(AND(AG34="",F34-D34<0),("24:00:00"-D34)+("00:00:00"+F34)-0.0416666666666667,IF(AND(OR(AG34="Allaitement",AG34="Sans déjeuner"),F34-D34<0),("24:00:00"-D34)+("00:00:00"+F34),IF(AND(AG34="",F34-D34>0.166666666666667),F34-D34-0.0416666666666667,IF(AND(OR(AG34="Allaitement",AG34="Sans déjeuner"),F34-D34>0.166666666666667),F34-D34,F34-D34))))))) -> 0 | P34: =IFERROR(VLOOKUP($B34,Agents!$A:$D,2,0),"-") -> Accessibilité | Q34: 45990 | R34: =IF(M34="Abs",O34,0) -> 0 | S34: =SUM(R34,L34,I34,J34,W34,H34) -> 0 | T34: ="Sem - "&WEEKNUM(Q34,21) -> Sem - 48 | U34: =CHOOSE(MONTH(Q34),"Janvier","Février","Mars","Avril","Mai","Juin","Juillet","Août","Septembre","Octobre","Novembre","Décembre") -> Novembre | V34: =YEAR(Q34) -> 2025 | X34: =IFERROR(IF(M34="Abs",0,IF(ROUND((D34-C34+E34-F34)*1440,0)<=1,0,D34-C34+E34-F34)),0) -> 0 | Y34: =IFERROR(VLOOKUP($B34,Agents!$A:$D,3,0),"-") -> OUBRAHIM Mohammed | Z34: =IFERROR(VLOOKUP($B34,Agents!$A:$D,4,0),"-") -> Credit Mutuel | AA34: S48-2025 | AB34: =IF(AND(D34="Congé",F34="Congé"),0.333333333333333,IF(OR(AND(D34="Congé",F34<>"Congé"),(AND(F34="Congé",D34<>"Congé"))),0.166666666666667,"")) | AC34: =IF(AND(D34="Congé sans solde",F34="Congé sans solde"),0.333333333333333,IF(OR(AND(D34="Congé sans solde",F34<>"Congé sans solde"),(AND(F34="Congé sans solde",D34<>"Congé sans solde"))),0.166666666666667,"")) | AD34: =IF(AND(D34="Congé spécial",F34="Congé spécial"),0.333333333333333,IF(OR(AND(D34="Congé spécial",F34<>"Congé spécial"),AND(F34="Congé spécial",D34<>"Congé spécial")),0.166666666666667,"")) | AE34: =IF(AND(D34="Férié",F34="Férié"),0.333333333333333,IF(OR(AND(D34="Férié",F34<>"Férié"),(AND(F34="Férié",D34<>"Férié"))),0.166666666666667,""))
A35: =YEAR(Q35-WEEKDAY(Q35,2)+4)&"-S"&TEXT(WEEKNUM(Q35,21),"00") -> 2025-S48 | B35: LISSAOUI HIBA | D35: OFF | F35: OFF | I35: =IF(IF(OR(C35="",D35="Congé",D35="OFF",D35="Congé spécial"),"",IF(D35>F35,D35-C35,IF(C35-D35<0,0,C35-D35)))<0.00068287037037037,"",IF(OR(D35="Congé",D35="OFF",C35="",D35="Congé spécial"),"",IF(D35>F35,D35-C35,IF(C35-D35<0,0,C35-D35)))) | K35: =IF(SUM(H35:J35)<0.00068287037037037,0,SUM(H35:J35)) -> 0 | L35: =IF(OR(F35="Congé",F35="OFF",M35="Abs",F35="Congé sans solde",F35="Férié",F35="Congé spécial",D35="Congé spécial"),0,IF(F35-E35<0,0,IF(F35-E35<=0.00068287037037037,0,F35-E35))) -> 0 | M35: =IF(AND(O35<>0,C35=""),"Abs",0) -> 0 | N35: =IFERROR(IF(OR(D35="OFF",D35="Congé",M35="Abs",D35="Congé sans solde",D35="Férié"),"",IF(O35-K35-L35>O35,O35,IF(O35-K35-L35<0,"",O35-K35-L35))),"") | O35: =IF(AG35="2H Pause déjeuner",IF(F35-D35-0.0833333333333333<0,F35-D35-0.0833333333333333+1,F35-D35-0.0833333333333333),IF(OR(AND(F35="OFF",D35="OFF"),AND(F35="Congé",D35="Congé"),AND(F35="Congé sans solde",D35="Congé sans solde"),AND(F35="Congé spécial",D35="Congé spécial"),AND(F35="Férié",D35="Férié"),AND(F35="OFF",D35="Congé"),AND(F35="OFF",D35="Congé sans solde"),AND(F35="OFF",D35="Congé spécial"),AND(F35="OFF",D35="Férié"),AND(F35="Congé",D35="OFF"),AND(F35="Congé",D35="Congé sans solde"),AND(F35="Congé",D35="Congé spécial"),AND(F35="Congé",D35="Férié"),AND(F35="Congé sans solde",D35="OFF"),AND(F35="Congé sans solde",D35="Congé"),AND(F35="Congé sans solde",D35="Congé spécial"),AND(F35="Congé sans solde",D35="Férié"),AND(F35="Congé spécial",D35="OFF"),AND(F35="Congé spécial",D35="Congé"),AND(F35="Congé spécial",D35="Congé sans solde"),AND(F35="Congé spécial",D35="Férié"),AND(F35="Férié",D35="OFF"),AND(F35="Férié",D35="Congé"),AND(F35="Férié",D35="Congé sans solde"),AND(F35="Férié",D35="Congé spécial")),0,IF(OR(F35="OFF",F35="Congé",F35="Congé spécial",F35="Congé sans solde",D35="OFF",D35="Congé",D35="Congé spécial",D35="Congé sans solde"),0.208333333333334,IF(AND(AG35="",F35-D35<0),("24:00:00"-D35)+("00:00:00"+F35)-0.0416666666666667,IF(AND(OR(AG35="Allaitement",AG35="Sans déjeuner"),F35-D35<0),("24:00:00"-D35)+("00:00:00"+F35),IF(AND(AG35="",F35-D35>0.166666666666667),F35-D35-0.0416666666666667,IF(AND(OR(AG35="Allaitement",AG35="Sans déjeuner"),F35-D35>0.166666666666667),F35-D35,F35-D35))))))) -> 0 | P35: =IFERROR(VLOOKUP($B35,Agents!$A:$D,2,0),"-") -> Accessibilité | Q35: 45990 | R35: =IF(M35="Abs",O35,0) -> 0 | S35: =SUM(R35,L35,I35,J35,W35,H35) -> 0 | T35: ="Sem - "&WEEKNUM(Q35,21) -> Sem - 48 | U35: =CHOOSE(MONTH(Q35),"Janvier","Février","Mars","Avril","Mai","Juin","Juillet","Août","Septembre","Octobre","Novembre","Décembre") -> Novembre | V35: =YEAR(Q35) -> 2025 | X35: =IFERROR(IF(M35="Abs",0,IF(ROUND((D35-C35+E35-F35)*1440,0)<=1,0,D35-C35+E35-F35)),0) -> 0 | Y35: =IFERROR(VLOOKUP($B35,Agents!$A:$D,3,0),"-") -> OUBRAHIM Mohammed | Z35: =IFERROR(VLOOKUP($B35,Agents!$A:$D,4,0),"-") -> Credit Mutuel | AA35: S48-2025 | AB35: =IF(AND(D35="Congé",F35="Congé"),0.333333333333333,IF(OR(AND(D35="Congé",F35<>"Congé"),(AND(F35="Congé",D35<>"Congé"))),0.166666666666667,"")) | AC35: =IF(AND(D35="Congé sans solde",F35="Congé sans solde"),0.333333333333333,IF(OR(AND(D35="Congé sans solde",F35<>"Congé sans solde"),(AND(F35="Congé sans solde",D35<>"Congé sans solde"))),0.166666666666667,"")) | AD35: =IF(AND(D35="Congé spécial",F35="Congé spécial"),0.333333333333333,IF(OR(AND(D35="Congé spécial",F35<>"Congé spécial"),AND(F35="Congé spécial",D35<>"Congé spécial")),0.166666666666667,"")) | AE35: =IF(AND(D35="Férié",F35="Férié"),0.333333333333333,IF(OR(AND(D35="Férié",F35<>"Férié"),(AND(F35="Férié",D35<>"Férié"))),0.166666666666667,""))
A36: =YEAR(Q36-WEEKDAY(Q36,2)+4)&"-S"&TEXT(WEEKNUM(Q36,21),"00") -> 2025-S48 | B36: RMAIDI IMAD | D36: OFF | F36: OFF | I36: =IF(IF(OR(C36="",D36="Congé",D36="OFF",D36="Congé spécial"),"",IF(D36>F36,D36-C36,IF(C36-D36<0,0,C36-D36)))<0.00068287037037037,"",IF(OR(D36="Congé",D36="OFF",C36="",D36="Congé spécial"),"",IF(D36>F36,D36-C36,IF(C36-D36<0,0,C36-D36)))) | K36: =IF(SUM(H36:J36)<0.00068287037037037,0,SUM(H36:J36)) -> 0 | L36: =IF(OR(F36="Congé",F36="OFF",M36="Abs",F36="Congé sans solde",F36="Férié",F36="Congé spécial",D36="Congé spécial"),0,IF(F36-E36<0,0,IF(F36-E36<=0.00068287037037037,0,F36-E36))) -> 0 | M36: =IF(AND(O36<>0,C36=""),"Abs",0) -> 0 | N36: =IFERROR(IF(OR(D36="OFF",D36="Congé",M36="Abs",D36="Congé sans solde",D36="Férié"),"",IF(O36-K36-L36>O36,O36,IF(O36-K36-L36<0,"",O36-K36-L36))),"") | O36: =IF(AG36="2H Pause déjeuner",IF(F36-D36-0.0833333333333333<0,F36-D36-0.0833333333333333+1,F36-D36-0.0833333333333333),IF(OR(AND(F36="OFF",D36="OFF"),AND(F36="Congé",D36="Congé"),AND(F36="Congé sans solde",D36="Congé sans solde"),AND(F36="Congé spécial",D36="Congé spécial"),AND(F36="Férié",D36="Férié"),AND(F36="OFF",D36="Congé"),AND(F36="OFF",D36="Congé sans solde"),AND(F36="OFF",D36="Congé spécial"),AND(F36="OFF",D36="Férié"),AND(F36="Congé",D36="OFF"),AND(F36="Congé",D36="Congé sans solde"),AND(F36="Congé",D36="Congé spécial"),AND(F36="Congé",D36="Férié"),AND(F36="Congé sans solde",D36="OFF"),AND(F36="Congé sans solde",D36="Congé"),AND(F36="Congé sans solde",D36="Congé spécial"),AND(F36="Congé sans solde",D36="Férié"),AND(F36="Congé spécial",D36="OFF"),AND(F36="Congé spécial",D36="Congé"),AND(F36="Congé spécial",D36="Congé sans solde"),AND(F36="Congé spécial",D36="Férié"),AND(F36="Férié",D36="OFF"),AND(F36="Férié",D36="Congé"),AND(F36="Férié",D36="Congé sans solde"),AND(F36="Férié",D36="Congé spécial")),0,IF(OR(F36="OFF",F36="Congé",F36="Congé spécial",F36="Congé sans solde",D36="OFF",D36="Congé",D36="Congé spécial",D36="Congé sans solde"),0.208333333333334,IF(AND(AG36="",F36-D36<0),("24:00:00"-D36)+("00:00:00"+F36)-0.0416666666666667,IF(AND(OR(AG36="Allaitement",AG36="Sans déjeuner"),F36-D36<0),("24:00:00"-D36)+("00:00:00"+F36),IF(AND(AG36="",F36-D36>0.166666666666667),F36-D36-0.0416666666666667,IF(AND(OR(AG36="Allaitement",AG36="Sans déjeuner"),F36-D36>0.166666666666667),F36-D36,F36-D36))))))) -> 0 | P36: =IFERROR(VLOOKUP($B36,Agents!$A:$D,2,0),"-") -> Accessibilité | Q36: 45990 | R36: =IF(M36="Abs",O36,0) -> 0 | S36: =SUM(R36,L36,I36,J36,W36,H36) -> 0 | T36: ="Sem - "&WEEKNUM(Q36,21) -> Sem - 48 | U36: =CHOOSE(MONTH(Q36),"Janvier","Février","Mars","Avril","Mai","Juin","Juillet","Août","Septembre","Octobre","Novembre","Décembre") -> Novembre | V36: =YEAR(Q36) -> 2025 | X36: =IFERROR(IF(M36="Abs",0,IF(ROUND((D36-C36+E36-F36)*1440,0)<=1,0,D36-C36+E36-F36)),0) -> 0 | Y36: =IFERROR(VLOOKUP($B36,Agents!$A:$D,3,0),"-") -> OUBRAHIM Mohammed | Z36: =IFERROR(VLOOKUP($B36,Agents!$A:$D,4,0),"-") -> Credit Mutuel | AA36: S48-2025 | AB36: =IF(AND(D36="Congé",F36="Congé"),0.333333333333333,IF(OR(AND(D36="Congé",F36<>"Congé"),(AND(F36="Congé",D36<>"Congé"))),0.166666666666667,"")) | AC36: =IF(AND(D36="Congé sans solde",F36="Congé sans solde"),0.333333333333333,IF(OR(AND(D36="Congé sans solde",F36<>"Congé sans solde"),(AND(F36="Congé sans solde",D36<>"Congé sans solde"))),0.166666666666667,"")) | AD36: =IF(AND(D36="Congé spécial",F36="Congé spécial"),0.333333333333333,IF(OR(AND(D36="Congé spécial",F36<>"Congé spécial"),AND(F36="Congé spécial",D36<>"Congé spécial")),0.166666666666667,"")) | AE36: =IF(AND(D36="Férié",F36="Férié"),0.333333333333333,IF(OR(AND(D36="Férié",F36<>"Férié"),(AND(F36="Férié",D36<>"Férié"))),0.166666666666667,""))
A37: =YEAR(Q37-WEEKDAY(Q37,2)+4)&"-S"&TEXT(WEEKNUM(Q37,21),"00") -> 2025-S48 | B37: HAMDANI MOHAMED | D37: OFF | F37: OFF | I37: =IF(IF(OR(C37="",D37="Congé",D37="OFF",D37="Congé spécial"),"",IF(D37>F37,D37-C37,IF(C37-D37<0,0,C37-D37)))<0.00068287037037037,"",IF(OR(D37="Congé",D37="OFF",C37="",D37="Congé spécial"),"",IF(D37>F37,D37-C37,IF(C37-D37<0,0,C37-D37)))) | K37: =IF(SUM(H37:J37)<0.00068287037037037,0,SUM(H37:J37)) -> 0 | L37: =IF(OR(F37="Congé",F37="OFF",M37="Abs",F37="Congé sans solde",F37="Férié",F37="Congé spécial",D37="Congé spécial"),0,IF(F37-E37<0,0,IF(F37-E37<=0.00068287037037037,0,F37-E37))) -> 0 | M37: =IF(AND(O37<>0,C37=""),"Abs",0) -> 0 | N37: =IFERROR(IF(OR(D37="OFF",D37="Congé",M37="Abs",D37="Congé sans solde",D37="Férié"),"",IF(O37-K37-L37>O37,O37,IF(O37-K37-L37<0,"",O37-K37-L37))),"") | O37: =IF(AG37="2H Pause déjeuner",IF(F37-D37-0.0833333333333333<0,F37-D37-0.0833333333333333+1,F37-D37-0.0833333333333333),IF(OR(AND(F37="OFF",D37="OFF"),AND(F37="Congé",D37="Congé"),AND(F37="Congé sans solde",D37="Congé sans solde"),AND(F37="Congé spécial",D37="Congé spécial"),AND(F37="Férié",D37="Férié"),AND(F37="OFF",D37="Congé"),AND(F37="OFF",D37="Congé sans solde"),AND(F37="OFF",D37="Congé spécial"),AND(F37="OFF",D37="Férié"),AND(F37="Congé",D37="OFF"),AND(F37="Congé",D37="Congé sans solde"),AND(F37="Congé",D37="Congé spécial"),AND(F37="Congé",D37="Férié"),AND(F37="Congé sans solde",D37="OFF"),AND(F37="Congé sans solde",D37="Congé"),AND(F37="Congé sans solde",D37="Congé spécial"),AND(F37="Congé sans solde",D37="Férié"),AND(F37="Congé spécial",D37="OFF"),AND(F37="Congé spécial",D37="Congé"),AND(F37="Congé spécial",D37="Congé sans solde"),AND(F37="Congé spécial",D37="Férié"),AND(F37="Férié",D37="OFF"),AND(F37="Férié",D37="Congé"),AND(F37="Férié",D37="Congé sans solde"),AND(F37="Férié",D37="Congé spécial")),0,IF(OR(F37="OFF",F37="Congé",F37="Congé spécial",F37="Congé sans solde",D37="OFF",D37="Congé",D37="Congé spécial",D37="Congé sans solde"),0.208333333333334,IF(AND(AG37="",F37-D37<0),("24:00:00"-D37)+("00:00:00"+F37)-0.0416666666666667,IF(AND(OR(AG37="Allaitement",AG37="Sans déjeuner"),F37-D37<0),("24:00:00"-D37)+("00:00:00"+F37),IF(AND(AG37="",F37-D37>0.166666666666667),F37-D37-0.0416666666666667,IF(AND(OR(AG37="Allaitement",AG37="Sans déjeuner"),F37-D37>0.166666666666667),F37-D37,F37-D37))))))) -> 0 | P37: =IFERROR(VLOOKUP($B37,Agents!$A:$D,2,0),"-") -> Accessibilité | Q37: 45990 | R37: =IF(M37="Abs",O37,0) -> 0 | S37: =SUM(R37,L37,I37,J37,W37,H37) -> 0 | T37: ="Sem - "&WEEKNUM(Q37,21) -> Sem - 48 | U37: =CHOOSE(MONTH(Q37),"Janvier","Février","Mars","Avril","Mai","Juin","Juillet","Août","Septembre","Octobre","Novembre","Décembre") -> Novembre | V37: =YEAR(Q37) -> 2025 | X37: =IFERROR(IF(M37="Abs",0,IF(ROUND((D37-C37+E37-F37)*1440,0)<=1,0,D37-C37+E37-F37)),0) -> 0 | Y37: =IFERROR(VLOOKUP($B37,Agents!$A:$D,3,0),"-") -> OUBRAHIM Mohammed | Z37: =IFERROR(VLOOKUP($B37,Agents!$A:$D,4,0),"-") -> Credit Mutuel | AA37: S48-2025 | AB37: =IF(AND(D37="Congé",F37="Congé"),0.333333333333333,IF(OR(AND(D37="Congé",F37<>"Congé"),(AND(F37="Congé",D37<>"Congé"))),0.166666666666667,"")) | AC37: =IF(AND(D37="Congé sans solde",F37="Congé sans solde"),0.333333333333333,IF(OR(AND(D37="Congé sans solde",F37<>"Congé sans solde"),(AND(F37="Congé sans solde",D37<>"Congé sans solde"))),0.166666666666667,"")) | AD37: =IF(AND(D37="Congé spécial",F37="Congé spécial"),0.333333333333333,IF(OR(AND(D37="Congé spécial",F37<>"Congé spécial"),AND(F37="Congé spécial",D37<>"Congé spécial")),0.166666666666667,"")) | AE37: =IF(AND(D37="Férié",F37="Férié"),0.333333333333333,IF(OR(AND(D37="Férié",F37<>"Férié"),(AND(F37="Férié",D37<>"Férié"))),0.166666666666667,""))
A38: =YEAR(Q38-WEEKDAY(Q38,2)+4)&"-S"&TEXT(WEEKNUM(Q38,21),"00") -> 2025-S48 | B38: BENCHRIF HAFSSA | D38: OFF | F38: OFF | I38: =IF(IF(OR(C38="",D38="Congé",D38="OFF",D38="Congé spécial"),"",IF(D38>F38,D38-C38,IF(C38-D38<0,0,C38-D38)))<0.00068287037037037,"",IF(OR(D38="Congé",D38="OFF",C38="",D38="Congé spécial"),"",IF(D38>F38,D38-C38,IF(C38-D38<0,0,C38-D38)))) | K38: =IF(SUM(H38:J38)<0.00068287037037037,0,SUM(H38:J38)) -> 0 | L38: =IF(OR(F38="Congé",F38="OFF",M38="Abs",F38="Congé sans solde",F38="Férié",F38="Congé spécial",D38="Congé spécial"),0,IF(F38-E38<0,0,IF(F38-E38<=0.00068287037037037,0,F38-E38))) -> 0 | M38: =IF(AND(O38<>0,C38=""),"Abs",0) -> 0 | N38: =IFERROR(IF(OR(D38="OFF",D38="Congé",M38="Abs",D38="Congé sans solde",D38="Férié"),"",IF(O38-K38-L38>O38,O38,IF(O38-K38-L38<0,"",O38-K38-L38))),"") | O38: =IF(AG38="2H Pause déjeuner",IF(F38-D38-0.0833333333333333<0,F38-D38-0.0833333333333333+1,F38-D38-0.0833333333333333),IF(OR(AND(F38="OFF",D38="OFF"),AND(F38="Congé",D38="Congé"),AND(F38="Congé sans solde",D38="Congé sans solde"),AND(F38="Congé spécial",D38="Congé spécial"),AND(F38="Férié",D38="Férié"),AND(F38="OFF",D38="Congé"),AND(F38="OFF",D38="Congé sans solde"),AND(F38="OFF",D38="Congé spécial"),AND(F38="OFF",D38="Férié"),AND(F38="Congé",D38="OFF"),AND(F38="Congé",D38="Congé sans solde"),AND(F38="Congé",D38="Congé spécial"),AND(F38="Congé",D38="Férié"),AND(F38="Congé sans solde",D38="OFF"),AND(F38="Congé sans solde",D38="Congé"),AND(F38="Congé sans solde",D38="Congé spécial"),AND(F38="Congé sans solde",D38="Férié"),AND(F38="Congé spécial",D38="OFF"),AND(F38="Congé spécial",D38="Congé"),AND(F38="Congé spécial",D38="Congé sans solde"),AND(F38="Congé spécial",D38="Férié"),AND(F38="Férié",D38="OFF"),AND(F38="Férié",D38="Congé"),AND(F38="Férié",D38="Congé sans solde"),AND(F38="Férié",D38="Congé spécial")),0,IF(OR(F38="OFF",F38="Congé",F38="Congé spécial",F38="Congé sans solde",D38="OFF",D38="Congé",D38="Congé spécial",D38="Congé sans solde"),0.208333333333334,IF(AND(AG38="",F38-D38<0),("24:00:00"-D38)+("00:00:00"+F38)-0.0416666666666667,IF(AND(OR(AG38="Allaitement",AG38="Sans déjeuner"),F38-D38<0),("24:00:00"-D38)+("00:00:00"+F38),IF(AND(AG38="",F38-D38>0.166666666666667),F38-D38-0.0416666666666667,IF(AND(OR(AG38="Allaitement",AG38="Sans déjeuner"),F38-D38>0.166666666666667),F38-D38,F38-D38))))))) -> 0 | P38: =IFERROR(VLOOKUP($B38,Agents!$A:$D,2,0),"-") -> Accessibilité | Q38: 45991 | R38: =IF(M38="Abs",O38,0) -> 0 | S38: =SUM(R38,L38,I38,J38,W38,H38) -> 0 | T38: ="Sem - "&WEEKNUM(Q38,21) -> Sem - 48 | U38: =CHOOSE(MONTH(Q38),"Janvier","Février","Mars","Avril","Mai","Juin","Juillet","Août","Septembre","Octobre","Novembre","Décembre") -> Novembre | V38: =YEAR(Q38) -> 2025 | X38: =IFERROR(IF(M38="Abs",0,IF(ROUND((D38-C38+E38-F38)*1440,0)<=1,0,D38-C38+E38-F38)),0) -> 0 | Y38: =IFERROR(VLOOKUP($B38,Agents!$A:$D,3,0),"-") -> OUBRAHIM Mohammed | Z38: =IFERROR(VLOOKUP($B38,Agents!$A:$D,4,0),"-") -> Credit Mutuel | AA38: S48-2025 | AB38: =IF(AND(D38="Congé",F38="Congé"),0.333333333333333,IF(OR(AND(D38="Congé",F38<>"Congé"),(AND(F38="Congé",D38<>"Congé"))),0.166666666666667,"")) | AC38: =IF(AND(D38="Congé sans solde",F38="Congé sans solde"),0.333333333333333,IF(OR(AND(D38="Congé sans solde",F38<>"Congé sans solde"),(AND(F38="Congé sans solde",D38<>"Congé sans solde"))),0.166666666666667,"")) | AD38: =IF(AND(D38="Congé spécial",F38="Congé spécial"),0.333333333333333,IF(OR(AND(D38="Congé spécial",F38<>"Congé spécial"),AND(F38="Congé spécial",D38<>"Congé spécial")),0.166666666666667,"")) | AE38: =IF(AND(D38="Férié",F38="Férié"),0.333333333333333,IF(OR(AND(D38="Férié",F38<>"Férié"),(AND(F38="Férié",D38<>"Férié"))),0.166666666666667,""))
A39: =YEAR(Q39-WEEKDAY(Q39,2)+4)&"-S"&TEXT(WEEKNUM(Q39,21),"00") -> 2025-S48 | B39: LISSAOUI HIBA | D39: OFF | F39: OFF | I39: =IF(IF(OR(C39="",D39="Congé",D39="OFF",D39="Congé spécial"),"",IF(D39>F39,D39-C39,IF(C39-D39<0,0,C39-D39)))<0.00068287037037037,"",IF(OR(D39="Congé",D39="OFF",C39="",D39="Congé spécial"),"",IF(D39>F39,D39-C39,IF(C39-D39<0,0,C39-D39)))) | K39: =IF(SUM(H39:J39)<0.00068287037037037,0,SUM(H39:J39)) -> 0 | L39: =IF(OR(F39="Congé",F39="OFF",M39="Abs",F39="Congé sans solde",F39="Férié",F39="Congé spécial",D39="Congé spécial"),0,IF(F39-E39<0,0,IF(F39-E39<=0.00068287037037037,0,F39-E39))) -> 0 | M39: =IF(AND(O39<>0,C39=""),"Abs",0) -> 0 | N39: =IFERROR(IF(OR(D39="OFF",D39="Congé",M39="Abs",D39="Congé sans solde",D39="Férié"),"",IF(O39-K39-L39>O39,O39,IF(O39-K39-L39<0,"",O39-K39-L39))),"") | O39: =IF(AG39="2H Pause déjeuner",IF(F39-D39-0.0833333333333333<0,F39-D39-0.0833333333333333+1,F39-D39-0.0833333333333333),IF(OR(AND(F39="OFF",D39="OFF"),AND(F39="Congé",D39="Congé"),AND(F39="Congé sans solde",D39="Congé sans solde"),AND(F39="Congé spécial",D39="Congé spécial"),AND(F39="Férié",D39="Férié"),AND(F39="OFF",D39="Congé"),AND(F39="OFF",D39="Congé sans solde"),AND(F39="OFF",D39="Congé spécial"),AND(F39="OFF",D39="Férié"),AND(F39="Congé",D39="OFF"),AND(F39="Congé",D39="Congé sans solde"),AND(F39="Congé",D39="Congé spécial"),AND(F39="Congé",D39="Férié"),AND(F39="Congé sans solde",D39="OFF"),AND(F39="Congé sans solde",D39="Congé"),AND(F39="Congé sans solde",D39="Congé spécial"),AND(F39="Congé sans solde",D39="Férié"),AND(F39="Congé spécial",D39="OFF"),AND(F39="Congé spécial",D39="Congé"),AND(F39="Congé spécial",D39="Congé sans solde"),AND(F39="Congé spécial",D39="Férié"),AND(F39="Férié",D39="OFF"),AND(F39="Férié",D39="Congé"),AND(F39="Férié",D39="Congé sans solde"),AND(F39="Férié",D39="Congé spécial")),0,IF(OR(F39="OFF",F39="Congé",F39="Congé spécial",F39="Congé sans solde",D39="OFF",D39="Congé",D39="Congé spécial",D39="Congé sans solde"),0.208333333333334,IF(AND(AG39="",F39-D39<0),("24:00:00"-D39)+("00:00:00"+F39)-0.0416666666666667,IF(AND(OR(AG39="Allaitement",AG39="Sans déjeuner"),F39-D39<0),("24:00:00"-D39)+("00:00:00"+F39),IF(AND(AG39="",F39-D39>0.166666666666667),F39-D39-0.0416666666666667,IF(AND(OR(AG39="Allaitement",AG39="Sans déjeuner"),F39-D39>0.166666666666667),F39-D39,F39-D39))))))) -> 0 | P39: =IFERROR(VLOOKUP($B39,Agents!$A:$D,2,0),"-") -> Accessibilité | Q39: 45991 | R39: =IF(M39="Abs",O39,0) -> 0 | S39: =SUM(R39,L39,I39,J39,W39,H39) -> 0 | T39: ="Sem - "&WEEKNUM(Q39,21) -> Sem - 48 | U39: =CHOOSE(MONTH(Q39),"Janvier","Février","Mars","Avril","Mai","Juin","Juillet","Août","Septembre","Octobre","Novembre","Décembre") -> Novembre | V39: =YEAR(Q39) -> 2025 | X39: =IFERROR(IF(M39="Abs",0,IF(ROUND((D39-C39+E39-F39)*1440,0)<=1,0,D39-C39+E39-F39)),0) -> 0 | Y39: =IFERROR(VLOOKUP($B39,Agents!$A:$D,3,0),"-") -> OUBRAHIM Mohammed | Z39: =IFERROR(VLOOKUP($B39,Agents!$A:$D,4,0),"-") -> Credit Mutuel | AA39: S48-2025 | AB39: =IF(AND(D39="Congé",F39="Congé"),0.333333333333333,IF(OR(AND(D39="Congé",F39<>"Congé"),(AND(F39="Congé",D39<>"Congé"))),0.166666666666667,"")) | AC39: =IF(AND(D39="Congé sans solde",F39="Congé sans solde"),0.333333333333333,IF(OR(AND(D39="Congé sans solde",F39<>"Congé sans solde"),(AND(F39="Congé sans solde",D39<>"Congé sans solde"))),0.166666666666667,"")) | AD39: =IF(AND(D39="Congé spécial",F39="Congé spécial"),0.333333333333333,IF(OR(AND(D39="Congé spécial",F39<>"Congé spécial"),AND(F39="Congé spécial",D39<>"Congé spécial")),0.166666666666667,"")) | AE39: =IF(AND(D39="Férié",F39="Férié"),0.333333333333333,IF(OR(AND(D39="Férié",F39<>"Férié"),(AND(F39="Férié",D39<>"Férié"))),0.166666666666667,""))
A40: =YEAR(Q40-WEEKDAY(Q40,2)+4)&"-S"&TEXT(WEEKNUM(Q40,21),"00") -> 2025-S48 | B40: RMAIDI IMAD | D40: OFF | F40: OFF | I40: =IF(IF(OR(C40="",D40="Congé",D40="OFF",D40="Congé spécial"),"",IF(D40>F40,D40-C40,IF(C40-D40<0,0,C40-D40)))<0.00068287037037037,"",IF(OR(D40="Congé",D40="OFF",C40="",D40="Congé spécial"),"",IF(D40>F40,D40-C40,IF(C40-D40<0,0,C40-D40)))) | K40: =IF(SUM(H40:J40)<0.00068287037037037,0,SUM(H40:J40)) -> 0 | L40: =IF(OR(F40="Congé",F40="OFF",M40="Abs",F40="Congé sans solde",F40="Férié",F40="Congé spécial",D40="Congé spécial"),0,IF(F40-E40<0,0,IF(F40-E40<=0.00068287037037037,0,F40-E40))) -> 0 | M40: =IF(AND(O40<>0,C40=""),"Abs",0) -> 0 | N40: =IFERROR(IF(OR(D40="OFF",D40="Congé",M40="Abs",D40="Congé sans solde",D40="Férié"),"",IF(O40-K40-L40>O40,O40,IF(O40-K40-L40<0,"",O40-K40-L40))),"") | O40: =IF(AG40="2H Pause déjeuner",IF(F40-D40-0.0833333333333333<0,F40-D40-0.0833333333333333+1,F40-D40-0.0833333333333333),IF(OR(AND(F40="OFF",D40="OFF"),AND(F40="Congé",D40="Congé"),AND(F40="Congé sans solde",D40="Congé sans solde"),AND(F40="Congé spécial",D40="Congé spécial"),AND(F40="Férié",D40="Férié"),AND(F40="OFF",D40="Congé"),AND(F40="OFF",D40="Congé sans solde"),AND(F40="OFF",D40="Congé spécial"),AND(F40="OFF",D40="Férié"),AND(F40="Congé",D40="OFF"),AND(F40="Congé",D40="Congé sans solde"),AND(F40="Congé",D40="Congé spécial"),AND(F40="Congé",D40="Férié"),AND(F40="Congé sans solde",D40="OFF"),AND(F40="Congé sans solde",D40="Congé"),AND(F40="Congé sans solde",D40="Congé spécial"),AND(F40="Congé sans solde",D40="Férié"),AND(F40="Congé spécial",D40="OFF"),AND(F40="Congé spécial",D40="Congé"),AND(F40="Congé spécial",D40="Congé sans solde"),AND(F40="Congé spécial",D40="Férié"),AND(F40="Férié",D40="OFF"),AND(F40="Férié",D40="Congé"),AND(F40="Férié",D40="Congé sans solde"),AND(F40="Férié",D40="Congé spécial")),0,IF(OR(F40="OFF",F40="Congé",F40="Congé spécial",F40="Congé sans solde",D40="OFF",D40="Congé",D40="Congé spécial",D40="Congé sans solde"),0.208333333333334,IF(AND(AG40="",F40-D40<0),("24:00:00"-D40)+("00:00:00"+F40)-0.0416666666666667,IF(AND(OR(AG40="Allaitement",AG40="Sans déjeuner"),F40-D40<0),("24:00:00"-D40)+("00:00:00"+F40),IF(AND(AG40="",F40-D40>0.166666666666667),F40-D40-0.0416666666666667,IF(AND(OR(AG40="Allaitement",AG40="Sans déjeuner"),F40-D40>0.166666666666667),F40-D40,F40-D40))))))) -> 0 | P40: =IFERROR(VLOOKUP($B40,Agents!$A:$D,2,0),"-") -> Accessibilité | Q40: 45991 | R40: =IF(M40="Abs",O40,0) -> 0 | S40: =SUM(R40,L40,I40,J40,W40,H40) -> 0 | T40: ="Sem - "&WEEKNUM(Q40,21) -> Sem - 48 | U40: =CHOOSE(MONTH(Q40),"Janvier","Février","Mars","Avril","Mai","Juin","Juillet","Août","Septembre","Octobre","Novembre","Décembre") -> Novembre | V40: =YEAR(Q40) -> 2025 | X40: =IFERROR(IF(M40="Abs",0,IF(ROUND((D40-C40+E40-F40)*1440,0)<=1,0,D40-C40+E40-F40)),0) -> 0 | Y40: =IFERROR(VLOOKUP($B40,Agents!$A:$D,3,0),"-") -> OUBRAHIM Mohammed | Z40: =IFERROR(VLOOKUP($B40,Agents!$A:$D,4,0),"-") -> Credit Mutuel | AA40: S48-2025 | AB40: =IF(AND(D40="Congé",F40="Congé"),0.333333333333333,IF(OR(AND(D40="Congé",F40<>"Congé"),(AND(F40="Congé",D40<>"Congé"))),0.166666666666667,"")) | AC40: =IF(AND(D40="Congé sans solde",F40="Congé sans solde"),0.333333333333333,IF(OR(AND(D40="Congé sans solde",F40<>"Congé sans solde"),(AND(F40="Congé sans solde",D40<>"Congé sans solde"))),0.166666666666667,"")) | AD40: =IF(AND(D40="Congé spécial",F40="Congé spécial"),0.333333333333333,IF(OR(AND(D40="Congé spécial",F40<>"Congé spécial"),AND(F40="Congé spécial",D40<>"Congé spécial")),0.166666666666667,"")) | AE40: =IF(AND(D40="Férié",F40="Férié"),0.333333333333333,IF(OR(AND(D40="Férié",F40<>"Férié"),(AND(F40="Férié",D40<>"Férié"))),0.166666666666667,""))
A41: =YEAR(Q41-WEEKDAY(Q41,2)+4)&"-S"&TEXT(WEEKNUM(Q41,21),"00") -> 2025-S48 | B41: HAMDANI MOHAMED | D41: OFF | F41: OFF | I41: =IF(IF(OR(C41="",D41="Congé",D41="OFF",D41="Congé spécial"),"",IF(D41>F41,D41-C41,IF(C41-D41<0,0,C41-D41)))<0.00068287037037037,"",IF(OR(D41="Congé",D41="OFF",C41="",D41="Congé spécial"),"",IF(D41>F41,D41-C41,IF(C41-D41<0,0,C41-D41)))) | K41: =IF(SUM(H41:J41)<0.00068287037037037,0,SUM(H41:J41)) -> 0 | L41: =IF(OR(F41="Congé",F41="OFF",M41="Abs",F41="Congé sans solde",F41="Férié",F41="Congé spécial",D41="Congé spécial"),0,IF(F41-E41<0,0,IF(F41-E41<=0.00068287037037037,0,F41-E41))) -> 0 | M41: =IF(AND(O41<>0,C41=""),"Abs",0) -> 0 | N41: =IFERROR(IF(OR(D41="OFF",D41="Congé",M41="Abs",D41="Congé sans solde",D41="Férié"),"",IF(O41-K41-L41>O41,O41,IF(O41-K41-L41<0,"",O41-K41-L41))),"") | O41: =IF(AG41="2H Pause déjeuner",IF(F41-D41-0.0833333333333333<0,F41-D41-0.0833333333333333+1,F41-D41-0.0833333333333333),IF(OR(AND(F41="OFF",D41="OFF"),AND(F41="Congé",D41="Congé"),AND(F41="Congé sans solde",D41="Congé sans solde"),AND(F41="Congé spécial",D41="Congé spécial"),AND(F41="Férié",D41="Férié"),AND(F41="OFF",D41="Congé"),AND(F41="OFF",D41="Congé sans solde"),AND(F41="OFF",D41="Congé spécial"),AND(F41="OFF",D41="Férié"),AND(F41="Congé",D41="OFF"),AND(F41="Congé",D41="Congé sans solde"),AND(F41="Congé",D41="Congé spécial"),AND(F41="Congé",D41="Férié"),AND(F41="Congé sans solde",D41="OFF"),AND(F41="Congé sans solde",D41="Congé"),AND(F41="Congé sans solde",D41="Congé spécial"),AND(F41="Congé sans solde",D41="Férié"),AND(F41="Congé spécial",D41="OFF"),AND(F41="Congé spécial",D41="Congé"),AND(F41="Congé spécial",D41="Congé sans solde"),AND(F41="Congé spécial",D41="Férié"),AND(F41="Férié",D41="OFF"),AND(F41="Férié",D41="Congé"),AND(F41="Férié",D41="Congé sans solde"),AND(F41="Férié",D41="Congé spécial")),0,IF(OR(F41="OFF",F41="Congé",F41="Congé spécial",F41="Congé sans solde",D41="OFF",D41="Congé",D41="Congé spécial",D41="Congé sans solde"),0.208333333333334,IF(AND(AG41="",F41-D41<0),("24:00:00"-D41)+("00:00:00"+F41)-0.0416666666666667,IF(AND(OR(AG41="Allaitement",AG41="Sans déjeuner"),F41-D41<0),("24:00:00"-D41)+("00:00:00"+F41),IF(AND(AG41="",F41-D41>0.166666666666667),F41-D41-0.0416666666666667,IF(AND(OR(AG41="Allaitement",AG41="Sans déjeuner"),F41-D41>0.166666666666667),F41-D41,F41-D41))))))) -> 0 | P41: =IFERROR(VLOOKUP($B41,Agents!$A:$D,2,0),"-") -> Accessibilité | Q41: 45991 | R41: =IF(M41="Abs",O41,0) -> 0 | S41: =SUM(R41,L41,I41,J41,W41,H41) -> 0 | T41: ="Sem - "&WEEKNUM(Q41,21) -> Sem - 48 | U41: =CHOOSE(MONTH(Q41),"Janvier","Février","Mars","Avril","Mai","Juin","Juillet","Août","Septembre","Octobre","Novembre","Décembre") -> Novembre | V41: =YEAR(Q41) -> 2025 | X41: =IFERROR(IF(M41="Abs",0,IF(ROUND((D41-C41+E41-F41)*1440,0)<=1,0,D41-C41+E41-F41)),0) -> 0 | Y41: =IFERROR(VLOOKUP($B41,Agents!$A:$D,3,0),"-") -> OUBRAHIM Mohammed | Z41: =IFERROR(VLOOKUP($B41,Agents!$A:$D,4,0),"-") -> Credit Mutuel | AA41: S48-2025 | AB41: =IF(AND(D41="Congé",F41="Congé"),0.333333333333333,IF(OR(AND(D41="Congé",F41<>"Congé"),(AND(F41="Congé",D41<>"Congé"))),0.166666666666667,"")) | AC41: =IF(AND(D41="Congé sans solde",F41="Congé sans solde"),0.333333333333333,IF(OR(AND(D41="Congé sans solde",F41<>"Congé sans solde"),(AND(F41="Congé sans solde",D41<>"Congé sans solde"))),0.166666666666667,"")) | AD41: =IF(AND(D41="Congé spécial",F41="Congé spécial"),0.333333333333333,IF(OR(AND(D41="Congé spécial",F41<>"Congé spécial"),AND(F41="Congé spécial",D41<>"Congé spécial")),0.166666666666667,"")) | AE41: =IF(AND(D41="Férié",F41="Férié"),0.333333333333333,IF(OR(AND(D41="Férié",F41<>"Férié"),(AND(F41="Férié",D41<>"Férié"))),0.166666666666667,""))
A42: =YEAR(Q42-WEEKDAY(Q42,2)+4)&"-S"&TEXT(WEEKNUM(Q42,21),"00") -> 2025-S49 | B42: BENCHRIF HAFSSA | C42: 0.33333333 | D42: 0.33333333 | E42: 0.75 | F42: 0.75 | I42: =IF(IF(OR(C42="",D42="Congé",D42="OFF",D42="Congé spécial"),"",IF(D42>F42,D42-C42,IF(C42-D42<0,0,C42-D42)))<0.00068287037037037,"",IF(OR(D42="Congé",D42="OFF",C42="",D42="Congé spécial"),"",IF(D42>F42,D42-C42,IF(C42-D42<0,0,C42-D42)))) | K42: =IF(SUM(H42:J42)<0.00068287037037037,0,SUM(H42:J42)) -> 0 | L42: =IF(OR(F42="Congé",F42="OFF",M42="Abs",F42="Congé sans solde",F42="Férié",F42="Congé spécial",D42="Congé spécial"),0,IF(F42-E42<0,0,IF(F42-E42<=0.00068287037037037,0,F42-E42))) -> 0 | M42: =IF(AND(O42<>0,C42=""),"Abs",0) -> 0 | N42: =IFERROR(IF(OR(D42="OFF",D42="Congé",M42="Abs",D42="Congé sans solde",D42="Férié"),"",IF(O42-K42-L42>O42,O42,IF(O42-K42-L42<0,"",O42-K42-L42))),"") -> 0.375 | O42: =IF(AG42="2H Pause déjeuner",IF(F42-D42-0.0833333333333333<0,F42-D42-0.0833333333333333+1,F42-D42-0.0833333333333333),IF(OR(AND(F42="OFF",D42="OFF"),AND(F42="Congé",D42="Congé"),AND(F42="Congé sans solde",D42="Congé sans solde"),AND(F42="Congé spécial",D42="Congé spécial"),AND(F42="Férié",D42="Férié"),AND(F42="OFF",D42="Congé"),AND(F42="OFF",D42="Congé sans solde"),AND(F42="OFF",D42="Congé spécial"),AND(F42="OFF",D42="Férié"),AND(F42="Congé",D42="OFF"),AND(F42="Congé",D42="Congé sans solde"),AND(F42="Congé",D42="Congé spécial"),AND(F42="Congé",D42="Férié"),AND(F42="Congé sans solde",D42="OFF"),AND(F42="Congé sans solde",D42="Congé"),AND(F42="Congé sans solde",D42="Congé spécial"),AND(F42="Congé sans solde",D42="Férié"),AND(F42="Congé spécial",D42="OFF"),AND(F42="Congé spécial",D42="Congé"),AND(F42="Congé spécial",D42="Congé sans solde"),AND(F42="Congé spécial",D42="Férié"),AND(F42="Férié",D42="OFF"),AND(F42="Férié",D42="Congé"),AND(F42="Férié",D42="Congé sans solde"),AND(F42="Férié",D42="Congé spécial")),0,IF(OR(F42="OFF",F42="Congé",F42="Congé spécial",F42="Congé sans solde",D42="OFF",D42="Congé",D42="Congé spécial",D42="Congé sans solde"),0.208333333333334,IF(AND(AG42="",F42-D42<0),("24:00:00"-D42)+("00:00:00"+F42)-0.0416666666666667,IF(AND(OR(AG42="Allaitement",AG42="Sans déjeuner"),F42-D42<0),("24:00:00"-D42)+("00:00:00"+F42),IF(AND(AG42="",F42-D42>0.166666666666667),F42-D42-0.0416666666666667,IF(AND(OR(AG42="Allaitement",AG42="Sans déjeuner"),F42-D42>0.166666666666667),F42-D42,F42-D42))))))) -> 0.375 | P42: =IFERROR(VLOOKUP($B42,Agents!$A:$D,2,0),"-") -> Accessibilité | Q42: 45992 | R42: =IF(M42="Abs",O42,0) -> 0 | S42: =SUM(R42,L42,I42,J42,W42,H42) -> 0 | T42: ="Sem - "&WEEKNUM(Q42,21) -> Sem - 49 | U42: =CHOOSE(MONTH(Q42),"Janvier","Février","Mars","Avril","Mai","Juin","Juillet","Août","Septembre","Octobre","Novembre","Décembre") -> Décembre | V42: =YEAR(Q42) -> 2025 | X42: =IFERROR(IF(M42="Abs",0,IF(ROUND((D42-C42+E42-F42)*1440,0)<=1,0,D42-C42+E42-F42)),0) -> 0 | Y42: =IFERROR(VLOOKUP($B42,Agents!$A:$D,3,0),"-") -> OUBRAHIM Mohammed | Z42: =IFERROR(VLOOKUP($B42,Agents!$A:$D,4,0),"-") -> Credit Mutuel | AA42: S49-2025 | AB42: =IF(AND(D42="Congé",F42="Congé"),0.333333333333333,IF(OR(AND(D42="Congé",F42<>"Congé"),(AND(F42="Congé",D42<>"Congé"))),0.166666666666667,"")) | AC42: =IF(AND(D42="Congé sans solde",F42="Congé sans solde"),0.333333333333333,IF(OR(AND(D42="Congé sans solde",F42<>"Congé sans solde"),(AND(F42="Congé sans solde",D42<>"Congé sans solde"))),0.166666666666667,"")) | AD42: =IF(AND(D42="Congé spécial",F42="Congé spécial"),0.333333333333333,IF(OR(AND(D42="Congé spécial",F42<>"Congé spécial"),AND(F42="Congé spécial",D42<>"Congé spécial")),0.166666666666667,"")) | AE42: =IF(AND(D42="Férié",F42="Férié"),0.333333333333333,IF(OR(AND(D42="Férié",F42<>"Férié"),(AND(F42="Férié",D42<>"Férié"))),0.166666666666667,""))
A43: =YEAR(Q43-WEEKDAY(Q43,2)+4)&"-S"&TEXT(WEEKNUM(Q43,21),"00") -> 2025-S49 | B43: LISSAOUI HIBA | C43: 0.33055556 | D43: 0.33333333 | E43: 0.75 | F43: 0.75 | I43: =IF(IF(OR(C43="",D43="Congé",D43="OFF",D43="Congé spécial"),"",IF(D43>F43,D43-C43,IF(C43-D43<0,0,C43-D43)))<0.00068287037037037,"",IF(OR(D43="Congé",D43="OFF",C43="",D43="Congé spécial"),"",IF(D43>F43,D43-C43,IF(C43-D43<0,0,C43-D43)))) | K43: =IF(SUM(H43:J43)<0.00068287037037037,0,SUM(H43:J43)) -> 0 | L43: =IF(OR(F43="Congé",F43="OFF",M43="Abs",F43="Congé sans solde",F43="Férié",F43="Congé spécial",D43="Congé spécial"),0,IF(F43-E43<0,0,IF(F43-E43<=0.00068287037037037,0,F43-E43))) -> 0 | M43: =IF(AND(O43<>0,C43=""),"Abs",0) -> 0 | N43: =IFERROR(IF(OR(D43="OFF",D43="Congé",M43="Abs",D43="Congé sans solde",D43="Férié"),"",IF(O43-K43-L43>O43,O43,IF(O43-K43-L43<0,"",O43-K43-L43))),"") -> 0.375 | O43: =IF(AG43="2H Pause déjeuner",IF(F43-D43-0.0833333333333333<0,F43-D43-0.0833333333333333+1,F43-D43-0.0833333333333333),IF(OR(AND(F43="OFF",D43="OFF"),AND(F43="Congé",D43="Congé"),AND(F43="Congé sans solde",D43="Congé sans solde"),AND(F43="Congé spécial",D43="Congé spécial"),AND(F43="Férié",D43="Férié"),AND(F43="OFF",D43="Congé"),AND(F43="OFF",D43="Congé sans solde"),AND(F43="OFF",D43="Congé spécial"),AND(F43="OFF",D43="Férié"),AND(F43="Congé",D43="OFF"),AND(F43="Congé",D43="Congé sans solde"),AND(F43="Congé",D43="Congé spécial"),AND(F43="Congé",D43="Férié"),AND(F43="Congé sans solde",D43="OFF"),AND(F43="Congé sans solde",D43="Congé"),AND(F43="Congé sans solde",D43="Congé spécial"),AND(F43="Congé sans solde",D43="Férié"),AND(F43="Congé spécial",D43="OFF"),AND(F43="Congé spécial",D43="Congé"),AND(F43="Congé spécial",D43="Congé sans solde"),AND(F43="Congé spécial",D43="Férié"),AND(F43="Férié",D43="OFF"),AND(F43="Férié",D43="Congé"),AND(F43="Férié",D43="Congé sans solde"),AND(F43="Férié",D43="Congé spécial")),0,IF(OR(F43="OFF",F43="Congé",F43="Congé spécial",F43="Congé sans solde",D43="OFF",D43="Congé",D43="Congé spécial",D43="Congé sans solde"),0.208333333333334,IF(AND(AG43="",F43-D43<0),("24:00:00"-D43)+("00:00:00"+F43)-0.0416666666666667,IF(AND(OR(AG43="Allaitement",AG43="Sans déjeuner"),F43-D43<0),("24:00:00"-D43)+("00:00:00"+F43),IF(AND(AG43="",F43-D43>0.166666666666667),F43-D43-0.0416666666666667,IF(AND(OR(AG43="Allaitement",AG43="Sans déjeuner"),F43-D43>0.166666666666667),F43-D43,F43-D43))))))) -> 0.375 | P43: =IFERROR(VLOOKUP($B43,Agents!$A:$D,2,0),"-") -> Accessibilité | Q43: 45992 | R43: =IF(M43="Abs",O43,0) -> 0 | S43: =SUM(R43,L43,I43,J43,W43,H43) -> 0 | T43: ="Sem - "&WEEKNUM(Q43,21) -> Sem - 49 | U43: =CHOOSE(MONTH(Q43),"Janvier","Février","Mars","Avril","Mai","Juin","Juillet","Août","Septembre","Octobre","Novembre","Décembre") -> Décembre | V43: =YEAR(Q43) -> 2025 | X43: =IFERROR(IF(M43="Abs",0,IF(ROUND((D43-C43+E43-F43)*1440,0)<=1,0,D43-C43+E43-F43)),0) -> 0.0027777778 | Y43: =IFERROR(VLOOKUP($B43,Agents!$A:$D,3,0),"-") -> OUBRAHIM Mohammed | Z43: =IFERROR(VLOOKUP($B43,Agents!$A:$D,4,0),"-") -> Credit Mutuel | AA43: S49-2025 | AB43: =IF(AND(D43="Congé",F43="Congé"),0.333333333333333,IF(OR(AND(D43="Congé",F43<>"Congé"),(AND(F43="Congé",D43<>"Congé"))),0.166666666666667,"")) | AC43: =IF(AND(D43="Congé sans solde",F43="Congé sans solde"),0.333333333333333,IF(OR(AND(D43="Congé sans solde",F43<>"Congé sans solde"),(AND(F43="Congé sans solde",D43<>"Congé sans solde"))),0.166666666666667,"")) | AD43: =IF(AND(D43="Congé spécial",F43="Congé spécial"),0.333333333333333,IF(OR(AND(D43="Congé spécial",F43<>"Congé spécial"),AND(F43="Congé spécial",D43<>"Congé spécial")),0.166666666666667,"")) | AE43: =IF(AND(D43="Férié",F43="Férié"),0.333333333333333,IF(OR(AND(D43="Férié",F43<>"Férié"),(AND(F43="Férié",D43<>"Férié"))),0.166666666666667,""))
A44: =YEAR(Q44-WEEKDAY(Q44,2)+4)&"-S"&TEXT(WEEKNUM(Q44,21),"00") -> 2025-S49 | B44: RMAIDI IMAD | C44: 0.33263889 | D44: 0.33333333 | E44: 0.75 | F44: 0.75 | I44: =IF(IF(OR(C44="",D44="Congé",D44="OFF",D44="Congé spécial"),"",IF(D44>F44,D44-C44,IF(C44-D44<0,0,C44-D44)))<0.00068287037037037,"",IF(OR(D44="Congé",D44="OFF",C44="",D44="Congé spécial"),"",IF(D44>F44,D44-C44,IF(C44-D44<0,0,C44-D44)))) | K44: =IF(SUM(H44:J44)<0.00068287037037037,0,SUM(H44:J44)) -> 0 | L44: =IF(OR(F44="Congé",F44="OFF",M44="Abs",F44="Congé sans solde",F44="Férié",F44="Congé spécial",D44="Congé spécial"),0,IF(F44-E44<0,0,IF(F44-E44<=0.00068287037037037,0,F44-E44))) -> 0 | M44: =IF(AND(O44<>0,C44=""),"Abs",0) -> 0 | N44: =IFERROR(IF(OR(D44="OFF",D44="Congé",M44="Abs",D44="Congé sans solde",D44="Férié"),"",IF(O44-K44-L44>O44,O44,IF(O44-K44-L44<0,"",O44-K44-L44))),"") -> 0.375 | O44: =IF(AG44="2H Pause déjeuner",IF(F44-D44-0.0833333333333333<0,F44-D44-0.0833333333333333+1,F44-D44-0.0833333333333333),IF(OR(AND(F44="OFF",D44="OFF"),AND(F44="Congé",D44="Congé"),AND(F44="Congé sans solde",D44="Congé sans solde"),AND(F44="Congé spécial",D44="Congé spécial"),AND(F44="Férié",D44="Férié"),AND(F44="OFF",D44="Congé"),AND(F44="OFF",D44="Congé sans solde"),AND(F44="OFF",D44="Congé spécial"),AND(F44="OFF",D44="Férié"),AND(F44="Congé",D44="OFF"),AND(F44="Congé",D44="Congé sans solde"),AND(F44="Congé",D44="Congé spécial"),AND(F44="Congé",D44="Férié"),AND(F44="Congé sans solde",D44="OFF"),AND(F44="Congé sans solde",D44="Congé"),AND(F44="Congé sans solde",D44="Congé spécial"),AND(F44="Congé sans solde",D44="Férié"),AND(F44="Congé spécial",D44="OFF"),AND(F44="Congé spécial",D44="Congé"),AND(F44="Congé spécial",D44="Congé sans solde"),AND(F44="Congé spécial",D44="Férié"),AND(F44="Férié",D44="OFF"),AND(F44="Férié",D44="Congé"),AND(F44="Férié",D44="Congé sans solde"),AND(F44="Férié",D44="Congé spécial")),0,IF(OR(F44="OFF",F44="Congé",F44="Congé spécial",F44="Congé sans solde",D44="OFF",D44="Congé",D44="Congé spécial",D44="Congé sans solde"),0.208333333333334,IF(AND(AG44="",F44-D44<0),("24:00:00"-D44)+("00:00:00"+F44)-0.0416666666666667,IF(AND(OR(AG44="Allaitement",AG44="Sans déjeuner"),F44-D44<0),("24:00:00"-D44)+("00:00:00"+F44),IF(AND(AG44="",F44-D44>0.166666666666667),F44-D44-0.0416666666666667,IF(AND(OR(AG44="Allaitement",AG44="Sans déjeuner"),F44-D44>0.166666666666667),F44-D44,F44-D44))))))) -> 0.375 | P44: =IFERROR(VLOOKUP($B44,Agents!$A:$D,2,0),"-") -> Accessibilité | Q44: 45992 | R44: =IF(M44="Abs",O44,0) -> 0 | S44: =SUM(R44,L44,I44,J44,W44,H44) -> 0 | T44: ="Sem - "&WEEKNUM(Q44,21) -> Sem - 49 | U44: =CHOOSE(MONTH(Q44),"Janvier","Février","Mars","Avril","Mai","Juin","Juillet","Août","Septembre","Octobre","Novembre","Décembre") -> Décembre | V44: =YEAR(Q44) -> 2025 | X44: =IFERROR(IF(M44="Abs",0,IF(ROUND((D44-C44+E44-F44)*1440,0)<=1,0,D44-C44+E44-F44)),0) -> 0 | Y44: =IFERROR(VLOOKUP($B44,Agents!$A:$D,3,0),"-") -> OUBRAHIM Mohammed | Z44: =IFERROR(VLOOKUP($B44,Agents!$A:$D,4,0),"-") -> Credit Mutuel | AA44: S49-2025 | AB44: =IF(AND(D44="Congé",F44="Congé"),0.333333333333333,IF(OR(AND(D44="Congé",F44<>"Congé"),(AND(F44="Congé",D44<>"Congé"))),0.166666666666667,"")) | AC44: =IF(AND(D44="Congé sans solde",F44="Congé sans solde"),0.333333333333333,IF(OR(AND(D44="Congé sans solde",F44<>"Congé sans solde"),(AND(F44="Congé sans solde",D44<>"Congé sans solde"))),0.166666666666667,"")) | AD44: =IF(AND(D44="Congé spécial",F44="Congé spécial"),0.333333333333333,IF(OR(AND(D44="Congé spécial",F44<>"Congé spécial"),AND(F44="Congé spécial",D44<>"Congé spécial")),0.166666666666667,"")) | AE44: =IF(AND(D44="Férié",F44="Férié"),0.333333333333333,IF(OR(AND(D44="Férié",F44<>"Férié"),(AND(F44="Férié",D44<>"Férié"))),0.166666666666667,""))
A45: =YEAR(Q45-WEEKDAY(Q45,2)+4)&"-S"&TEXT(WEEKNUM(Q45,21),"00") -> 2025-S49 | B45: HAMDANI MOHAMED | C45: 0.33263889 | D45: 0.33333333 | E45: 0.75 | F45: 0.75 | I45: =IF(IF(OR(C45="",D45="Congé",D45="OFF",D45="Congé spécial"),"",IF(D45>F45,D45-C45,IF(C45-D45<0,0,C45-D45)))<0.00068287037037037,"",IF(OR(D45="Congé",D45="OFF",C45="",D45="Congé spécial"),"",IF(D45>F45,D45-C45,IF(C45-D45<0,0,C45-D45)))) | K45: =IF(SUM(H45:J45)<0.00068287037037037,0,SUM(H45:J45)) -> 0 | L45: =IF(OR(F45="Congé",F45="OFF",M45="Abs",F45="Congé sans solde",F45="Férié",F45="Congé spécial",D45="Congé spécial"),0,IF(F45-E45<0,0,IF(F45-E45<=0.00068287037037037,0,F45-E45))) -> 0 | M45: =IF(AND(O45<>0,C45=""),"Abs",0) -> 0 | N45: =IFERROR(IF(OR(D45="OFF",D45="Congé",M45="Abs",D45="Congé sans solde",D45="Férié"),"",IF(O45-K45-L45>O45,O45,IF(O45-K45-L45<0,"",O45-K45-L45))),"") -> 0.375 | O45: =IF(AG45="2H Pause déjeuner",IF(F45-D45-0.0833333333333333<0,F45-D45-0.0833333333333333+1,F45-D45-0.0833333333333333),IF(OR(AND(F45="OFF",D45="OFF"),AND(F45="Congé",D45="Congé"),AND(F45="Congé sans solde",D45="Congé sans solde"),AND(F45="Congé spécial",D45="Congé spécial"),AND(F45="Férié",D45="Férié"),AND(F45="OFF",D45="Congé"),AND(F45="OFF",D45="Congé sans solde"),AND(F45="OFF",D45="Congé spécial"),AND(F45="OFF",D45="Férié"),AND(F45="Congé",D45="OFF"),AND(F45="Congé",D45="Congé sans solde"),AND(F45="Congé",D45="Congé spécial"),AND(F45="Congé",D45="Férié"),AND(F45="Congé sans solde",D45="OFF"),AND(F45="Congé sans solde",D45="Congé"),AND(F45="Congé sans solde",D45="Congé spécial"),AND(F45="Congé sans solde",D45="Férié"),AND(F45="Congé spécial",D45="OFF"),AND(F45="Congé spécial",D45="Congé"),AND(F45="Congé spécial",D45="Congé sans solde"),AND(F45="Congé spécial",D45="Férié"),AND(F45="Férié",D45="OFF"),AND(F45="Férié",D45="Congé"),AND(F45="Férié",D45="Congé sans solde"),AND(F45="Férié",D45="Congé spécial")),0,IF(OR(F45="OFF",F45="Congé",F45="Congé spécial",F45="Congé sans solde",D45="OFF",D45="Congé",D45="Congé spécial",D45="Congé sans solde"),0.208333333333334,IF(AND(AG45="",F45-D45<0),("24:00:00"-D45)+("00:00:00"+F45)-0.0416666666666667,IF(AND(OR(AG45="Allaitement",AG45="Sans déjeuner"),F45-D45<0),("24:00:00"-D45)+("00:00:00"+F45),IF(AND(AG45="",F45-D45>0.166666666666667),F45-D45-0.0416666666666667,IF(AND(OR(AG45="Allaitement",AG45="Sans déjeuner"),F45-D45>0.166666666666667),F45-D45,F45-D45))))))) -> 0.375 | P45: =IFERROR(VLOOKUP($B45,Agents!$A:$D,2,0),"-") -> Accessibilité | Q45: 45992 | R45: =IF(M45="Abs",O45,0) -> 0 | S45: =SUM(R45,L45,I45,J45,W45,H45) -> 0 | T45: ="Sem - "&WEEKNUM(Q45,21) -> Sem - 49 | U45: =CHOOSE(MONTH(Q45),"Janvier","Février","Mars","Avril","Mai","Juin","Juillet","Août","Septembre","Octobre","Novembre","Décembre") -> Décembre | V45: =YEAR(Q45) -> 2025 | X45: =IFERROR(IF(M45="Abs",0,IF(ROUND((D45-C45+E45-F45)*1440,0)<=1,0,D45-C45+E45-F45)),0) -> 0 | Y45: =IFERROR(VLOOKUP($B45,Agents!$A:$D,3,0),"-") -> OUBRAHIM Mohammed | Z45: =IFERROR(VLOOKUP($B45,Agents!$A:$D,4,0),"-") -> Credit Mutuel | AA45: S49-2025 | AB45: =IF(AND(D45="Congé",F45="Congé"),0.333333333333333,IF(OR(AND(D45="Congé",F45<>"Congé"),(AND(F45="Congé",D45<>"Congé"))),0.166666666666667,"")) | AC45: =IF(AND(D45="Congé sans solde",F45="Congé sans solde"),0.333333333333333,IF(OR(AND(D45="Congé sans solde",F45<>"Congé sans solde"),(AND(F45="Congé sans solde",D45<>"Congé sans solde"))),0.166666666666667,"")) | AD45: =IF(AND(D45="Congé spécial",F45="Congé spécial"),0.333333333333333,IF(OR(AND(D45="Congé spécial",F45<>"Congé spécial"),AND(F45="Congé spécial",D45<>"Congé spécial")),0.166666666666667,"")) | AE45: =IF(AND(D45="Férié",F45="Férié"),0.333333333333333,IF(OR(AND(D45="Férié",F45<>"Férié"),(AND(F45="Férié",D45<>"Férié"))),0.166666666666667,""))
A46: =YEAR(Q46-WEEKDAY(Q46,2)+4)&"-S"&TEXT(WEEKNUM(Q46,21),"00") -> 2025-S49 | B46: BENCHRIF HAFSSA | C46: 0.33263889 | D46: 0.33333333 | E46: 0.75 | F46: 0.75 | I46: =IF(IF(OR(C46="",D46="Congé",D46="OFF",D46="Congé spécial"),"",IF(D46>F46,D46-C46,IF(C46-D46<0,0,C46-D46)))<0.00068287037037037,"",IF(OR(D46="Congé",D46="OFF",C46="",D46="Congé spécial"),"",IF(D46>F46,D46-C46,IF(C46-D46<0,0,C46-D46)))) | K46: =IF(SUM(H46:J46)<0.00068287037037037,0,SUM(H46:J46)) -> 0 | L46: =IF(OR(F46="Congé",F46="OFF",M46="Abs",F46="Congé sans solde",F46="Férié",F46="Congé spécial",D46="Congé spécial"),0,IF(F46-E46<0,0,IF(F46-E46<=0.00068287037037037,0,F46-E46))) -> 0 | M46: =IF(AND(O46<>0,C46=""),"Abs",0) -> 0 | N46: =IFERROR(IF(OR(D46="OFF",D46="Congé",M46="Abs",D46="Congé sans solde",D46="Férié"),"",IF(O46-K46-L46>O46,O46,IF(O46-K46-L46<0,"",O46-K46-L46))),"") -> 0.375 | O46: =IF(AG46="2H Pause déjeuner",IF(F46-D46-0.0833333333333333<0,F46-D46-0.0833333333333333+1,F46-D46-0.0833333333333333),IF(OR(AND(F46="OFF",D46="OFF"),AND(F46="Congé",D46="Congé"),AND(F46="Congé sans solde",D46="Congé sans solde"),AND(F46="Congé spécial",D46="Congé spécial"),AND(F46="Férié",D46="Férié"),AND(F46="OFF",D46="Congé"),AND(F46="OFF",D46="Congé sans solde"),AND(F46="OFF",D46="Congé spécial"),AND(F46="OFF",D46="Férié"),AND(F46="Congé",D46="OFF"),AND(F46="Congé",D46="Congé sans solde"),AND(F46="Congé",D46="Congé spécial"),AND(F46="Congé",D46="Férié"),AND(F46="Congé sans solde",D46="OFF"),AND(F46="Congé sans solde",D46="Congé"),AND(F46="Congé sans solde",D46="Congé spécial"),AND(F46="Congé sans solde",D46="Férié"),AND(F46="Congé spécial",D46="OFF"),AND(F46="Congé spécial",D46="Congé"),AND(F46="Congé spécial",D46="Congé sans solde"),AND(F46="Congé spécial",D46="Férié"),AND(F46="Férié",D46="OFF"),AND(F46="Férié",D46="Congé"),AND(F46="Férié",D46="Congé sans solde"),AND(F46="Férié",D46="Congé spécial")),0,IF(OR(F46="OFF",F46="Congé",F46="Congé spécial",F46="Congé sans solde",D46="OFF",D46="Congé",D46="Congé spécial",D46="Congé sans solde"),0.208333333333334,IF(AND(AG46="",F46-D46<0),("24:00:00"-D46)+("00:00:00"+F46)-0.0416666666666667,IF(AND(OR(AG46="Allaitement",AG46="Sans déjeuner"),F46-D46<0),("24:00:00"-D46)+("00:00:00"+F46),IF(AND(AG46="",F46-D46>0.166666666666667),F46-D46-0.0416666666666667,IF(AND(OR(AG46="Allaitement",AG46="Sans déjeuner"),F46-D46>0.166666666666667),F46-D46,F46-D46))))))) -> 0.375 | P46: =IFERROR(VLOOKUP($B46,Agents!$A:$D,2,0),"-") -> Accessibilité | Q46: 45993 | R46: =IF(M46="Abs",O46,0) -> 0 | S46: =SUM(R46,L46,I46,J46,W46,H46) -> 0 | T46: ="Sem - "&WEEKNUM(Q46,21) -> Sem - 49 | U46: =CHOOSE(MONTH(Q46),"Janvier","Février","Mars","Avril","Mai","Juin","Juillet","Août","Septembre","Octobre","Novembre","Décembre") -> Décembre | V46: =YEAR(Q46) -> 2025 | X46: =IFERROR(IF(M46="Abs",0,IF(ROUND((D46-C46+E46-F46)*1440,0)<=1,0,D46-C46+E46-F46)),0) -> 0 | Y46: =IFERROR(VLOOKUP($B46,Agents!$A:$D,3,0),"-") -> OUBRAHIM Mohammed | Z46: =IFERROR(VLOOKUP($B46,Agents!$A:$D,4,0),"-") -> Credit Mutuel | AA46: S49-2025 | AB46: =IF(AND(D46="Congé",F46="Congé"),0.333333333333333,IF(OR(AND(D46="Congé",F46<>"Congé"),(AND(F46="Congé",D46<>"Congé"))),0.166666666666667,"")) | AC46: =IF(AND(D46="Congé sans solde",F46="Congé sans solde"),0.333333333333333,IF(OR(AND(D46="Congé sans solde",F46<>"Congé sans solde"),(AND(F46="Congé sans solde",D46<>"Congé sans solde"))),0.166666666666667,"")) | AD46: =IF(AND(D46="Congé spécial",F46="Congé spécial"),0.333333333333333,IF(OR(AND(D46="Congé spécial",F46<>"Congé spécial"),AND(F46="Congé spécial",D46<>"Congé spécial")),0.166666666666667,"")) | AE46: =IF(AND(D46="Férié",F46="Férié"),0.333333333333333,IF(OR(AND(D46="Férié",F46<>"Férié"),(AND(F46="Férié",D46<>"Férié"))),0.166666666666667,""))
