Workbook

Sheet SYNTHESE
A1: SYNTHESE MENSUELLE
A2: Saisie manuelle sur les feuilles mensuelles — aucune importation
A3: Mois | B3: Heures | C3: Actes | D3: Heures / acte
A4: 2026-10 | B4: ='2026-10'!X36 | C4: ='2026-10'!Y36 | D4: =IFERROR(B4/C4,0)
A5: 2026-11 | B5: ='2026-11'!X35 | C5: ='2026-11'!Y35 | D5: =IFERROR(B5/C5,0)
A6: 2026-12 | B6: ='2026-12'!X36 | C6: ='2026-12'!Y36 | D6: =IFERROR(B6/C6,0)
A7: 2027-01 | B7: ='2027-01'!X36 | C7: ='2027-01'!Y36 | D7: =IFERROR(B7/C7,0)
A8: 2027-02 | B8: ='2027-02'!X33 | C8: ='2027-02'!Y33 | D8: =IFERROR(B8/C8,0)
A9: 2027-03 | B9: ='2027-03'!X36 | C9: ='2027-03'!Y36 | D9: =IFERROR(B9/C9,0)
A10: 2027-04 | B10: ='2027-04'!X35 | C10: ='2027-04'!Y35 | D10: =IFERROR(B10/C10,0)
A11: 2027-05 | B11: ='2027-05'!X36 | C11: ='2027-05'!Y36 | D11: =IFERROR(B11/C11,0)
A12: 2027-06 | B12: ='2027-06'!X35 | C12: ='2027-06'!Y35 | D12: =IFERROR(B12/C12,0)
A13: 2027-07 | B13: ='2027-07'!X36 | C13: ='2027-07'!Y36 | D13: =IFERROR(B13/C13,0)
A14: 2027-08 | B14: ='2027-08'!X36 | C14: ='2027-08'!Y36 | D14: =IFERROR(B14/C14,0)
A15: 2027-09 | B15: ='2027-09'!X35 | C15: ='2027-09'!Y35 | D15: =IFERROR(B15/C15,0)
A16: 2027-10 | B16: ='2027-10'!X36 | C16: ='2027-10'!Y36 | D16: =IFERROR(B16/C16,0)
A17: 2027-11 | B17: ='2027-11'!X35 | C17: ='2027-11'!Y35 | D17: =IFERROR(B17/C17,0)
A18: 2027-12 | B18: ='2027-12'!X36 | C18: ='2027-12'!Y36 | D18: =IFERROR(B18/C18,0)

Sheet 2026-10
A1: DECLARATIF ACCESSIBILITE — 2026-10
A2: Saisir les heures et actes dans les cellules bleu clair.
A4: Date | B4: ACM | Heures | C4: ACM | Actes | D4: COFIDIS France | Heures | E4: COFIDIS France | Actes | F4: CONTRATHEQUE | Heures | G4: CONTRATHEQUE | Actes | H4: CREATIS | Heures | I4: CREATIS | Actes | J4: CMMABN | Heures | K4: CMMABN | Actes | L4: DIRCOM | Heures | M4: DIRCOM | Actes | N4: DIRCO | Heures | O4: DIRCO | Actes | P4: MONABANQ | Heures | Q4: MONABANQ | Actes | R4: Bouygues Telecom | Heures | S4: Bouygues Telecom | Actes | T4: CIC CIB Asset Servicing | Heures | U4: CIC CIB Asset Servicing | Actes | V4: CMO | Heures | W4: CMO | Actes | X4: TOTAL HEURES | Y4: TOTAL ACTES
A5: 46296 | X5: =B5+D5+F5+H5+J5+L5+N5+P5+R5+T5+V5 | Y5: =C5+E5+G5+I5+K5+M5+O5+Q5+S5+U5+W5
A6: 46297 | X6: =B6+D6+F6+H6+J6+L6+N6+P6+R6+T6+V6 | Y6: =C6+E6+G6+I6+K6+M6+O6+Q6+S6+U6+W6
A7: 46298 | X7: =B7+D7+F7+H7+J7+L7+N7+P7+R7+T7+V7 | Y7: =C7+E7+G7+I7+K7+M7+O7+Q7+S7+U7+W7
A8: 46299 | X8: =B8+D8+F8+H8+J8+L8+N8+P8+R8+T8+V8 | Y8: =C8+E8+G8+I8+K8+M8+O8+Q8+S8+U8+W8
A9: 46300 | X9: =B9+D9+F9+H9+J9+L9+N9+P9+R9+T9+V9 | Y9: =C9+E9+G9+I9+K9+M9+O9+Q9+S9+U9+W9
A10: 46301 | X10: =B10+D10+F10+H10+J10+L10+N10+P10+R10+T10+V10 | Y10: =C10+E10+G10+I10+K10+M10+O10+Q10+S10+U10+W10
A11: 46302 | X11: =B11+D11+F11+H11+J11+L11+N11+P11+R11+T11+V11 | Y11: =C11+E11+G11+I11+K11+M11+O11+Q11+S11+U11+W11
A12: 46303 | X12: =B12+D12+F12+H12+J12+L12+N12+P12+R12+T12+V12 | Y12: =C12+E12+G12+I12+K12+M12+O12+Q12+S12+U12+W12
A13: 46304 | X13: =B13+D13+F13+H13+J13+L13+N13+P13+R13+T13+V13 | Y13: =C13+E13+G13+I13+K13+M13+O13+Q13+S13+U13+W13
A14: 46305 | X14: =B14+D14+F14+H14+J14+L14+N14+P14+R14+T14+V14 | Y14: =C14+E14+G14+I14+K14+M14+O14+Q14+S14+U14+W14
A15: 46306 | X15: =B15+D15+F15+H15+J15+L15+N15+P15+R15+T15+V15 | Y15: =C15+E15+G15+I15+K15+M15+O15+Q15+S15+U15+W15
A16: 46307 | X16: =B16+D16+F16+H16+J16+L16+N16+P16+R16+T16+V16 | Y16: =C16+E16+G16+I16+K16+M16+O16+Q16+S16+U16+W16
... A35: 46326 | X35: =B35+D35+F35+H35+J35+L35+N35+P35+R35+T35+V35 | Y35: =C35+E35+G35+I35+K35+M35+O35+Q35+S35+U35+W35
A36: TOTAL MENSUEL | B36: =SUM(B5:B35) | C36: =SUM(C5:C35) | D36: =SUM(D5:D35) | E36: =SUM(E5:E35) | F36: =SUM(F5:F35) | G36: =SUM(G5:G35) | H36: =SUM(H5:H35) | I36: =SUM(I5:I35) | ... Y36: =SUM(Y5:Y35)

Sheet 2026-11
A1: DECLARATIF ACCESSIBILITE — 2026-11
A2: Saisir les heures et actes dans les cellules bleu clair.
A4: Date | B4: ACM | Heures | C4: ACM | Actes | D4: COFIDIS France | Heures | E4: COFIDIS France | Actes | F4: CONTRATHEQUE | Heures | G4: CONTRATHEQUE | Actes | H4: CREATIS | Heures | I4: CREATIS | Actes | J4: CMMABN | Heures | K4: CMMABN | Actes | L4: DIRCOM | Heures | M4: DIRCOM | Actes | N4: DIRCO | Heures | O4: DIRCO | Actes | P4: MONABANQ | Heures | Q4: MONABANQ | Actes | R4: Bouygues Telecom | Heures | S4: Bouygues Telecom | Actes | T4: CIC CIB Asset Servicing | Heures | U4: CIC CIB Asset Servicing | Actes | V4: CMO | Heures | W4: CMO | Actes | X4: TOTAL HEURES | Y4: TOTAL ACTES
A5: 46327 | X5: =B5+D5+F5+H5+J5+L5+N5+P5+R5+T5+V5 | Y5: =C5+E5+G5+I5+K5+M5+O5+Q5+S5+U5+W5
A6: 46328 | X6: =B6+D6+F6+H6+J6+L6+N6+P6+R6+T6+V6 | Y6: =C6+E6+G6+I6+K6+M6+O6+Q6+S6+U6+W6
A7: 46329 | X7: =B7+D7+F7+H7+J7+L7+N7+P7+R7+T7+V7 | Y7: =C7+E7+G7+I7+K7+M7+O7+Q7+S7+U7+W7
A8: 46330 | X8: =B8+D8+F8+H8+J8+L8+N8+P8+R8+T8+V8 | Y8: =C8+E8+G8+I8+K8+M8+O8+Q8+S8+U8+W8
A9: 46331 | X9: =B9+D9+F9+H9+J9+L9+N9+P9+R9+T9+V9 | Y9: =C9+E9+G9+I9+K9+M9+O9+Q9+S9+U9+W9
A10: 46332 | X10: =B10+D10+F10+H10+J10+L10+N10+P10+R10+T10+V10 | Y10: =C10+E10+G10+I10+K10+M10+O10+Q10+S10+U10+W10
A11: 46333 | X11: =B11+D11+F11+H11+J11+L11+N11+P11+R11+T11+V11 | Y11: =C11+E11+G11+I11+K11+M11+O11+Q11+S11+U11+W11
A12: 46334 | X12: =B12+D12+F12+H12+J12+L12+N12+P12+R12+T12+V12 | Y12: =C12+E12+G12+I12+K12+M12+O12+Q12+S12+U12+W12
A13: 46335 | X13: =B13+D13+F13+H13+J13+L13+N13+P13+R13+T13+V13 | Y13: =C13+E13+G13+I13+K13+M13+O13+Q13+S13+U13+W13
A14: 46336 | X14: =B14+D14+F14+H14+J14+L14+N14+P14+R14+T14+V14 | Y14: =C14+E14+G14+I14+K14+M14+O14+Q14+S14+U14+W14
A15: 46337 | X15: =B15+D15+F15+H15+J15+L15+N15+P15+R15+T15+V15 | Y15: =C15+E15+G15+I15+K15+M15+O15+Q15+S15+U15+W15
A16: 46338 | X16: =B16+D16+F16+H16+J16+L16+N16+P16+R16+T16+V16 | Y16: =C16+E16+G16+I16+K16+M16+O16+Q16+S16+U16+W16
... A34: 46356 | X34: =B34+D34+F34+H34+J34+L34+N34+P34+R34+T34+V34 | Y34: =C34+E34+G34+I34+K34+M34+O34+Q34+S34+U34+W34
A35: TOTAL MENSUEL | B35: =SUM(B5:B34) | C35: =SUM(C5:C34) | D35: =SUM(D5:D34) | E35: =SUM(E5:E34) | F35: =SUM(F5:F34) | G35: =SUM(G5:G34) | H35: =SUM(H5:H34) | I35: =SUM(I5:I34) | ... Y35: =SUM(Y5:Y34)

Sheet 2026-12
A1: DECLARATIF ACCESSIBILITE — 2026-12
A2: Saisir les heures et actes dans les cellules bleu clair.
A4: Date | B4: ACM | Heures | C4: ACM | Actes | D4: COFIDIS France | Heures | E4: COFIDIS France | Actes | F4: CONTRATHEQUE | Heures | G4: CONTRATHEQUE | Actes | H4: CREATIS | Heures | I4: CREATIS | Actes | J4: CMMABN | Heures | K4: CMMABN | Actes | L4: DIRCOM | Heures | M4: DIRCOM | Actes | N4: DIRCO | Heures | O4: DIRCO | Actes | P4: MONABANQ | Heures | Q4: MONABANQ | Actes | R4: Bouygues Telecom | Heures | S4: Bouygues Telecom | Actes | T4: CIC CIB Asset Servicing | Heures | U4: CIC CIB Asset Servicing | Actes | V4: CMO | Heures | W4: CMO | Actes | X4: TOTAL HEURES | Y4: TOTAL ACTES
A5: 46357 | X5: =B5+D5+F5+H5+J5+L5+N5+P5+R5+T5+V5 | Y5: =C5+E5+G5+I5+K5+M5+O5+Q5+S5+U5+W5
A6: 46358 | X6: =B6+D6+F6+H6+J6+L6+N6+P6+R6+T6+V6 | Y6: =C6+E6+G6+I6+K6+M6+O6+Q6+S6+U6+W6
A7: 46359 | X7: =B7+D7+F7+H7+J7+L7+N7+P7+R7+T7+V7 | Y7: =C7+E7+G7+I7+K7+M7+O7+Q7+S7+U7+W7
A8: 46360 | X8: =B8+D8+F8+H8+J8+L8+N8+P8+R8+T8+V8 | Y8: =C8+E8+G8+I8+K8+M8+O8+Q8+S8+U8+W8
A9: 46361 | X9: =B9+D9+F9+H9+J9+L9+N9+P9+R9+T9+V9 | Y9: =C9+E9+G9+I9+K9+M9+O9+Q9+S9+U9+W9
A10: 46362 | X10: =B10+D10+F10+H10+J10+L10+N10+P10+R10+T10+V10 | Y10: =C10+E10+G10+I10+K10+M10+O10+Q10+S10+U10+W10
A11: 46363 | X11: =B11+D11+F11+H11+J11+L11+N11+P11+R11+T11+V11 | Y11: =C11+E11+G11+I11+K11+M11+O11+Q11+S11+U11+W11
A12: 46364 | X12: =B12+D12+F12+H12+J12+L12+N12+P12+R12+T12+V12 | Y12: =C12+E12+G12+I12+K12+M12+O12+Q12+S12+U12+W12
A13: 46365 | X13: =B13+D13+F13+H13+J13+L13+N13+P13+R13+T13+V13 | Y13: =C13+E13+G13+I13+K13+M13+O13+Q13+S13+U13+W13
A14: 46366 | X14: =B14+D14+F14+H14+J14+L14+N14+P14+R14+T14+V14 | Y14: =C14+E14+G14+I14+K14+M14+O14+Q14+S14+U14+W14
A15: 46367 | X15: =B15+D15+F15+H15+J15+L15+N15+P15+R15+T15+V15 | Y15: =C15+E15+G15+I15+K15+M15+O15+Q15+S15+U15+W15
A16: 46368 | X16: =B16+D16+F16+H16+J16+L16+N16+P16+R16+T16+V16 | Y16: =C16+E16+G16+I16+K16+M16+O16+Q16+S16+U16+W16
... A35: 46387 | X35: =B35+D35+F35+H35+J35+L35+N35+P35+R35+T35+V35 | Y35: =C35+E35+G35+I35+K35+M35+O35+Q35+S35+U35+W35
A36: TOTAL MENSUEL | B36: =SUM(B5:B35) | C36: =SUM(C5:C35) | D36: =SUM(D5:D35) | E36: =SUM(E5:E35) | F36: =SUM(F5:F35) | G36: =SUM(G5:G35) | H36: =SUM(H5:H35) | I36: =SUM(I5:I35) | ... Y36: =SUM(Y5:Y35)

Sheet 2027-01
A1: DECLARATIF ACCESSIBILITE — 2027-01
A2: Saisir les heures et actes dans les cellules bleu clair.
A4: Date | B4: ACM | Heures | C4: ACM | Actes | D4: COFIDIS France | Heures | E4: COFIDIS France | Actes | F4: CONTRATHEQUE | Heures | G4: CONTRATHEQUE | Actes | H4: CREATIS | Heures | I4: CREATIS | Actes | J4: CMMABN | Heures | K4: CMMABN | Actes | L4: DIRCOM | Heures | M4: DIRCOM | Actes | N4: DIRCO | Heures | O4: DIRCO | Actes | P4: MONABANQ | Heures | Q4: MONABANQ | Actes | R4: Bouygues Telecom | Heures | S4: Bouygues Telecom | Actes | T4: CIC CIB Asset Servicing | Heures | U4: CIC CIB Asset Servicing | Actes | V4: CMO | Heures | W4: CMO | Actes | X4: TOTAL HEURES | Y4: TOTAL ACTES
A5: 46388 | X5: =B5+D5+F5+H5+J5+L5+N5+P5+R5+T5+V5 | Y5: =C5+E5+G5+I5+K5+M5+O5+Q5+S5+U5+W5
A6: 46389 | X6: =B6+D6+F6+H6+J6+L6+N6+P6+R6+T6+V6 | Y6: =C6+E6+G6+I6+K6+M6+O6+Q6+S6+U6+W6
A7: 46390 | X7: =B7+D7+F7+H7+J7+L7+N7+P7+R7+T7+V7 | Y7: =C7+E7+G7+I7+K7+M7+O7+Q7+S7+U7+W7
A8: 46391 | X8: =B8+D8+F8+H8+J8+L8+N8+P8+R8+T8+V8 | Y8: =C8+E8+G8+I8+K8+M8+O8+Q8+S8+U8+W8
A9: 46392 | X9: =B9+D9+F9+H9+J9+L9+N9+P9+R9+T9+V9 | Y9: =C9+E9+G9+I9+K9+M9+O9+Q9+S9+U9+W9
A10: 46393 | X10: =B10+D10+F10+H10+J10+L10+N10+P10+R10+T10+V10 | Y10: =C10+E10+G10+I10+K10+M10+O10+Q10+S10+U10+W10
A11: 46394 | X11: =B11+D11+F11+H11+J11+L11+N11+P11+R11+T11+V11 | Y11: =C11+E11+G11+I11+K11+M11+O11+Q11+S11+U11+W11
A12: 46395 | X12: =B12+D12+F12+H12+J12+L12+N12+P12+R12+T12+V12 | Y12: =C12+E12+G12+I12+K12+M12+O12+Q12+S12+U12+W12
A13: 46396 | X13: =B13+D13+F13+H13+J13+L13+N13+P13+R13+T13+V13 | Y13: =C13+E13+G13+I13+K13+M13+O13+Q13+S13+U13+W13
A14: 46397 | X14: =B14+D14+F14+H14+J14+L14+N14+P14+R14+T14+V14 | Y14: =C14+E14+G14+I14+K14+M14+O14+Q14+S14+U14+W14
A15: 46398 | X15: =B15+D15+F15+H15+J15+L15+N15+P15+R15+T15+V15 | Y15: =C15+E15+G15+I15+K15+M15+O15+Q15+S15+U15+W15
A16: 46399 | X16: =B16+D16+F16+H16+J16+L16+N16+P16+R16+T16+V16 | Y16: =C16+E16+G16+I16+K16+M16+O16+Q16+S16+U16+W16
... A35: 46418 | X35: =B35+D35+F35+H35+J35+L35+N35+P35+R35+T35+V35 | Y35: =C35+E35+G35+I35+K35+M35+O35+Q35+S35+U35+W35
A36: TOTAL MENSUEL | B36: =SUM(B5:B35) | C36: =SUM(C5:C35) | D36: =SUM(D5:D35) | E36: =SUM(E5:E35) | F36: =SUM(F5:F35) | G36: =SUM(G5:G35) | H36: =SUM(H5:H35) | I36: =SUM(I5:I35) | ... Y36: =SUM(Y5:Y35)

Sheet 2027-02
A1: DECLARATIF ACCESSIBILITE — 2027-02
A2: Saisir les heures et actes dans les cellules bleu clair.
A4: Date | B4: ACM | Heures | C4: ACM | Actes | D4: COFIDIS France | Heures | E4: COFIDIS France | Actes | F4: CONTRATHEQUE | Heures | G4: CONTRATHEQUE | Actes | H4: CREATIS | Heures | I4: CREATIS | Actes | J4: CMMABN | Heures | K4: CMMABN | Actes | L4: DIRCOM | Heures | M4: DIRCOM | Actes | N4: DIRCO | Heures | O4: DIRCO | Actes | P4: MONABANQ | Heures | Q4: MONABANQ | Actes | R4: Bouygues Telecom | Heures | S4: Bouygues Telecom | Actes | T4: CIC CIB Asset Servicing | Heures | U4: CIC CIB Asset Servicing | Actes | V4: CMO | Heures | W4: CMO | Actes | X4: TOTAL HEURES | Y4: TOTAL ACTES
A5: 46419 | X5: =B5+D5+F5+H5+J5+L5+N5+P5+R5+T5+V5 | Y5: =C5+E5+G5+I5+K5+M5+O5+Q5+S5+U5+W5
A6: 46420 | X6: =B6+D6+F6+H6+J6+L6+N6+P6+R6+T6+V6 | Y6: =C6+E6+G6+I6+K6+M6+O6+Q6+S6+U6+W6
A7: 46421 | X7: =B7+D7+F7+H7+J7+L7+N7+P7+R7+T7+V7 | Y7: =C7+E7+G7+I7+K7+M7+O7+Q7+S7+U7+W7
A8: 46422 | X8: =B8+D8+F8+H8+J8+L8+N8+P8+R8+T8+V8 | Y8: =C8+E8+G8+I8+K8+M8+O8+Q8+S8+U8+W8
A9: 46423 | X9: =B9+D9+F9+H9+J9+L9+N9+P9+R9+T9+V9 | Y9: =C9+E9+G9+I9+K9+M9+O9+Q9+S9+U9+W9
A10: 46424 | X10: =B10+D10+F10+H10+J10+L10+N10+P10+R10+T10+V10 | Y10: =C10+E10+G10+I10+K10+M10+O10+Q10+S10+U10+W10
A11: 46425 | X11: =B11+D11+F11+H11+J11+L11+N11+P11+R11+T11+V11 | Y11: =C11+E11+G11+I11+K11+M11+O11+Q11+S11+U11+W11
A12: 46426 | X12: =B12+D12+F12+H12+J12+L12+N12+P12+R12+T12+V12 | Y12: =C12+E12+G12+I12+K12+M12+O12+Q12+S12+U12+W12
A13: 46427 | X13: =B13+D13+F13+H13+J13+L13+N13+P13+R13+T13+V13 | Y13: =C13+E13+G13+I13+K13+M13+O13+Q13+S13+U13+W13
A14: 46428 | X14: =B14+D14+F14+H14+J14+L14+N14+P14+R14+T14+V14 | Y14: =C14+E14+G14+I14+K14+M14+O14+Q14+S14+U14+W14
A15: 46429 | X15: =B15+D15+F15+H15+J15+L15+N15+P15+R15+T15+V15 | Y15: =C15+E15+G15+I15+K15+M15+O15+Q15+S15+U15+W15
A16: 46430 | X16: =B16+D16+F16+H16+J16+L16+N16+P16+R16+T16+V16 | Y16: =C16+E16+G16+I16+K16+M16+O16+Q16+S16+U16+W16
... A32: 46446 | X32: =B32+D32+F32+H32+J32+L32+N32+P32+R32+T32+V32 | Y32: =C32+E32+G32+I32+K32+M32+O32+Q32+S32+U32+W32
A33: TOTAL MENSUEL | B33: =SUM(B5:B32) | C33: =SUM(C5:C32) | D33: =SUM(D5:D32) | E33: =SUM(E5:E32) | F33: =SUM(F5:F32) | G33: =SUM(G5:G32) | H33: =SUM(H5:H32) | I33: =SUM(I5:I32) | ... Y33: =SUM(Y5:Y32)

Sheet 2027-03
A1: DECLARATIF ACCESSIBILITE — 2027-03
A2: Saisir les heures et actes dans les cellules bleu clair.
A4: Date | B4: ACM | Heures | C4: ACM | Actes | D4: COFIDIS France | Heures | E4: COFIDIS France | Actes | F4: CONTRATHEQUE | Heures | G4: CONTRATHEQUE | Actes | H4: CREATIS | Heures | I4: CREATIS | Actes | J4: CMMABN | Heures | K4: CMMABN | Actes | L4: DIRCOM | Heures | M4: DIRCOM | Actes | N4: DIRCO | Heures | O4: DIRCO | Actes | P4: MONABANQ | Heures | Q4: MONABANQ | Actes | R4: Bouygues Telecom | Heures | S4: Bouygues Telecom | Actes | T4: CIC CIB Asset Servicing | Heures | U4: CIC CIB Asset Servicing | Actes | V4: CMO | Heures | W4: CMO | Actes | X4: TOTAL HEURES | Y4: TOTAL ACTES
A5: 46447 | X5: =B5+D5+F5+H5+J5+L5+N5+P5+R5+T5+V5 | Y5: =C5+E5+G5+I5+K5+M5+O5+Q5+S5+U5+W5
A6: 46448 | X6: =B6+D6+F6+H6+J6+L6+N6+P6+R6+T6+V6 | Y6: =C6+E6+G6+I6+K6+M6+O6+Q6+S6+U6+W6
A7: 46449 | X7: =B7+D7+F7+H7+J7+L7+N7+P7+R7+T7+V7 | Y7: =C7+E7+G7+I7+K7+M7+O7+Q7+S7+U7+W7
A8: 46450 | X8: =B8+D8+F8+H8+J8+L8+N8+P8+R8+T8+V8 | Y8: =C8+E8+G8+I8+K8+M8+O8+Q8+S8+U8+W8
A9: 46451 | X9: =B9+D9+F9+H9+J9+L9+N9+P9+R9+T9+V9 | Y9: =C9+E9+G9+I9+K9+M9+O9+Q9+S9+U9+W9
A10: 46452 | X10: =B10+D10+F10+H10+J10+L10+N10+P10+R10+T10+V10 | Y10: =C10+E10+G10+I10+K10+M10+O10+Q10+S10+U10+W10
A11: 46453 | X11: =B11+D11+F11+H11+J11+L11+N11+P11+R11+T11+V11 | Y11: =C11+E11+G11+I11+K11+M11+O11+Q11+S11+U11+W11
A12: 46454 | X12: =B12+D12+F12+H12+J12+L12+N12+P12+R12+T12+V12 | Y12: =C12+E12+G12+I12+K12+M12+O12+Q12+S12+U12+W12
A13: 46455 | X13: =B13+D13+F13+H13+J13+L13+N13+P13+R13+T13+V13 | Y13: =C13+E13+G13+I13+K13+M13+O13+Q13+S13+U13+W13
A14: 46456 | X14: =B14+D14+F14+H14+J14+L14+N14+P14+R14+T14+V14 | Y14: =C14+E14+G14+I14+K14+M14+O14+Q14+S14+U14+W14
A15: 46457 | X15: =B15+D15+F15+H15+J15+L15+N15+P15+R15+T15+V15 | Y15: =C15+E15+G15+I15+K15+M15+O15+Q15+S15+U15+W15
A16: 46458 | X16: =B16+D16+F16+H16+J16+L16+N16+P16+R16+T16+V16 | Y16: =C16+E16+G16+I16+K16+M16+O16+Q16+S16+U16+W16
... A35: 46477 | X35: =B35+D35+F35+H35+J35+L35+N35+P35+R35+T35+V35 | Y35: =C35+E35+G35+I35+K35+M35+O35+Q35+S35+U35+W35
A36: TOTAL MENSUEL | B36: =SUM(B5:B35) | C36: =SUM(C5:C35) | D36: =SUM(D5:D35) | E36: =SUM(E5:E35) | F36: =SUM(F5:F35) | G36: =SUM(G5:G35) | H36: =SUM(H5:H35) | I36: =SUM(I5:I35) | ... Y36: =SUM(Y5:Y35)

Sheet 2027-04
A1: DECLARATIF ACCESSIBILITE — 2027-04
A2: Saisir les heures et actes dans les cellules bleu clair.
A4: Date | B4: ACM | Heures | C4: ACM | Actes | D4: COFIDIS France | Heures | E4: COFIDIS France | Actes | F4: CONTRATHEQUE | Heures | G4: CONTRATHEQUE | Actes | H4: CREATIS | Heures | I4: CREATIS | Actes | J4: CMMABN | Heures | K4: CMMABN | Actes | L4: DIRCOM | Heures | M4: DIRCOM | Actes | N4: DIRCO | Heures | O4: DIRCO | Actes | P4: MONABANQ | Heures | Q4: MONABANQ | Actes | R4: Bouygues Telecom | Heures | S4: Bouygues Telecom | Actes | T4: CIC CIB Asset Servicing | Heures | U4: CIC CIB Asset Servicing | Actes | V4: CMO | Heures | W4: CMO | Actes | X4: TOTAL HEURES | Y4: TOTAL ACTES
A5: 46478 | X5: =B5+D5+F5+H5+J5+L5+N5+P5+R5+T5+V5 | Y5: =C5+E5+G5+I5+K5+M5+O5+Q5+S5+U5+W5
A6: 46479 | X6: =B6+D6+F6+H6+J6+L6+N6+P6+R6+T6+V6 | Y6: =C6+E6+G6+I6+K6+M6+O6+Q6+S6+U6+W6
A7: 46480 | X7: =B7+D7+F7+H7+J7+L7+N7+P7+R7+T7+V7 | Y7: =C7+E7+G7+I7+K7+M7+O7+Q7+S7+U7+W7
A8: 46481 | X8: =B8+D8+F8+H8+J8+L8+N8+P8+R8+T8+V8 | Y8: =C8+E8+G8+I8+K8+M8+O8+Q8+S8+U8+W8
A9: 46482 | X9: =B9+D9+F9+H9+J9+L9+N9+P9+R9+T9+V9 | Y9: =C9+E9+G9+I9+K9+M9+O9+Q9+S9+U9+W9
A10: 46483 | X10: =B10+D10+F10+H10+J10+L10+N10+P10+R10+T10+V10 | Y10: =C10+E10+G10+I10+K10+M10+O10+Q10+S10+U10+W10
A11: 46484 | X11: =B11+D11+F11+H11+J11+L11+N11+P11+R11+T11+V11 | Y11: =C11+E11+G11+I11+K11+M11+O11+Q11+S11+U11+W11
A12: 46485 | X12: =B12+D12+F12+H12+J12+L12+N12+P12+R12+T12+V12 | Y12: =C12+E12+G12+I12+K12+M12+O12+Q12+S12+U12+W12
A13: 46486 | X13: =B13+D13+F13+H13+J13+L13+N13+P13+R13+T13+V13 | Y13: =C13+E13+G13+I13+K13+M13+O13+Q13+S13+U13+W13
A14: 46487 | X14: =B14+D14+F14+H14+J14+L14+N14+P14+R14+T14+V14 | Y14: =C14+E14+G14+I14+K14+M14+O14+Q14+S14+U14+W14
A15: 46488 | X15: =B15+D15+F15+H15+J15+L15+N15+P15+R15+T15+V15 | Y15: =C15+E15+G15+I15+K15+M15+O15+Q15+S15+U15+W15
A16: 46489 | X16: =B16+D16+F16+H16+J16+L16+N16+P16+R16+T16+V16 | Y16: =C16+E16+G16+I16+K16+M16+O16+Q16+S16+U16+W16
... A34: 46507 | X34: =B34+D34+F34+H34+J34+L34+N34+P34+R34+T34+V34 | Y34: =C34+E34+G34+I34+K34+M34+O34+Q34+S34+U34+W34
A35: TOTAL MENSUEL | B35: =SUM(B5:B34) | C35: =SUM(C5:C34) | D35: =SUM(D5:D34) | E35: =SUM(E5:E34) | F35: =SUM(F5:F34) | G35: =SUM(G5:G34) | H35: =SUM(H5:H34) | I35: =SUM(I5:I34) | ... Y35: =SUM(Y5:Y34)

Sheet 2027-05
A1: DECLARATIF ACCESSIBILITE — 2027-05
A2: Saisir les heures et actes dans les cellules bleu clair.
A4: Date | B4: ACM | Heures | C4: ACM | Actes | D4: COFIDIS France | Heures | E4: COFIDIS France | Actes | F4: CONTRATHEQUE | Heures | G4: CONTRATHEQUE | Actes | H4: CREATIS | Heures | I4: CREATIS | Actes | J4: CMMABN | Heures | K4: CMMABN | Actes | L4: DIRCOM | Heures | M4: DIRCOM | Actes | N4: DIRCO | Heures | O4: DIRCO | Actes | P4: MONABANQ | Heures | Q4: MONABANQ | Actes | R4: Bouygues Telecom | Heures | S4: Bouygues Telecom | Actes | T4: CIC CIB Asset Servicing | Heures | U4: CIC CIB Asset Servicing | Actes | V4: CMO | Heures | W4: CMO | Actes | X4: TOTAL HEURES | Y4: TOTAL ACTES
A5: 46508 | X5: =B5+D5+F5+H5+J5+L5+N5+P5+R5+T5+V5 | Y5: =C5+E5+G5+I5+K5+M5+O5+Q5+S5+U5+W5
A6: 46509 | X6: =B6+D6+F6+H6+J6+L6+N6+P6+R6+T6+V6 | Y6: =C6+E6+G6+I6+K6+M6+O6+Q6+S6+U6+W6
A7: 46510 | X7: =B7+D7+F7+H7+J7+L7+N7+P7+R7+T7+V7 | Y7: =C7+E7+G7+I7+K7+M7+O7+Q7+S7+U7+W7
A8: 46511 | X8: =B8+D8+F8+H8+J8+L8+N8+P8+R8+T8+V8 | Y8: =C8+E8+G8+I8+K8+M8+O8+Q8+S8+U8+W8
A9: 46512 | X9: =B9+D9+F9+H9+J9+L9+N9+P9+R9+T9+V9 | Y9: =C9+E9+G9+I9+K9+M9+O9+Q9+S9+U9+W9
A10: 46513 | X10: =B10+D10+F10+H10+J10+L10+N10+P10+R10+T10+V10 | Y10: =C10+E10+G10+I10+K10+M10+O10+Q10+S10+U10+W10
A11: 46514 | X11: =B11+D11+F11+H11+J11+L11+N11+P11+R11+T11+V11 | Y11: =C11+E11+G11+I11+K11+M11+O11+Q11+S11+U11+W11
A12: 46515 | X12: =B12+D12+F12+H12+J12+L12+N12+P12+R12+T12+V12 | Y12: =C12+E12+G12+I12+K12+M12+O12+Q12+S12+U12+W12
A13: 46516 | X13: =B13+D13+F13+H13+J13+L13+N13+P13+R13+T13+V13 | Y13: =C13+E13+G13+I13+K13+M13+O13+Q13+S13+U13+W13
A14: 46517 | X14: =B14+D14+F14+H14+J14+L14+N14+P14+R14+T14+V14 | Y14: =C14+E14+G14+I14+K14+M14+O14+Q14+S14+U14+W14
A15: 46518 | X15: =B15+D15+F15+H15+J15+L15+N15+P15+R15+T15+V15 | Y15: =C15+E15+G15+I15+K15+M15+O15+Q15+S15+U15+W15
A16: 46519 | X16: =B16+D16+F16+H16+J16+L16+N16+P16+R16+T16+V16 | Y16: =C16+E16+G16+I16+K16+M16+O16+Q16+S16+U16+W16
... A35: 46538 | X35: =B35+D35+F35+H35+J35+L35+N35+P35+R35+T35+V35 | Y35: =C35+E35+G35+I35+K35+M35+O35+Q35+S35+U35+W35
A36: TOTAL MENSUEL | B36: =SUM(B5:B35) | C36: =SUM(C5:C35) | D36: =SUM(D5:D35) | E36: =SUM(E5:E35) | F36: =SUM(F5:F35) | G36: =SUM(G5:G35) | H36: =SUM(H5:H35) | I36: =SUM(I5:I35) | ... Y36: =SUM(Y5:Y35)

Sheet 2027-06
A1: DECLARATIF ACCESSIBILITE — 2027-06
A2: Saisir les heures et actes dans les cellules bleu clair.
A4: Date | B4: ACM | Heures | C4: ACM | Actes | D4: COFIDIS France | Heures | E4: COFIDIS France | Actes | F4: CONTRATHEQUE | Heures | G4: CONTRATHEQUE | Actes | H4: CREATIS | Heures | I4: CREATIS | Actes | J4: CMMABN | Heures | K4: CMMABN | Actes | L4: DIRCOM | Heures | M4: DIRCOM | Actes | N4: DIRCO | Heures | O4: DIRCO | Actes | P4: MONABANQ | Heures | Q4: MONABANQ | Actes | R4: Bouygues Telecom | Heures | S4: Bouygues Telecom | Actes | T4: CIC CIB Asset Servicing | Heures | U4: CIC CIB Asset Servicing | Actes | V4: CMO | Heures | W4: CMO | Actes | X4: TOTAL HEURES | Y4: TOTAL ACTES
A5: 46539 | X5: =B5+D5+F5+H5+J5+L5+N5+P5+R5+T5+V5 | Y5: =C5+E5+G5+I5+K5+M5+O5+Q5+S5+U5+W5
A6: 46540 | X6: =B6+D6+F6+H6+J6+L6+N6+P6+R6+T6+V6 | Y6: =C6+E6+G6+I6+K6+M6+O6+Q6+S6+U6+W6
A7: 46541 | X7: =B7+D7+F7+H7+J7+L7+N7+P7+R7+T7+V7 | Y7: =C7+E7+G7+I7+K7+M7+O7+Q7+S7+U7+W7
A8: 46542 | X8: =B8+D8+F8+H8+J8+L8+N8+P8+R8+T8+V8 | Y8: =C8+E8+G8+I8+K8+M8+O8+Q8+S8+U8+W8
A9: 46543 | X9: =B9+D9+F9+H9+J9+L9+N9+P9+R9+T9+V9 | Y9: =C9+E9+G9+I9+K9+M9+O9+Q9+S9+U9+W9
A10: 46544 | X10: =B10+D10+F10+H10+J10+L10+N10+P10+R10+T10+V10 | Y10: =C10+E10+G10+I10+K10+M10+O10+Q10+S10+U10+W10
A11: 46545 | X11: =B11+D11+F11+H11+J11+L11+N11+P11+R11+T11+V11 | Y11: =C11+E11+G11+I11+K11+M11+O11+Q11+S11+U11+W11
A12: 46546 | X12: =B12+D12+F12+H12+J12+L12+N12+P12+R12+T12+V12 | Y12: =C12+E12+G12+I12+K12+M12+O12+Q12+S12+U12+W12
A13: 46547 | X13: =B13+D13+F13+H13+J13+L13+N13+P13+R13+T13+V13 | Y13: =C13+E13+G13+I13+K13+M13+O13+Q13+S13+U13+W13
A14: 46548 | X14: =B14+D14+F14+H14+J14+L14+N14+P14+R14+T14+V14 | Y14: =C14+E14+G14+I14+K14+M14+O14+Q14+S14+U14+W14
A15: 46549 | X15: =B15+D15+F15+H15+J15+L15+N15+P15+R15+T15+V15 | Y15: =C15+E15+G15+I15+K15+M15+O15+Q15+S15+U15+W15
A16: 46550 | X16: =B16+D16+F16+H16+J16+L16+N16+P16+R16+T16+V16 | Y16: =C16+E16+G16+I16+K16+M16+O16+Q16+S16+U16+W16
... A34: 46568 | X34: =B34+D34+F34+H34+J34+L34+N34+P34+R34+T34+V34 | Y34: =C34+E34+G34+I34+K34+M34+O34+Q34+S34+U34+W34
A35: TOTAL MENSUEL | B35: =SUM(B5:B34) | C35: =SUM(C5:C34) | D35: =SUM(D5:D34) | E35: =SUM(E5:E34) | F35: =SUM(F5:F34) | G35: =SUM(G5:G34) | H35: =SUM(H5:H34) | I35: =SUM(I5:I34) | ... Y35: =SUM(Y5:Y34)

Sheet 2027-07
A1: DECLARATIF ACCESSIBILITE — 2027-07
A2: Saisir les heures et actes dans les cellules bleu clair.
A4: Date | B4: ACM | Heures | C4: ACM | Actes | D4: COFIDIS France | Heures | E4: COFIDIS France | Actes | F4: CONTRATHEQUE | Heures | G4: CONTRATHEQUE | Actes | H4: CREATIS | Heures | I4: CREATIS | Actes | J4: CMMABN | Heures | K4: CMMABN | Actes | L4: DIRCOM | Heures | M4: DIRCOM | Actes | N4: DIRCO | Heures | O4: DIRCO | Actes | P4: MONABANQ | Heures | Q4: MONABANQ | Actes | R4: Bouygues Telecom | Heures | S4: Bouygues Telecom | Actes | T4: CIC CIB Asset Servicing | Heures | U4: CIC CIB Asset Servicing | Actes | V4: CMO | Heures | W4: CMO | Actes | X4: TOTAL HEURES | Y4: TOTAL ACTES
A5: 46569 | X5: =B5+D5+F5+H5+J5+L5+N5+P5+R5+T5+V5 | Y5: =C5+E5+G5+I5+K5+M5+O5+Q5+S5+U5+W5
A6: 46570 | X6: =B6+D6+F6+H6+J6+L6+N6+P6+R6+T6+V6 | Y6: =C6+E6+G6+I6+K6+M6+O6+Q6+S6+U6+W6
A7: 46571 | X7: =B7+D7+F7+H7+J7+L7+N7+P7+R7+T7+V7 | Y7: =C7+E7+G7+I7+K7+M7+O7+Q7+S7+U7+W7
A8: 46572 | X8: =B8+D8+F8+H8+J8+L8+N8+P8+R8+T8+V8 | Y8: =C8+E8+G8+I8+K8+M8+O8+Q8+S8+U8+W8
A9: 46573 | X9: =B9+D9+F9+H9+J9+L9+N9+P9+R9+T9+V9 | Y9: =C9+E9+G9+I9+K9+M9+O9+Q9+S9+U9+W9
A10: 46574 | X10: =B10+D10+F10+H10+J10+L10+N10+P10+R10+T10+V10 | Y10: =C10+E10+G10+I10+K10+M10+O10+Q10+S10+U10+W10
A11: 46575 | X11: =B11+D11+F11+H11+J11+L11+N11+P11+R11+T11+V11 | Y11: =C11+E11+G11+I11+K11+M11+O11+Q11+S11+U11+W11
A12: 46576 | X12: =B12+D12+F12+H12+J12+L12+N12+P12+R12+T12+V12 | Y12: =C12+E12+G12+I12+K12+M12+O12+Q12+S12+U12+W12
A13: 46577 | X13: =B13+D13+F13+H13+J13+L13+N13+P13+R13+T13+V13 | Y13: =C13+E13+G13+I13+K13+M13+O13+Q13+S13+U13+W13
A14: 46578 | X14: =B14+D14+F14+H14+J14+L14+N14+P14+R14+T14+V14 | Y14: =C14+E14+G14+I14+K14+M14+O14+Q14+S14+U14+W14
A15: 46579 | X15: =B15+D15+F15+H15+J15+L15+N15+P15+R15+T15+V15 | Y15: =C15+E15+G15+I15+K15+M15+O15+Q15+S15+U15+W15
A16: 46580 | X16: =B16+D16+F16+H16+J16+L16+N16+P16+R16+T16+V16 | Y16: =C16+E16+G16+I16+K16+M16+O16+Q16+S16+U16+W16
... A35: 46599 | X35: =B35+D35+F35+H35+J35+L35+N35+P35+R35+T35+V35 | Y35: =C35+E35+G35+I35+K35+M35+O35+Q35+S35+U35+W35
A36: TOTAL MENSUEL | B36: =SUM(B5:B35) | C36: =SUM(C5:C35) | D36: =SUM(D5:D35) | E36: =SUM(E5:E35) | F36: =SUM(F5:F35) | G36: =SUM(G5:G35) | H36: =SUM(H5:H35) | I36: =SUM(I5:I35) | ... Y36: =SUM(Y5:Y35)

Sheet 2027-08
A1: DECLARATIF ACCESSIBILITE — 2027-08
A2: Saisir les heures et actes dans les cellules bleu clair.
A4: Date | B4: ACM | Heures | C4: ACM | Actes | D4: COFIDIS France | Heures | E4: COFIDIS France | Actes | F4: CONTRATHEQUE | Heures | G4: CONTRATHEQUE | Actes | H4: CREATIS | Heures | I4: CREATIS | Actes | J4: CMMABN | Heures | K4: CMMABN | Actes | L4: DIRCOM | Heures | M4: DIRCOM | Actes | N4: DIRCO | Heures | O4: DIRCO | Actes | P4: MONABANQ | Heures | Q4: MONABANQ | Actes | R4: Bouygues Telecom | Heures | S4: Bouygues Telecom | Actes | T4: CIC CIB Asset Servicing | Heures | U4: CIC CIB Asset Servicing | Actes | V4: CMO | Heures | W4: CMO | Actes | X4: TOTAL HEURES | Y4: TOTAL ACTES
A5: 46600 | X5: =B5+D5+F5+H5+J5+L5+N5+P5+R5+T5+V5 | Y5: =C5+E5+G5+I5+K5+M5+O5+Q5+S5+U5+W5
A6: 46601 | X6: =B6+D6+F6+H6+J6+L6+N6+P6+R6+T6+V6 | Y6: =C6+E6+G6+I6+K6+M6+O6+Q6+S6+U6+W6
A7: 46602 | X7: =B7+D7+F7+H7+J7+L7+N7+P7+R7+T7+V7 | Y7: =C7+E7+G7+I7+K7+M7+O7+Q7+S7+U7+W7
A8: 46603 | X8: =B8+D8+F8+H8+J8+L8+N8+P8+R8+T8+V8 | Y8: =C8+E8+G8+I8+K8+M8+O8+Q8+S8+U8+W8
A9: 46604 | X9: =B9+D9+F9+H9+J9+L9+N9+P9+R9+T9+V9 | Y9: =C9+E9+G9+I9+K9+M9+O9+Q9+S9+U9+W9
A10: 46605 | X10: =B10+D10+F10+H10+J10+L10+N10+P10+R10+T10+V10 | Y10: =C10+E10+G10+I10+K10+M10+O10+Q10+S10+U10+W10
A11: 46606 | X11: =B11+D11+F11+H11+J11+L11+N11+P11+R11+T11+V11 | Y11: =C11+E11+G11+I11+K11+M11+O11+Q11+S11+U11+W11
A12: 46607 | X12: =B12+D12+F12+H12+J12+L12+N12+P12+R12+T12+V12 | Y12: =C12+E12+G12+I12+K12+M12+O12+Q12+S12+U12+W12
A13: 46608 | X13: =B13+D13+F13+H13+J13+L13+N13+P13+R13+T13+V13 | Y13: =C13+E13+G13+I13+K13+M13+O13+Q13+S13+U13+W13
A14: 46609 | X14: =B14+D14+F14+H14+J14+L14+N14+P14+R14+T14+V14 | Y14: =C14+E14+G14+I14+K14+M14+O14+Q14+S14+U14+W14
A15: 46610 | X15: =B15+D15+F15+H15+J15+L15+N15+P15+R15+T15+V15 | Y15: =C15+E15+G15+I15+K15+M15+O15+Q15+S15+U15+W15
A16: 46611 | X16: =B16+D16+F16+H16+J16+L16+N16+P16+R16+T16+V16 | Y16: =C16+E16+G16+I16+K16+M16+O16+Q16+S16+U16+W16
... A35: 46630 | X35: =B35+D35+F35+H35+J35+L35+N35+P35+R35+T35+V35 | Y35: =C35+E35+G35+I35+K35+M35+O35+Q35+S35+U35+W35
A36: TOTAL MENSUEL | B36: =SUM(B5:B35) | C36: =SUM(C5:C35) | D36: =SUM(D5:D35) | E36: =SUM(E5:E35) | F36: =SUM(F5:F35) | G36: =SUM(G5:G35) | H36: =SUM(H5:H35) | I36: =SUM(I5:I35) | ... Y36: =SUM(Y5:Y35)

Sheet 2027-09
A1: DECLARATIF ACCESSIBILITE — 2027-09
A2: Saisir les heures et actes dans les cellules bleu clair.
A4: Date | B4: ACM | Heures | C4: ACM | Actes | D4: COFIDIS France | Heures | E4: COFIDIS France | Actes | F4: CONTRATHEQUE | Heures | G4: CONTRATHEQUE | Actes | H4: CREATIS | Heures | I4: CREATIS | Actes | J4: CMMABN | Heures | K4: CMMABN | Actes | L4: DIRCOM | Heures | M4: DIRCOM | Actes | N4: DIRCO | Heures | O4: DIRCO | Actes | P4: MONABANQ | Heures | Q4: MONABANQ | Actes | R4: Bouygues Telecom | Heures | S4: Bouygues Telecom | Actes | T4: CIC CIB Asset Servicing | Heures | U4: CIC CIB Asset Servicing | Actes | V4: CMO | Heures | W4: CMO | Actes | X4: TOTAL HEURES | Y4: TOTAL ACTES
A5: 46631 | X5: =B5+D5+F5+H5+J5+L5+N5+P5+R5+T5+V5 | Y5: =C5+E5+G5+I5+K5+M5+O5+Q5+S5+U5+W5
A6: 46632 | X6: =B6+D6+F6+H6+J6+L6+N6+P6+R6+T6+V6 | Y6: =C6+E6+G6+I6+K6+M6+O6+Q6+S6+U6+W6
A7: 46633 | X7: =B7+D7+F7+H7+J7+L7+N7+P7+R7+T7+V7 | Y7: =C7+E7+G7+I7+K7+M7+O7+Q7+S7+U7+W7
A8: 46634 | X8: =B8+D8+F8+H8+J8+L8+N8+P8+R8+T8+V8 | Y8: =C8+E8+G8+I8+K8+M8+O8+Q8+S8+U8+W8
A9: 46635 | X9: =B9+D9+F9+H9+J9+L9+N9+P9+R9+T9+V9 | Y9: =C9+E9+G9+I9+K9+M9+O9+Q9+S9+U9+W9
A10: 46636 | X10: =B10+D10+F10+H10+J10+L10+N10+P10+R10+T10+V10 | Y10: =C10+E10+G10+I10+K10+M10+O10+Q10+S10+U10+W10
A11: 46637 | X11: =B11+D11+F11+H11+J11+L11+N11+P11+R11+T11+V11 | Y11: =C11+E11+G11+I11+K11+M11+O11+Q11+S11+U11+W11
A12: 46638 | X12: =B12+D12+F12+H12+J12+L12+N12+P12+R12+T12+V12 | Y12: =C12+E12+G12+I12+K12+M12+O12+Q12+S12+U12+W12
A13: 46639 | X13: =B13+D13+F13+H13+J13+L13+N13+P13+R13+T13+V13 | Y13: =C13+E13+G13+I13+K13+M13+O13+Q13+S13+U13+W13
A14: 46640 | X14: =B14+D14+F14+H14+J14+L14+N14+P14+R14+T14+V14 | Y14: =C14+E14+G14+I14+K14+M14+O14+Q14+S14+U14+W14
A15: 46641 | X15: =B15+D15+F15+H15+J15+L15+N15+P15+R15+T15+V15 | Y15: =C15+E15+G15+I15+K15+M15+O15+Q15+S15+U15+W15
A16: 46642 | X16: =B16+D16+F16+H16+J16+L16+N16+P16+R16+T16+V16 | Y16: =C16+E16+G16+I16+K16+M16+O16+Q16+S16+U16+W16
... A34: 46660 | X34: =B34+D34+F34+H34+J34+L34+N34+P34+R34+T34+V34 | Y34: =C34+E34+G34+I34+K34+M34+O34+Q34+S34+U34+W34
A35: TOTAL MENSUEL | B35: =SUM(B5:B34) | C35: =SUM(C5:C34) | D35: =SUM(D5:D34) | E35: =SUM(E5:E34) | F35: =SUM(F5:F34) | G35: =SUM(G5:G34) | H35: =SUM(H5:H34) | I35: =SUM(I5:I34) | ... Y35: =SUM(Y5:Y34)

Sheet 2027-10
A1: DECLARATIF ACCESSIBILITE — 2027-10
A2: Saisir les heures et actes dans les cellules bleu clair.
A4: Date | B4: ACM | Heures | C4: ACM | Actes | D4: COFIDIS France | Heures | E4: COFIDIS France | Actes | F4: CONTRATHEQUE | Heures | G4: CONTRATHEQUE | Actes | H4: CREATIS | Heures | I4: CREATIS | Actes | J4: CMMABN | Heures | K4: CMMABN | Actes | L4: DIRCOM | Heures | M4: DIRCOM | Actes | N4: DIRCO | Heures | O4: DIRCO | Actes | P4: MONABANQ | Heures | Q4: MONABANQ | Actes | R4: Bouygues Telecom | Heures | S4: Bouygues Telecom | Actes | T4: CIC CIB Asset Servicing | Heures | U4: CIC CIB Asset Servicing | Actes | V4: CMO | Heures | W4: CMO | Actes | X4: TOTAL HEURES | Y4: TOTAL ACTES
A5: 46661 | X5: =B5+D5+F5+H5+J5+L5+N5+P5+R5+T5+V5 | Y5: =C5+E5+G5+I5+K5+M5+O5+Q5+S5+U5+W5
A6: 46662 | X6: =B6+D6+F6+H6+J6+L6+N6+P6+R6+T6+V6 | Y6: =C6+E6+G6+I6+K6+M6+O6+Q6+S6+U6+W6
A7: 46663 | X7: =B7+D7+F7+H7+J7+L7+N7+P7+R7+T7+V7 | Y7: =C7+E7+G7+I7+K7+M7+O7+Q7+S7+U7+W7
A8: 46664 | X8: =B8+D8+F8+H8+J8+L8+N8+P8+R8+T8+V8 | Y8: =C8+E8+G8+I8+K8+M8+O8+Q8+S8+U8+W8
A9: 46665 | X9: =B9+D9+F9+H9+J9+L9+N9+P9+R9+T9+V9 | Y9: =C9+E9+G9+I9+K9+M9+O9+Q9+S9+U9+W9
A10: 46666 | X10: =B10+D10+F10+H10+J10+L10+N10+P10+R10+T10+V10 | Y10: =C10+E10+G10+I10+K10+M10+O10+Q10+S10+U10+W10
A11: 46667 | X11: =B11+D11+F11+H11+J11+L11+N11+P11+R11+T11+V11 | Y11: =C11+E11+G11+I11+K11+M11+O11+Q11+S11+U11+W11
A12: 46668 | X12: =B12+D12+F12+H12+J12+L12+N12+P12+R12+T12+V12 | Y12: =C12+E12+G12+I12+K12+M12+O12+Q12+S12+U12+W12
A13: 46669 | X13: =B13+D13+F13+H13+J13+L13+N13+P13+R13+T13+V13 | Y13: =C13+E13+G13+I13+K13+M13+O13+Q13+S13+U13+W13
A14: 46670 | X14: =B14+D14+F14+H14+J14+L14+N14+P14+R14+T14+V14 | Y14: =C14+E14+G14+I14+K14+M14+O14+Q14+S14+U14+W14
A15: 46671 | X15: =B15+D15+F15+H15+J15+L15+N15+P15+R15+T15+V15 | Y15: =C15+E15+G15+I15+K15+M15+O15+Q15+S15+U15+W15
A16: 46672 | X16: =B16+D16+F16+H16+J16+L16+N16+P16+R16+T16+V16 | Y16: =C16+E16+G16+I16+K16+M16+O16+Q16+S16+U16+W16
... A35: 46691 | X35: =B35+D35+F35+H35+J35+L35+N35+P35+R35+T35+V35 | Y35: =C35+E35+G35+I35+K35+M35+O35+Q35+S35+U35+W35
A36: TOTAL MENSUEL | B36: =SUM(B5:B35) | C36: =SUM(C5:C35) | D36: =SUM(D5:D35) | E36: =SUM(E5:E35) | F36: =SUM(F5:F35) | G36: =SUM(G5:G35) | H36: =SUM(H5:H35) | I36: =SUM(I5:I35) | ... Y36: =SUM(Y5:Y35)

Sheet 2027-11
A1: DECLARATIF ACCESSIBILITE — 2027-11
A2: Saisir les heures et actes dans les cellules bleu clair.
A4: Date | B4: ACM | Heures | C4: ACM | Actes | D4: COFIDIS France | Heures | E4: COFIDIS France | Actes | F4: CONTRATHEQUE | Heures | G4: CONTRATHEQUE | Actes | H4: CREATIS | Heures | I4: CREATIS | Actes | J4: CMMABN | Heures | K4: CMMABN | Actes | L4: DIRCOM | Heures | M4: DIRCOM | Actes | N4: DIRCO | Heures | O4: DIRCO | Actes | P4: MONABANQ | Heures | Q4: MONABANQ | Actes | R4: Bouygues Telecom | Heures | S4: Bouygues Telecom | Actes | T4: CIC CIB Asset Servicing | Heures | U4: CIC CIB Asset Servicing | Actes | V4: CMO | Heures | W4: CMO | Actes | X4: TOTAL HEURES | Y4: TOTAL ACTES
A5: 46692 | X5: =B5+D5+F5+H5+J5+L5+N5+P5+R5+T5+V5 | Y5: =C5+E5+G5+I5+K5+M5+O5+Q5+S5+U5+W5
A6: 46693 | X6: =B6+D6+F6+H6+J6+L6+N6+P6+R6+T6+V6 | Y6: =C6+E6+G6+I6+K6+M6+O6+Q6+S6+U6+W6
A7: 46694 | X7: =B7+D7+F7+H7+J7+L7+N7+P7+R7+T7+V7 | Y7: =C7+E7+G7+I7+K7+M7+O7+Q7+S7+U7+W7
A8: 46695 | X8: =B8+D8+F8+H8+J8+L8+N8+P8+R8+T8+V8 | Y8: =C8+E8+G8+I8+K8+M8+O8+Q8+S8+U8+W8
A9: 46696 | X9: =B9+D9+F9+H9+J9+L9+N9+P9+R9+T9+V9 | Y9: =C9+E9+G9+I9+K9+M9+O9+Q9+S9+U9+W9
A10: 46697 | X10: =B10+D10+F10+H10+J10+L10+N10+P10+R10+T10+V10 | Y10: =C10+E10+G10+I10+K10+M10+O10+Q10+S10+U10+W10
A11: 46698 | X11: =B11+D11+F11+H11+J11+L11+N11+P11+R11+T11+V11 | Y11: =C11+E11+G11+I11+K11+M11+O11+Q11+S11+U11+W11
A12: 46699 | X12: =B12+D12+F12+H12+J12+L12+N12+P12+R12+T12+V12 | Y12: =C12+E12+G12+I12+K12+M12+O12+Q12+S12+U12+W12
A13: 46700 | X13: =B13+D13+F13+H13+J13+L13+N13+P13+R13+T13+V13 | Y13: =C13+E13+G13+I13+K13+M13+O13+Q13+S13+U13+W13
A14: 46701 | X14: =B14+D14+F14+H14+J14+L14+N14+P14+R14+T14+V14 | Y14: =C14+E14+G14+I14+K14+M14+O14+Q14+S14+U14+W14
A15: 46702 | X15: =B15+D15+F15+H15+J15+L15+N15+P15+R15+T15+V15 | Y15: =C15+E15+G15+I15+K15+M15+O15+Q15+S15+U15+W15
A16: 46703 | X16: =B16+D16+F16+H16+J16+L16+N16+P16+R16+T16+V16 | Y16: =C16+E16+G16+I16+K16+M16+O16+Q16+S16+U16+W16
... A34: 46721 | X34: =B34+D34+F34+H34+J34+L34+N34+P34+R34+T34+V34 | Y34: =C34+E34+G34+I34+K34+M34+O34+Q34+S34+U34+W34
A35: TOTAL MENSUEL | B35: =SUM(B5:B34) | C35: =SUM(C5:C34) | D35: =SUM(D5:D34) | E35: =SUM(E5:E34) | F35: =SUM(F5:F34) | G35: =SUM(G5:G34) | H35: =SUM(H5:H34) | I35: =SUM(I5:I34) | ... Y35: =SUM(Y5:Y34)

Sheet 2027-12
A1: DECLARATIF ACCESSIBILITE — 2027-12
A2: Saisir les heures et actes dans les cellules bleu clair.
A4: Date | B4: ACM | Heures | C4: ACM | Actes | D4: COFIDIS France | Heures | E4: COFIDIS France | Actes | F4: CONTRATHEQUE | Heures | G4: CONTRATHEQUE | Actes | H4: CREATIS | Heures | I4: CREATIS | Actes | J4: CMMABN | Heures | K4: CMMABN | Actes | L4: DIRCOM | Heures | M4: DIRCOM | Actes | N4: DIRCO | Heures | O4: DIRCO | Actes | P4: MONABANQ | Heures | Q4: MONABANQ | Actes | R4: Bouygues Telecom | Heures | S4: Bouygues Telecom | Actes | T4: CIC CIB Asset Servicing | Heures | U4: CIC CIB Asset Servicing | Actes | V4: CMO | Heures | W4: CMO | Actes | X4: TOTAL HEURES | Y4: TOTAL ACTES
A5: 46722 | X5: =B5+D5+F5+H5+J5+L5+N5+P5+R5+T5+V5 | Y5: =C5+E5+G5+I5+K5+M5+O5+Q5+S5+U5+W5
A6: 46723 | X6: =B6+D6+F6+H6+J6+L6+N6+P6+R6+T6+V6 | Y6: =C6+E6+G6+I6+K6+M6+O6+Q6+S6+U6+W6
A7: 46724 | X7: =B7+D7+F7+H7+J7+L7+N7+P7+R7+T7+V7 | Y7: =C7+E7+G7+I7+K7+M7+O7+Q7+S7+U7+W7
A8: 46725 | X8: =B8+D8+F8+H8+J8+L8+N8+P8+R8+T8+V8 | Y8: =C8+E8+G8+I8+K8+M8+O8+Q8+S8+U8+W8
A9: 46726 | X9: =B9+D9+F9+H9+J9+L9+N9+P9+R9+T9+V9 | Y9: =C9+E9+G9+I9+K9+M9+O9+Q9+S9+U9+W9
A10: 46727 | X10: =B10+D10+F10+H10+J10+L10+N10+P10+R10+T10+V10 | Y10: =C10+E10+G10+I10+K10+M10+O10+Q10+S10+U10+W10
A11: 46728 | X11: =B11+D11+F11+H11+J11+L11+N11+P11+R11+T11+V11 | Y11: =C11+E11+G11+I11+K11+M11+O11+Q11+S11+U11+W11
A12: 46729 | X12: =B12+D12+F12+H12+J12+L12+N12+P12+R12+T12+V12 | Y12: =C12+E12+G12+I12+K12+M12+O12+Q12+S12+U12+W12
A13: 46730 | X13: =B13+D13+F13+H13+J13+L13+N13+P13+R13+T13+V13 | Y13: =C13+E13+G13+I13+K13+M13+O13+Q13+S13+U13+W13
A14: 46731 | X14: =B14+D14+F14+H14+J14+L14+N14+P14+R14+T14+V14 | Y14: =C14+E14+G14+I14+K14+M14+O14+Q14+S14+U14+W14
A15: 46732 | X15: =B15+D15+F15+H15+J15+L15+N15+P15+R15+T15+V15 | Y15: =C15+E15+G15+I15+K15+M15+O15+Q15+S15+U15+W15
A16: 46733 | X16: =B16+D16+F16+H16+J16+L16+N16+P16+R16+T16+V16 | Y16: =C16+E16+G16+I16+K16+M16+O16+Q16+S16+U16+W16
... A35: 46752 | X35: =B35+D35+F35+H35+J35+L35+N35+P35+R35+T35+V35 | Y35: =C35+E35+G35+I35+K35+M35+O35+Q35+S35+U35+W35
A36: TOTAL MENSUEL | B36: =SUM(B5:B35) | C36: =SUM(C5:C35) | D36: =SUM(D5:D35) | E36: =SUM(E5:E35) | F36: =SUM(F5:F35) | G36: =SUM(G5:G35) | H36: =SUM(H5:H35) | I36: =SUM(I5:I35) | ... Y36: =SUM(Y5:Y35)
