Workbook
Name Business: " "
Name Data: OFFSET('[1]CM-CIC'!$A$1,,,COUNTA('[1]CM-CIC'!$B:$B),COUNTA('[1]CM-CIC'!$1:$1))
Name Data: OFFSET('CM-CIC'!$A$1,,,COUNTA('CM-CIC'!$B:$B),COUNTA('CM-CIC'!$1:$1))
Name Matricules: " "
Name Nom_complet: " "
Name Pause_déjeuner: Annuaire_roster!#REF!
Name Pause_déjeuner: #REF!
Name Pausette: Annuaire_roster!#REF!
Name Pausette: #REF!
Name PL_Date: #REF!
Name PL_Date: #REF!
Name PL_Entrée: #REF!
Name PL_Entrée: #REF!
Name PL_Nom: #REF!
Name PL_Nom: #REF!
Name PL_Sortie: #REF!
Name PL_Sortie: #REF!
Name Segment: " "
Name Segment_Business12: #N/A
Name Segment_Business141: #N/A
Name Segment_Date: #N/A
Name Segment_Mois12: #N/A
Name Segment_Mois141: #N/A
Name Segment_Segment12: #N/A
Name Segment_Segment141: #N/A
Name Segment_Semaine12: #N/A
Name Segment_Semaine141: #N/A
Name Team: " "

Sheet CM-CIC
A1: Matricule | B1: Nom De l'agent | C1: Hr début shift Réalisée | D1: Hr début shift Planifiée | E1: Hr fin shift Réalisée | F1: Hr Fin shift Planifiée | G1: Durée de la Pause Dej | H1: Dépsement des pauses | I1: Retard Debut de shift | J1: Retard Dej | K1: Somme des retards | L1: Départs Anticipés | M1: Absences | N1: Hr Adherée | O1: Hr Planifiée | P1: Segment | Q1: Date | R1: Hr Abs Pure | S1: Hr Abs Totales | T1: Semaine | U1: Mois | V1: Année | W1: VTO | X1: Heures SUP | Y1: Team | Z1: Business | AA1: Statut | AB1: Congé payé | AC1: Congé sans solde | AD1: Congé spécial | AE1: Jour férié | AF1: Commentaire | AG1: Plannif spécial
A2: =+VLOOKUP(B2,Annuaire_roster!B:G,5,0) -> 1278 | B2: LISSAOUI HIBA | C2: 0.33333333 | D2: 0.33333333 | E2: 0.75 | F2: 0.75 | I2: =IF(IF(OR(C2="",D2="Congé",D2="OFF",D2="Congé spécial"),"",IF(D2>F2,D2-C2,IF(C2-D2<0,0,C2-D2)))<0.00068287037037037,"",IF(OR(D2="Congé",D2="OFF",C2="",D2="Congé spécial"),"",IF(D2>F2,D2-C2,IF(C2-D2<0,0,C2-D2)))) | K2: =IF(SUM(H2:J2)<0.00068287037037037,0,SUM(H2:J2)) -> 0 | L2: =IF(OR(F2="Congé",F2="OFF",M2="Abs",F2="Congé sans solde",F2="Férié",F2="Congé spécial",D2="Congé spécial"),0,IF(F2-E2<0,0,IF(F2-E2<=0.00068287037037037,0,F2-E2))) -> 0 | M2: =IF(AND(O2<>0,C2=""),"Abs",0) -> 0 | N2: =IFERROR(IF(OR(D2="OFF",D2="Congé",M2="Abs",D2="Congé sans solde",D2="Férié"),"",IF(O2-K2-L2>O2,O2,IF(O2-K2-L2<0,"",O2-K2-L2))),"") -> 0.375 | O2: =IF(AG2="2H Pause déjeuner",IF(F2-D2-0.0833333333333333<0,F2-D2-0.0833333333333333+1,F2-D2-0.0833333333333333),IF(OR(AND(F2="OFF",D2="OFF"),AND(F2="Congé",D2="Congé"),AND(F2="Congé sans solde",D2="Congé sans solde"),AND(F2="Congé spécial",D2="Congé spécial"),AND(F2="Férié",D2="Férié"),AND(F2="OFF",D2="Congé"),AND(F2="OFF",D2="Congé sans solde"),AND(F2="OFF",D2="Congé spécial"),AND(F2="OFF",D2="Férié"),AND(F2="Congé",D2="OFF"),AND(F2="Congé",D2="Congé sans solde"),AND(F2="Congé",D2="Congé spécial"),AND(F2="Congé",D2="Férié"),AND(F2="Congé sans solde",D2="OFF"),AND(F2="Congé sans solde",D2="Congé"),AND(F2="Congé sans solde",D2="Congé spécial"),AND(F2="Congé sans solde",D2="Férié"),AND(F2="Congé spécial",D2="OFF"),AND(F2="Congé spécial",D2="Congé"),AND(F2="Congé spécial",D2="Congé sans solde"),AND(F2="Congé spécial",D2="Férié"),AND(F2="Férié",D2="OFF"),AND(F2="Férié",D2="Congé"),AND(F2="Férié",D2="Congé sans solde"),AND(F2="Férié",D2="Congé spécial")),0,IF(OR(F2="OFF",F2="Congé",F2="Congé spécial",F2="Congé sans solde",D2="OFF",D2="Congé",D2="Congé spécial",D2="Congé sans solde"),0.208333333333334,IF(AND(AG2="",F2-D2<0),("24:00:00"-D2)+("00:00:00"+F2)-0.0416666666666667,IF(AND(OR(AG2="Allaitement",AG2="Sans déjeuner"),F2-D2<0),("24:00:00"-D2)+("00:00:00"+F2),IF(AND(AG2="",F2-D2>0.166666666666667),F2-D2-0.0416666666666667,IF(AND(OR(AG2="Allaitement",AG2="Sans déjeuner"),F2-D2>0.166666666666667),F2-D2,F2-D2))))))) -> 0.375 | P2: Accesibilité | Q2: 44804 | R2: =IF(M2="Abs",O2,0) -> 0 | S2: =SUM(R2,L2,I2,J2,W2,H2) -> 0 | T2: ="Sem - "&WEEKNUM(Q2,21) -> Sem - 36 | U2: =PROPER(TEXT(Q2,"mmmm")) -> Septembre | V2: =+TEXT(Q2,"aaa") -> 2026 | X2: =IFERROR(IF(M2="Abs",0,IF((D2-C2+E2-F2)<0.000694444444444444,0,(D2-C2+E2-F2))),0) -> 0 | Y2: =VLOOKUP('CM-CIC'!B2,Annuaire_roster!B:F,4,0) -> OUBRAHIM Mohammed | Z2: =IFERROR(VLOOKUP(B2,[2]Annuaire_roster!B:F,3,0),"-") -> Credit Mutuel | AA2: =IFERROR(VLOOKUP(B2,[2]Annuaire_roster!B:I,6,0),"-") -> - | AB2: =IF(AND(D2="Congé",F2="Congé"),0.333333333333333,IF(OR(AND(D2="Congé",F2<>"Congé"),(AND(F2="Congé",D2<>"Congé"))),0.166666666666667,"")) | AC2: =IF(AND(D2="Congé sans solde",F2="Congé sans solde"),0.333333333333333,IF(OR(AND(D2="Congé sans solde",F2<>"Congé sans solde"),(AND(F2="Congé sans solde",D2<>"Congé sans solde"))),0.166666666666667,"")) | AD2: =IF(AND(D2="Congé spécial",F2="Congé spécial"),0.333333333333333,IF(OR(AND(D2="Congé spécial",F2<>"Congé décès"),(AND(F2="Congé spécial",D2<>"Congé spécial"))),0.166666666666667,"")) | AE2: =IF(AND(D2="Férié",F2="Férié"),0.333333333333333,IF(OR(AND(D2="Férié",F2<>"Férié"),(AND(F2="Férié",D2<>"Férié"))),0.166666666666667,""))
A3: =+VLOOKUP(B3,Annuaire_roster!B:G,5,0) -> 1265 | B3: RMAIDI IMAD | D3: Congé | F3: Congé | K3: 0 | L3: 0 | M3: 0 | O3: 0 | P3: Accesibilité | Q3: 44804 | R3: 0 | S3: 0 | T3: ="Sem - "&WEEKNUM(Q3,21) -> Sem - 36 | U3: =PROPER(TEXT(Q3,"mmmm")) -> Septembre | V3: 2026 | X3: =IFERROR(IF(M3="Abs",0,IF((D3-C3+E3-F3)<0.000694444444444444,0,(D3-C3+E3-F3))),0) -> 0 | Y3: =VLOOKUP('CM-CIC'!B3,Annuaire_roster!B:F,4,0) -> OUBRAHIM Mohammed | Z3: Credit Mutuel | AA3: 0 | AB3: 0.33333333
A4: =+VLOOKUP(B4,Annuaire_roster!B:G,5,0) -> 1317 | B4: HAMDANI MOHAMED | C4: 0.33333333 | D4: 0.33333333 | E4: 0.75 | F4: 0.75 | K4: 0 | L4: 0 | M4: 0 | N4: 0.375 | O4: 0.375 | P4: Accesibilité | Q4: 44804 | R4: 0 | S4: 0 | T4: ="Sem - "&WEEKNUM(Q4,21) -> Sem - 36 | U4: =PROPER(TEXT(Q4,"mmmm")) -> Septembre | V4: 2026 | X4: =IFERROR(IF(M4="Abs",0,IF((D4-C4+E4-F4)<0.000694444444444444,0,(D4-C4+E4-F4))),0) -> 0 | Y4: =VLOOKUP('CM-CIC'!B4,Annuaire_roster!B:F,4,0) -> OUBRAHIM Mohammed | Z4: Credit Mutuel | AA4: 0
A5: =+VLOOKUP(B5,Annuaire_roster!B:G,5,0) -> 1278 | B5: LISSAOUI HIBA | C5: 0.33333333 | D5: 0.33333333 | E5: 0.75 | F5: 0.75 | K5: 0 | L5: 0 | M5: 0 | N5: 0.375 | O5: 0.375 | P5: Accesibilité | Q5: 44805 | R5: 0 | S5: 0 | T5: ="Sem - "&WEEKNUM(Q5,21) -> Sem - 36 | U5: =PROPER(TEXT(Q5,"mmmm")) -> Septembre | V5: 2026 | X5: =IFERROR(IF(M5="Abs",0,IF((D5-C5+E5-F5)<0.000694444444444444,0,(D5-C5+E5-F5))),0) -> 0 | Y5: =VLOOKUP('CM-CIC'!B5,Annuaire_roster!B:F,4,0) -> OUBRAHIM Mohammed | Z5: Credit Mutuel | AA5: 0
A6: =+VLOOKUP(B6,Annuaire_roster!B:G,5,0) -> 1265 | B6: RMAIDI IMAD | D6: Congé | F6: Congé | K6: 0 | L6: 0 | M6: 0 | O6: 0 | P6: Accesibilité | Q6: 44805 | R6: 0 | S6: 0 | T6: ="Sem - "&WEEKNUM(Q6,21) -> Sem - 36 | U6: =PROPER(TEXT(Q6,"mmmm")) -> Septembre | V6: 2026 | X6: =IFERROR(IF(M6="Abs",0,IF((D6-C6+E6-F6)<0.000694444444444444,0,(D6-C6+E6-F6))),0) -> 0 | Y6: =VLOOKUP('CM-CIC'!B6,Annuaire_roster!B:F,4,0) -> OUBRAHIM Mohammed | Z6: Credit Mutuel | AA6: 0 | AB6: 0.33333333
A7: =+VLOOKUP(B7,Annuaire_roster!B:G,5,0) -> 1317 | B7: HAMDANI MOHAMED | C7: 0.33333333 | D7: 0.33333333 | E7: 0.75 | F7: 0.75 | K7: 0 | L7: 0 | M7: 0 | N7: 0.375 | O7: 0.375 | P7: Accesibilité | Q7: 44805 | R7: 0 | S7: 0 | T7: ="Sem - "&WEEKNUM(Q7,21) -> Sem - 36 | U7: =PROPER(TEXT(Q7,"mmmm")) -> Septembre | V7: 2026 | X7: =IFERROR(IF(M7="Abs",0,IF((D7-C7+E7-F7)<0.000694444444444444,0,(D7-C7+E7-F7))),0) -> 0 | Y7: =VLOOKUP('CM-CIC'!B7,Annuaire_roster!B:F,4,0) -> OUBRAHIM Mohammed | Z7: Credit Mutuel | AA7: 0
A8: =+VLOOKUP(B8,Annuaire_roster!B:G,5,0) -> 1278 | B8: LISSAOUI HIBA | C8: 0.33333333 | D8: 0.33333333 | E8: 0.75 | F8: 0.75 | K8: 0 | L8: 0 | M8: 0 | N8: 0.375 | O8: 0.375 | P8: Accesibilité | Q8: 44806 | R8: 0 | S8: 0 | T8: ="Sem - "&WEEKNUM(Q8,21) -> Sem - 36 | U8: =PROPER(TEXT(Q8,"mmmm")) -> Septembre | V8: 2026 | X8: =IFERROR(IF(M8="Abs",0,IF((D8-C8+E8-F8)<0.000694444444444444,0,(D8-C8+E8-F8))),0) -> 0 | Y8: =VLOOKUP('CM-CIC'!B8,Annuaire_roster!B:F,4,0) -> OUBRAHIM Mohammed | Z8: Credit Mutuel | AA8: 0
A9: =+VLOOKUP(B9,Annuaire_roster!B:G,5,0) -> 1265 | B9: RMAIDI IMAD | D9: Congé | F9: Congé | K9: 0 | L9: 0 | M9: 0 | O9: 0 | P9: Accesibilité | Q9: 44806 | R9: 0 | S9: 0 | T9: ="Sem - "&WEEKNUM(Q9,21) -> Sem - 36 | U9: =PROPER(TEXT(Q9,"mmmm")) -> Septembre | V9: 2026 | X9: =IFERROR(IF(M9="Abs",0,IF((D9-C9+E9-F9)<0.000694444444444444,0,(D9-C9+E9-F9))),0) -> 0 | Y9: =VLOOKUP('CM-CIC'!B9,Annuaire_roster!B:F,4,0) -> OUBRAHIM Mohammed | Z9: Credit Mutuel | AA9: 0 | AB9: 0.33333333
A10: =+VLOOKUP(B10,Annuaire_roster!B:G,5,0) -> 1317 | B10: HAMDANI MOHAMED | C10: 0.33333333 | D10: 0.33333333 | E10: 0.75 | F10: 0.75 | K10: 0 | L10: 0 | M10: 0 | N10: 0.375 | O10: 0.375 | P10: Accesibilité | Q10: 44806 | R10: 0 | S10: 0 | T10: ="Sem - "&WEEKNUM(Q10,21) -> Sem - 36 | U10: =PROPER(TEXT(Q10,"mmmm")) -> Septembre | V10: 2026 | X10: =IFERROR(IF(M10="Abs",0,IF((D10-C10+E10-F10)<0.000694444444444444,0,(D10-C10+E10-F10))),0) -> 0 | Y10: =VLOOKUP('CM-CIC'!B10,Annuaire_roster!B:F,4,0) -> OUBRAHIM Mohammed | Z10: Credit Mutuel | AA10: 0
A11: =+VLOOKUP(B11,Annuaire_roster!B:G,5,0) -> 1278 | B11: LISSAOUI HIBA | C11: 0.33333333 | D11: 0.33333333 | E11: 0.70833333 | F11: 0.70833333 | K11: 0 | L11: 0 | M11: 0 | N11: 0.33333333 | O11: 0.33333333 | P11: Accesibilité | Q11: 44807 | R11: 0 | S11: 0 | T11: ="Sem - "&WEEKNUM(Q11,21) -> Sem - 36 | U11: =PROPER(TEXT(Q11,"mmmm")) -> Septembre | V11: 2026 | X11: =IFERROR(IF(M11="Abs",0,IF((D11-C11+E11-F11)<0.000694444444444444,0,(D11-C11+E11-F11))),0) -> 0 | Y11: =VLOOKUP('CM-CIC'!B11,Annuaire_roster!B:F,4,0) -> OUBRAHIM Mohammed | Z11: Credit Mutuel | AA11: 0
A12: =+VLOOKUP(B12,Annuaire_roster!B:G,5,0) -> 1265 | B12: RMAIDI IMAD | D12: Congé | F12: Congé | K12: 0 | L12: 0 | M12: 0 | O12: 0 | P12: Accesibilité | Q12: 44807 | R12: 0 | S12: 0 | T12: ="Sem - "&WEEKNUM(Q12,21) -> Sem - 36 | U12: =PROPER(TEXT(Q12,"mmmm")) -> Septembre | V12: 2026 | X12: =IFERROR(IF(M12="Abs",0,IF((D12-C12+E12-F12)<0.000694444444444444,0,(D12-C12+E12-F12))),0) -> 0 | Y12: =VLOOKUP('CM-CIC'!B12,Annuaire_roster!B:F,4,0) -> OUBRAHIM Mohammed | Z12: Credit Mutuel | AA12: 0 | AB12: 0.33333333
A13: =+VLOOKUP(B13,Annuaire_roster!B:G,5,0) -> 1317 | B13: HAMDANI MOHAMED | C13: 0.33333333 | D13: 0.33333333 | E13: 0.70833333 | F13: 0.70833333 | K13: 0 | L13: 0 | M13: 0 | N13: 0.33333333 | O13: 0.33333333 | P13: Accesibilité | Q13: 44807 | R13: 0 | S13: 0 | T13: ="Sem - "&WEEKNUM(Q13,21) -> Sem - 36 | U13: =PROPER(TEXT(Q13,"mmmm")) -> Septembre | V13: 2026 | X13: =IFERROR(IF(M13="Abs",0,IF((D13-C13+E13-F13)<0.000694444444444444,0,(D13-C13+E13-F13))),0) -> 0 | Y13: =VLOOKUP('CM-CIC'!B13,Annuaire_roster!B:F,4,0) -> OUBRAHIM Mohammed | Z13: Credit Mutuel | AA13: 0
A14: =+VLOOKUP(B14,Annuaire_roster!B:G,5,0) -> 1278 | B14: LISSAOUI HIBA | D14: OFF | F14: OFF | K14: 0 | L14: 0 | M14: 0 | O14: 0 | P14: Accesibilité | Q14: 44808 | R14: 0 | S14: 0 | T14: ="Sem - "&WEEKNUM(Q14,21) -> Sem - 36 | U14: =PROPER(TEXT(Q14,"mmmm")) -> Septembre | V14: 2026 | X14: =IFERROR(IF(M14="Abs",0,IF((D14-C14+E14-F14)<0.000694444444444444,0,(D14-C14+E14-F14))),0) -> 0 | Y14: =VLOOKUP('CM-CIC'!B14,Annuaire_roster!B:F,4,0) -> OUBRAHIM Mohammed | Z14: Credit Mutuel | AA14: 0
A15: =+VLOOKUP(B15,Annuaire_roster!B:G,5,0) -> 1265 | B15: RMAIDI IMAD | D15: OFF | F15: OFF | K15: 0 | L15: 0 | M15: 0 | O15: 0 | P15: Accesibilité | Q15: 44808 | R15: 0 | S15: 0 | T15: ="Sem - "&WEEKNUM(Q15,21) -> Sem - 36 | U15: =PROPER(TEXT(Q15,"mmmm")) -> Septembre | V15: 2026 | X15: =IFERROR(IF(M15="Abs",0,IF((D15-C15+E15-F15)<0.000694444444444444,0,(D15-C15+E15-F15))),0) -> 0 | Y15: =VLOOKUP('CM-CIC'!B15,Annuaire_roster!B:F,4,0) -> OUBRAHIM Mohammed | Z15: Credit Mutuel | AA15: 0
A16: =+VLOOKUP(B16,Annuaire_roster!B:G,5,0) -> 1317 | B16: HAMDANI MOHAMED | D16: OFF | F16: OFF | K16: 0 | L16: 0 | M16: 0 | O16: 0 | P16: Accesibilité | Q16: 44808 | R16: 0 | S16: 0 | T16: ="Sem - "&WEEKNUM(Q16,21) -> Sem - 36 | U16: =PROPER(TEXT(Q16,"mmmm")) -> Septembre | V16: 2026 | X16: =IFERROR(IF(M16="Abs",0,IF((D16-C16+E16-F16)<0.000694444444444444,0,(D16-C16+E16-F16))),0) -> 0 | Y16: =VLOOKUP('CM-CIC'!B16,Annuaire_roster!B:F,4,0) -> OUBRAHIM Mohammed | Z16: Credit Mutuel | AA16: 0
A17: =+VLOOKUP(B17,Annuaire_roster!B:G,5,0) -> 1278 | B17: LISSAOUI HIBA | D17: OFF | F17: OFF | K17: 0 | L17: 0 | M17: 0 | O17: 0 | P17: Accesibilité | Q17: 44809 | R17: 0 | S17: 0 | T17: ="Sem - "&WEEKNUM(Q17,21) -> Sem - 36 | U17: =PROPER(TEXT(Q17,"mmmm")) -> Septembre | V17: 2026 | X17: =IFERROR(IF(M17="Abs",0,IF((D17-C17+E17-F17)<0.000694444444444444,0,(D17-C17+E17-F17))),0) -> 0 | Y17: =VLOOKUP('CM-CIC'!B17,Annuaire_roster!B:F,4,0) -> OUBRAHIM Mohammed | Z17: Credit Mutuel | AA17: 0
A18: =+VLOOKUP(B18,Annuaire_roster!B:G,5,0) -> 1265 | B18: RMAIDI IMAD | D18: OFF | F18: OFF | K18: 0 | L18: 0 | M18: 0 | O18: 0 | P18: Accesibilité | Q18: 44809 | R18: 0 | S18: 0 | T18: ="Sem - "&WEEKNUM(Q18,21) -> Sem - 36 | U18: =PROPER(TEXT(Q18,"mmmm")) -> Septembre | V18: 2026 | X18: =IFERROR(IF(M18="Abs",0,IF((D18-C18+E18-F18)<0.000694444444444444,0,(D18-C18+E18-F18))),0) -> 0 | Y18: =VLOOKUP('CM-CIC'!B18,Annuaire_roster!B:F,4,0) -> OUBRAHIM Mohammed | Z18: Credit Mutuel | AA18: 0
A19: =+VLOOKUP(B19,Annuaire_roster!B:G,5,0) -> 1317 | B19: HAMDANI MOHAMED | D19: OFF | F19: OFF | K19: 0 | L19: 0 | M19: 0 | O19: 0 | P19: Accesibilité | Q19: 44809 | R19: 0 | S19: 0 | T19: ="Sem - "&WEEKNUM(Q19,21) -> Sem - 36 | U19: =PROPER(TEXT(Q19,"mmmm")) -> Septembre | V19: 2026 | X19: =IFERROR(IF(M19="Abs",0,IF((D19-C19+E19-F19)<0.000694444444444444,0,(D19-C19+E19-F19))),0) -> 0 | Y19: =VLOOKUP('CM-CIC'!B19,Annuaire_roster!B:F,4,0) -> OUBRAHIM Mohammed | Z19: Credit Mutuel | AA19: 0
A20: =+VLOOKUP(B20,Annuaire_roster!B:G,5,0) -> 1278 | B20: LISSAOUI HIBA | C20: 0.33333333 | D20: 0.33333333 | E20: 0.75 | F20: 0.75 | K20: 0 | L20: 0 | M20: 0 | N20: =IFERROR(IF(OR(D20="OFF",D20="Congé",M20="Abs",D20="Congé sans solde",D20="Férié"),"",IF(O20-K20-L20>O20,O20,IF(O20-K20-L20<0,"",O20-K20-L20))),"") -> 0.375 | O20: =IF(AG20="2H Pause déjeuner",IF(F20-D20-0.0833333333333333<0,F20-D20-0.0833333333333333+1,F20-D20-0.0833333333333333),IF(OR(AND(F20="OFF",D20="OFF"),AND(F20="Congé",D20="Congé"),AND(F20="Congé sans solde",D20="Congé sans solde"),AND(F20="Congé spécial",D20="Congé spécial"),AND(F20="Férié",D20="Férié"),AND(F20="OFF",D20="Congé"),AND(F20="OFF",D20="Congé sans solde"),AND(F20="OFF",D20="Congé spécial"),AND(F20="OFF",D20="Férié"),AND(F20="Congé",D20="OFF"),AND(F20="Congé",D20="Congé sans solde"),AND(F20="Congé",D20="Congé spécial"),AND(F20="Congé",D20="Férié"),AND(F20="Congé sans solde",D20="OFF"),AND(F20="Congé sans solde",D20="Congé"),AND(F20="Congé sans solde",D20="Congé spécial"),AND(F20="Congé sans solde",D20="Férié"),AND(F20="Congé spécial",D20="OFF"),AND(F20="Congé spécial",D20="Congé"),AND(F20="Congé spécial",D20="Congé sans solde"),AND(F20="Congé spécial",D20="Férié"),AND(F20="Férié",D20="OFF"),AND(F20="Férié",D20="Congé"),AND(F20="Férié",D20="Congé sans solde"),AND(F20="Férié",D20="Congé spécial")),0,IF(OR(F20="OFF",F20="Congé",F20="Congé spécial",F20="Congé sans solde",D20="OFF",D20="Congé",D20="Congé spécial",D20="Congé sans solde"),0.208333333333334,IF(AND(AG20="",F20-D20<0),("24:00:00"-D20)+("00:00:00"+F20)-0.0416666666666667,IF(AND(OR(AG20="Allaitement",AG20="Sans déjeuner"),F20-D20<0),("24:00:00"-D20)+("00:00:00"+F20),IF(AND(AG20="",F20-D20>0.166666666666667),F20-D20-0.0416666666666667,IF(AND(OR(AG20="Allaitement",AG20="Sans déjeuner"),F20-D20>0.166666666666667),F20-D20,F20-D20))))))) -> 0.375 | P20: Accesibilité | Q20: 44810 | R20: 0 | S20: 0 | T20: ="Sem - "&WEEKNUM(Q20,21) -> Sem - 37 | U20: =PROPER(TEXT(Q20,"mmmm")) -> Septembre | V20: 3061 | X20: =IFERROR(IF(M20="Abs",0,IF((D20-C20+E20-F20)<0.000694444444444444,0,(D20-C20+E20-F20))),0) -> 0 | Y20: =VLOOKUP('CM-CIC'!B20,Annuaire_roster!B:F,4,0) -> OUBRAHIM Mohammed | Z20: Credit Mutuel | AA20: FT
A21: =+VLOOKUP(B21,Annuaire_roster!B:G,5,0) -> 1265 | B21: RMAIDI IMAD | C21: 0.33333333 | D21: 0.33333333 | E21: 0.75 | F21: 0.75 | K21: 0 | L21: 0 | M21: 0 | N21: =IFERROR(IF(OR(D21="OFF",D21="Congé",M21="Abs",D21="Congé sans solde",D21="Férié"),"",IF(O21-K21-L21>O21,O21,IF(O21-K21-L21<0,"",O21-K21-L21))),"") -> 0.375 | O21: =IF(AG21="2H Pause déjeuner",IF(F21-D21-0.0833333333333333<0,F21-D21-0.0833333333333333+1,F21-D21-0.0833333333333333),IF(OR(AND(F21="OFF",D21="OFF"),AND(F21="Congé",D21="Congé"),AND(F21="Congé sans solde",D21="Congé sans solde"),AND(F21="Congé spécial",D21="Congé spécial"),AND(F21="Férié",D21="Férié"),AND(F21="OFF",D21="Congé"),AND(F21="OFF",D21="Congé sans solde"),AND(F21="OFF",D21="Congé spécial"),AND(F21="OFF",D21="Férié"),AND(F21="Congé",D21="OFF"),AND(F21="Congé",D21="Congé sans solde"),AND(F21="Congé",D21="Congé spécial"),AND(F21="Congé",D21="Férié"),AND(F21="Congé sans solde",D21="OFF"),AND(F21="Congé sans solde",D21="Congé"),AND(F21="Congé sans solde",D21="Congé spécial"),AND(F21="Congé sans solde",D21="Férié"),AND(F21="Congé spécial",D21="OFF"),AND(F21="Congé spécial",D21="Congé"),AND(F21="Congé spécial",D21="Congé sans solde"),AND(F21="Congé spécial",D21="Férié"),AND(F21="Férié",D21="OFF"),AND(F21="Férié",D21="Congé"),AND(F21="Férié",D21="Congé sans solde"),AND(F21="Férié",D21="Congé spécial")),0,IF(OR(F21="OFF",F21="Congé",F21="Congé spécial",F21="Congé sans solde",D21="OFF",D21="Congé",D21="Congé spécial",D21="Congé sans solde"),0.208333333333334,IF(AND(AG21="",F21-D21<0),("24:00:00"-D21)+("00:00:00"+F21)-0.0416666666666667,IF(AND(OR(AG21="Allaitement",AG21="Sans déjeuner"),F21-D21<0),("24:00:00"-D21)+("00:00:00"+F21),IF(AND(AG21="",F21-D21>0.166666666666667),F21-D21-0.0416666666666667,IF(AND(OR(AG21="Allaitement",AG21="Sans déjeuner"),F21-D21>0.166666666666667),F21-D21,F21-D21))))))) -> 0.375 | P21: Accesibilité | Q21: 44810 | R21: 0 | S21: 0 | T21: ="Sem - "&WEEKNUM(Q21,21) -> Sem - 37 | U21: =PROPER(TEXT(Q21,"mmmm")) -> Septembre | V21: 3062 | X21: =IFERROR(IF(M21="Abs",0,IF((D21-C21+E21-F21)<0.000694444444444444,0,(D21-C21+E21-F21))),0) -> 0 | Y21: =VLOOKUP('CM-CIC'!B21,Annuaire_roster!B:F,4,0) -> OUBRAHIM Mohammed | Z21: Credit Mutuel | AA21: FT
A22: =+VLOOKUP(B22,Annuaire_roster!B:G,5,0) -> 1317 | B22: HAMDANI MOHAMED | C22: 0.33333333 | D22: 0.33333333 | E22: 0.75 | F22: 0.75 | K22: 0 | L22: 0 | M22: 0 | N22: =IFERROR(IF(OR(D22="OFF",D22="Congé",M22="Abs",D22="Congé sans solde",D22="Férié"),"",IF(O22-K22-L22>O22,O22,IF(O22-K22-L22<0,"",O22-K22-L22))),"") -> 0.375 | O22: =IF(AG22="2H Pause déjeuner",IF(F22-D22-0.0833333333333333<0,F22-D22-0.0833333333333333+1,F22-D22-0.0833333333333333),IF(OR(AND(F22="OFF",D22="OFF"),AND(F22="Congé",D22="Congé"),AND(F22="Congé sans solde",D22="Congé sans solde"),AND(F22="Congé spécial",D22="Congé spécial"),AND(F22="Férié",D22="Férié"),AND(F22="OFF",D22="Congé"),AND(F22="OFF",D22="Congé sans solde"),AND(F22="OFF",D22="Congé spécial"),AND(F22="OFF",D22="Férié"),AND(F22="Congé",D22="OFF"),AND(F22="Congé",D22="Congé sans solde"),AND(F22="Congé",D22="Congé spécial"),AND(F22="Congé",D22="Férié"),AND(F22="Congé sans solde",D22="OFF"),AND(F22="Congé sans solde",D22="Congé"),AND(F22="Congé sans solde",D22="Congé spécial"),AND(F22="Congé sans solde",D22="Férié"),AND(F22="Congé spécial",D22="OFF"),AND(F22="Congé spécial",D22="Congé"),AND(F22="Congé spécial",D22="Congé sans solde"),AND(F22="Congé spécial",D22="Férié"),AND(F22="Férié",D22="OFF"),AND(F22="Férié",D22="Congé"),AND(F22="Férié",D22="Congé sans solde"),AND(F22="Férié",D22="Congé spécial")),0,IF(OR(F22="OFF",F22="Congé",F22="Congé spécial",F22="Congé sans solde",D22="OFF",D22="Congé",D22="Congé spécial",D22="Congé sans solde"),0.208333333333334,IF(AND(AG22="",F22-D22<0),("24:00:00"-D22)+("00:00:00"+F22)-0.0416666666666667,IF(AND(OR(AG22="Allaitement",AG22="Sans déjeuner"),F22-D22<0),("24:00:00"-D22)+("00:00:00"+F22),IF(AND(AG22="",F22-D22>0.166666666666667),F22-D22-0.0416666666666667,IF(AND(OR(AG22="Allaitement",AG22="Sans déjeuner"),F22-D22>0.166666666666667),F22-D22,F22-D22))))))) -> 0.375 | P22: Accesibilité | Q22: 44810 | R22: 0 | S22: 0 | T22: ="Sem - "&WEEKNUM(Q22,21) -> Sem - 37 | U22: =PROPER(TEXT(Q22,"mmmm")) -> Septembre | V22: 3063 | X22: =IFERROR(IF(M22="Abs",0,IF((D22-C22+E22-F22)<0.000694444444444444,0,(D22-C22+E22-F22))),0) -> 0 | Y22: =VLOOKUP('CM-CIC'!B22,Annuaire_roster!B:F,4,0) -> OUBRAHIM Mohammed | Z22: Credit Mutuel | AA22: FT
A23: =+VLOOKUP(B23,Annuaire_roster!B:G,5,0) -> 1278 | B23: LISSAOUI HIBA | C23: 0.33333333 | D23: 0.33333333 | E23: 0.75 | F23: 0.75 | K23: 0 | L23: 0 | M23: 0 | N23: =IFERROR(IF(OR(D23="OFF",D23="Congé",M23="Abs",D23="Congé sans solde",D23="Férié"),"",IF(O23-K23-L23>O23,O23,IF(O23-K23-L23<0,"",O23-K23-L23))),"") -> 0.375 | O23: =IF(AG23="2H Pause déjeuner",IF(F23-D23-0.0833333333333333<0,F23-D23-0.0833333333333333+1,F23-D23-0.0833333333333333),IF(OR(AND(F23="OFF",D23="OFF"),AND(F23="Congé",D23="Congé"),AND(F23="Congé sans solde",D23="Congé sans solde"),AND(F23="Congé spécial",D23="Congé spécial"),AND(F23="Férié",D23="Férié"),AND(F23="OFF",D23="Congé"),AND(F23="OFF",D23="Congé sans solde"),AND(F23="OFF",D23="Congé spécial"),AND(F23="OFF",D23="Férié"),AND(F23="Congé",D23="OFF"),AND(F23="Congé",D23="Congé sans solde"),AND(F23="Congé",D23="Congé spécial"),AND(F23="Congé",D23="Férié"),AND(F23="Congé sans solde",D23="OFF"),AND(F23="Congé sans solde",D23="Congé"),AND(F23="Congé sans solde",D23="Congé spécial"),AND(F23="Congé sans solde",D23="Férié"),AND(F23="Congé spécial",D23="OFF"),AND(F23="Congé spécial",D23="Congé"),AND(F23="Congé spécial",D23="Congé sans solde"),AND(F23="Congé spécial",D23="Férié"),AND(F23="Férié",D23="OFF"),AND(F23="Férié",D23="Congé"),AND(F23="Férié",D23="Congé sans solde"),AND(F23="Férié",D23="Congé spécial")),0,IF(OR(F23="OFF",F23="Congé",F23="Congé spécial",F23="Congé sans solde",D23="OFF",D23="Congé",D23="Congé spécial",D23="Congé sans solde"),0.208333333333334,IF(AND(AG23="",F23-D23<0),("24:00:00"-D23)+("00:00:00"+F23)-0.0416666666666667,IF(AND(OR(AG23="Allaitement",AG23="Sans déjeuner"),F23-D23<0),("24:00:00"-D23)+("00:00:00"+F23),IF(AND(AG23="",F23-D23>0.166666666666667),F23-D23-0.0416666666666667,IF(AND(OR(AG23="Allaitement",AG23="Sans déjeuner"),F23-D23>0.166666666666667),F23-D23,F23-D23))))))) -> 0.375 | P23: Accesibilité | Q23: 44811 | R23: 0 | S23: 0 | T23: ="Sem - "&WEEKNUM(Q23,21) -> Sem - 37 | U23: =PROPER(TEXT(Q23,"mmmm")) -> Septembre | V23: 3064 | X23: =IFERROR(IF(M23="Abs",0,IF((D23-C23+E23-F23)<0.000694444444444444,0,(D23-C23+E23-F23))),0) -> 0 | Y23: =VLOOKUP('CM-CIC'!B23,Annuaire_roster!B:F,4,0) -> OUBRAHIM Mohammed | Z23: Credit Mutuel | AA23: FT
A24: =+VLOOKUP(B24,Annuaire_roster!B:G,5,0) -> 1265 | B24: RMAIDI IMAD | C24: 0.33333333 | D24: 0.33333333 | E24: 0.75 | F24: 0.75 | K24: 0 | L24: 0 | M24: 0 | N24: =IFERROR(IF(OR(D24="OFF",D24="Congé",M24="Abs",D24="Congé sans solde",D24="Férié"),"",IF(O24-K24-L24>O24,O24,IF(O24-K24-L24<0,"",O24-K24-L24))),"") -> 0.375 | O24: =IF(AG24="2H Pause déjeuner",IF(F24-D24-0.0833333333333333<0,F24-D24-0.0833333333333333+1,F24-D24-0.0833333333333333),IF(OR(AND(F24="OFF",D24="OFF"),AND(F24="Congé",D24="Congé"),AND(F24="Congé sans solde",D24="Congé sans solde"),AND(F24="Congé spécial",D24="Congé spécial"),AND(F24="Férié",D24="Férié"),AND(F24="OFF",D24="Congé"),AND(F24="OFF",D24="Congé sans solde"),AND(F24="OFF",D24="Congé spécial"),AND(F24="OFF",D24="Férié"),AND(F24="Congé",D24="OFF"),AND(F24="Congé",D24="Congé sans solde"),AND(F24="Congé",D24="Congé spécial"),AND(F24="Congé",D24="Férié"),AND(F24="Congé sans solde",D24="OFF"),AND(F24="Congé sans solde",D24="Congé"),AND(F24="Congé sans solde",D24="Congé spécial"),AND(F24="Congé sans solde",D24="Férié"),AND(F24="Congé spécial",D24="OFF"),AND(F24="Congé spécial",D24="Congé"),AND(F24="Congé spécial",D24="Congé sans solde"),AND(F24="Congé spécial",D24="Férié"),AND(F24="Férié",D24="OFF"),AND(F24="Férié",D24="Congé"),AND(F24="Férié",D24="Congé sans solde"),AND(F24="Férié",D24="Congé spécial")),0,IF(OR(F24="OFF",F24="Congé",F24="Congé spécial",F24="Congé sans solde",D24="OFF",D24="Congé",D24="Congé spécial",D24="Congé sans solde"),0.208333333333334,IF(AND(AG24="",F24-D24<0),("24:00:00"-D24)+("00:00:00"+F24)-0.0416666666666667,IF(AND(OR(AG24="Allaitement",AG24="Sans déjeuner"),F24-D24<0),("24:00:00"-D24)+("00:00:00"+F24),IF(AND(AG24="",F24-D24>0.166666666666667),F24-D24-0.0416666666666667,IF(AND(OR(AG24="Allaitement",AG24="Sans déjeuner"),F24-D24>0.166666666666667),F24-D24,F24-D24))))))) -> 0.375 | P24: Accesibilité | Q24: 44811 | R24: 0 | S24: 0 | T24: ="Sem - "&WEEKNUM(Q24,21) -> Sem - 37 | U24: =PROPER(TEXT(Q24,"mmmm")) -> Septembre | V24: 3065 | X24: =IFERROR(IF(M24="Abs",0,IF((D24-C24+E24-F24)<0.000694444444444444,0,(D24-C24+E24-F24))),0) -> 0 | Y24: =VLOOKUP('CM-CIC'!B24,Annuaire_roster!B:F,4,0) -> OUBRAHIM Mohammed | Z24: Credit Mutuel | AA24: FT
A25: =+VLOOKUP(B25,Annuaire_roster!B:G,5,0) -> 1317 | B25: HAMDANI MOHAMED | C25: 0.33333333 | D25: 0.33333333 | E25: 0.75 | F25: 0.75 | K25: 0 | L25: 0 | M25: 0 | N25: =IFERROR(IF(OR(D25="OFF",D25="Congé",M25="Abs",D25="Congé sans solde",D25="Férié"),"",IF(O25-K25-L25>O25,O25,IF(O25-K25-L25<0,"",O25-K25-L25))),"") -> 0.375 | O25: =IF(AG25="2H Pause déjeuner",IF(F25-D25-0.0833333333333333<0,F25-D25-0.0833333333333333+1,F25-D25-0.0833333333333333),IF(OR(AND(F25="OFF",D25="OFF"),AND(F25="Congé",D25="Congé"),AND(F25="Congé sans solde",D25="Congé sans solde"),AND(F25="Congé spécial",D25="Congé spécial"),AND(F25="Férié",D25="Férié"),AND(F25="OFF",D25="Congé"),AND(F25="OFF",D25="Congé sans solde"),AND(F25="OFF",D25="Congé spécial"),AND(F25="OFF",D25="Férié"),AND(F25="Congé",D25="OFF"),AND(F25="Congé",D25="Congé sans solde"),AND(F25="Congé",D25="Congé spécial"),AND(F25="Congé",D25="Férié"),AND(F25="Congé sans solde",D25="OFF"),AND(F25="Congé sans solde",D25="Congé"),AND(F25="Congé sans solde",D25="Congé spécial"),AND(F25="Congé sans solde",D25="Férié"),AND(F25="Congé spécial",D25="OFF"),AND(F25="Congé spécial",D25="Congé"),AND(F25="Congé spécial",D25="Congé sans solde"),AND(F25="Congé spécial",D25="Férié"),AND(F25="Férié",D25="OFF"),AND(F25="Férié",D25="Congé"),AND(F25="Férié",D25="Congé sans solde"),AND(F25="Férié",D25="Congé spécial")),0,IF(OR(F25="OFF",F25="Congé",F25="Congé spécial",F25="Congé sans solde",D25="OFF",D25="Congé",D25="Congé spécial",D25="Congé sans solde"),0.208333333333334,IF(AND(AG25="",F25-D25<0),("24:00:00"-D25)+("00:00:00"+F25)-0.0416666666666667,IF(AND(OR(AG25="Allaitement",AG25="Sans déjeuner"),F25-D25<0),("24:00:00"-D25)+("00:00:00"+F25),IF(AND(AG25="",F25-D25>0.166666666666667),F25-D25-0.0416666666666667,IF(AND(OR(AG25="Allaitement",AG25="Sans déjeuner"),F25-D25>0.166666666666667),F25-D25,F25-D25))))))) -> 0.375 | P25: Accesibilité | Q25: 44811 | R25: 0 | S25: 0 | T25: ="Sem - "&WEEKNUM(Q25,21) -> Sem - 37 | U25: =PROPER(TEXT(Q25,"mmmm")) -> Septembre | V25: 3066 | X25: =IFERROR(IF(M25="Abs",0,IF((D25-C25+E25-F25)<0.000694444444444444,0,(D25-C25+E25-F25))),0) -> 0 | Y25: =VLOOKUP('CM-CIC'!B25,Annuaire_roster!B:F,4,0) -> OUBRAHIM Mohammed | Z25: Credit Mutuel | AA25: FT
A26: =+VLOOKUP(B26,Annuaire_roster!B:G,5,0) -> 1278 | B26: LISSAOUI HIBA | C26: 0.33333333 | D26: 0.33333333 | E26: 0.75 | F26: 0.75 | K26: 0 | L26: 0 | M26: 0 | N26: =IFERROR(IF(OR(D26="OFF",D26="Congé",M26="Abs",D26="Congé sans solde",D26="Férié"),"",IF(O26-K26-L26>O26,O26,IF(O26-K26-L26<0,"",O26-K26-L26))),"") -> 0.375 | O26: =IF(AG26="2H Pause déjeuner",IF(F26-D26-0.0833333333333333<0,F26-D26-0.0833333333333333+1,F26-D26-0.0833333333333333),IF(OR(AND(F26="OFF",D26="OFF"),AND(F26="Congé",D26="Congé"),AND(F26="Congé sans solde",D26="Congé sans solde"),AND(F26="Congé spécial",D26="Congé spécial"),AND(F26="Férié",D26="Férié"),AND(F26="OFF",D26="Congé"),AND(F26="OFF",D26="Congé sans solde"),AND(F26="OFF",D26="Congé spécial"),AND(F26="OFF",D26="Férié"),AND(F26="Congé",D26="OFF"),AND(F26="Congé",D26="Congé sans solde"),AND(F26="Congé",D26="Congé spécial"),AND(F26="Congé",D26="Férié"),AND(F26="Congé sans solde",D26="OFF"),AND(F26="Congé sans solde",D26="Congé"),AND(F26="Congé sans solde",D26="Congé spécial"),AND(F26="Congé sans solde",D26="Férié"),AND(F26="Congé spécial",D26="OFF"),AND(F26="Congé spécial",D26="Congé"),AND(F26="Congé spécial",D26="Congé sans solde"),AND(F26="Congé spécial",D26="Férié"),AND(F26="Férié",D26="OFF"),AND(F26="Férié",D26="Congé"),AND(F26="Férié",D26="Congé sans solde"),AND(F26="Férié",D26="Congé spécial")),0,IF(OR(F26="OFF",F26="Congé",F26="Congé spécial",F26="Congé sans solde",D26="OFF",D26="Congé",D26="Congé spécial",D26="Congé sans solde"),0.208333333333334,IF(AND(AG26="",F26-D26<0),("24:00:00"-D26)+("00:00:00"+F26)-0.0416666666666667,IF(AND(OR(AG26="Allaitement",AG26="Sans déjeuner"),F26-D26<0),("24:00:00"-D26)+("00:00:00"+F26),IF(AND(AG26="",F26-D26>0.166666666666667),F26-D26-0.0416666666666667,IF(AND(OR(AG26="Allaitement",AG26="Sans déjeuner"),F26-D26>0.166666666666667),F26-D26,F26-D26))))))) -> 0.375 | P26: Accesibilité | Q26: 44812 | R26: 0 | S26: 0 | T26: ="Sem - "&WEEKNUM(Q26,21) -> Sem - 37 | U26: =PROPER(TEXT(Q26,"mmmm")) -> Septembre | V26: 3067 | X26: =IFERROR(IF(M26="Abs",0,IF((D26-C26+E26-F26)<0.000694444444444444,0,(D26-C26+E26-F26))),0) -> 0 | Y26: =VLOOKUP('CM-CIC'!B26,Annuaire_roster!B:F,4,0) -> OUBRAHIM Mohammed | Z26: Credit Mutuel | AA26: FT
A27: =+VLOOKUP(B27,Annuaire_roster!B:G,5,0) -> 1265 | B27: RMAIDI IMAD | C27: 0.33333333 | D27: 0.33333333 | E27: 0.75 | F27: 0.75 | K27: 0 | L27: 0 | M27: 0 | N27: =IFERROR(IF(OR(D27="OFF",D27="Congé",M27="Abs",D27="Congé sans solde",D27="Férié"),"",IF(O27-K27-L27>O27,O27,IF(O27-K27-L27<0,"",O27-K27-L27))),"") -> 0.375 | O27: =IF(AG27="2H Pause déjeuner",IF(F27-D27-0.0833333333333333<0,F27-D27-0.0833333333333333+1,F27-D27-0.0833333333333333),IF(OR(AND(F27="OFF",D27="OFF"),AND(F27="Congé",D27="Congé"),AND(F27="Congé sans solde",D27="Congé sans solde"),AND(F27="Congé spécial",D27="Congé spécial"),AND(F27="Férié",D27="Férié"),AND(F27="OFF",D27="Congé"),AND(F27="OFF",D27="Congé sans solde"),AND(F27="OFF",D27="Congé spécial"),AND(F27="OFF",D27="Férié"),AND(F27="Congé",D27="OFF"),AND(F27="Congé",D27="Congé sans solde"),AND(F27="Congé",D27="Congé spécial"),AND(F27="Congé",D27="Férié"),AND(F27="Congé sans solde",D27="OFF"),AND(F27="Congé sans solde",D27="Congé"),AND(F27="Congé sans solde",D27="Congé spécial"),AND(F27="Congé sans solde",D27="Férié"),AND(F27="Congé spécial",D27="OFF"),AND(F27="Congé spécial",D27="Congé"),AND(F27="Congé spécial",D27="Congé sans solde"),AND(F27="Congé spécial",D27="Férié"),AND(F27="Férié",D27="OFF"),AND(F27="Férié",D27="Congé"),AND(F27="Férié",D27="Congé sans solde"),AND(F27="Férié",D27="Congé spécial")),0,IF(OR(F27="OFF",F27="Congé",F27="Congé spécial",F27="Congé sans solde",D27="OFF",D27="Congé",D27="Congé spécial",D27="Congé sans solde"),0.208333333333334,IF(AND(AG27="",F27-D27<0),("24:00:00"-D27)+("00:00:00"+F27)-0.0416666666666667,IF(AND(OR(AG27="Allaitement",AG27="Sans déjeuner"),F27-D27<0),("24:00:00"-D27)+("00:00:00"+F27),IF(AND(AG27="",F27-D27>0.166666666666667),F27-D27-0.0416666666666667,IF(AND(OR(AG27="Allaitement",AG27="Sans déjeuner"),F27-D27>0.166666666666667),F27-D27,F27-D27))))))) -> 0.375 | P27: Accesibilité | Q27: 44812 | R27: 0 | S27: 0 | T27: ="Sem - "&WEEKNUM(Q27,21) -> Sem - 37 | U27: =PROPER(TEXT(Q27,"mmmm")) -> Septembre | V27: 3068 | X27: =IFERROR(IF(M27="Abs",0,IF((D27-C27+E27-F27)<0.000694444444444444,0,(D27-C27+E27-F27))),0) -> 0 | Y27: =VLOOKUP('CM-CIC'!B27,Annuaire_roster!B:F,4,0) -> OUBRAHIM Mohammed | Z27: Credit Mutuel | AA27: FT
A28: =+VLOOKUP(B28,Annuaire_roster!B:G,5,0) -> 1317 | B28: HAMDANI MOHAMED | C28: 0.33333333 | D28: 0.33333333 | E28: 0.75 | F28: 0.75 | K28: 0 | L28: 0 | M28: 0 | N28: =IFERROR(IF(OR(D28="OFF",D28="Congé",M28="Abs",D28="Congé sans solde",D28="Férié"),"",IF(O28-K28-L28>O28,O28,IF(O28-K28-L28<0,"",O28-K28-L28))),"") -> 0.375 | O28: =IF(AG28="2H Pause déjeuner",IF(F28-D28-0.0833333333333333<0,F28-D28-0.0833333333333333+1,F28-D28-0.0833333333333333),IF(OR(AND(F28="OFF",D28="OFF"),AND(F28="Congé",D28="Congé"),AND(F28="Congé sans solde",D28="Congé sans solde"),AND(F28="Congé spécial",D28="Congé spécial"),AND(F28="Férié",D28="Férié"),AND(F28="OFF",D28="Congé"),AND(F28="OFF",D28="Congé sans solde"),AND(F28="OFF",D28="Congé spécial"),AND(F28="OFF",D28="Férié"),AND(F28="Congé",D28="OFF"),AND(F28="Congé",D28="Congé sans solde"),AND(F28="Congé",D28="Congé spécial"),AND(F28="Congé",D28="Férié"),AND(F28="Congé sans solde",D28="OFF"),AND(F28="Congé sans solde",D28="Congé"),AND(F28="Congé sans solde",D28="Congé spécial"),AND(F28="Congé sans solde",D28="Férié"),AND(F28="Congé spécial",D28="OFF"),AND(F28="Congé spécial",D28="Congé"),AND(F28="Congé spécial",D28="Congé sans solde"),AND(F28="Congé spécial",D28="Férié"),AND(F28="Férié",D28="OFF"),AND(F28="Férié",D28="Congé"),AND(F28="Férié",D28="Congé sans solde"),AND(F28="Férié",D28="Congé spécial")),0,IF(OR(F28="OFF",F28="Congé",F28="Congé spécial",F28="Congé sans solde",D28="OFF",D28="Congé",D28="Congé spécial",D28="Congé sans solde"),0.208333333333334,IF(AND(AG28="",F28-D28<0),("24:00:00"-D28)+("00:00:00"+F28)-0.0416666666666667,IF(AND(OR(AG28="Allaitement",AG28="Sans déjeuner"),F28-D28<0),("24:00:00"-D28)+("00:00:00"+F28),IF(AND(AG28="",F28-D28>0.166666666666667),F28-D28-0.0416666666666667,IF(AND(OR(AG28="Allaitement",AG28="Sans déjeuner"),F28-D28>0.166666666666667),F28-D28,F28-D28))))))) -> 0.375 | P28: Accesibilité | Q28: 44812 | R28: 0 | S28: 0 | T28: ="Sem - "&WEEKNUM(Q28,21) -> Sem - 37 | U28: =PROPER(TEXT(Q28,"mmmm")) -> Septembre | V28: 3069 | X28: =IFERROR(IF(M28="Abs",0,IF((D28-C28+E28-F28)<0.000694444444444444,0,(D28-C28+E28-F28))),0) -> 0 | Y28: =VLOOKUP('CM-CIC'!B28,Annuaire_roster!B:F,4,0) -> OUBRAHIM Mohammed | Z28: Credit Mutuel | AA28: FT
A29: =+VLOOKUP(B29,Annuaire_roster!B:G,5,0) -> 1278 | B29: LISSAOUI HIBA | C29: 0.33333333 | D29: 0.33333333 | E29: 0.75 | F29: 0.75 | K29: 0 | L29: 0 | M29: 0 | N29: =IFERROR(IF(OR(D29="OFF",D29="Congé",M29="Abs",D29="Congé sans solde",D29="Férié"),"",IF(O29-K29-L29>O29,O29,IF(O29-K29-L29<0,"",O29-K29-L29))),"") -> 0.375 | O29: =IF(AG29="2H Pause déjeuner",IF(F29-D29-0.0833333333333333<0,F29-D29-0.0833333333333333+1,F29-D29-0.0833333333333333),IF(OR(AND(F29="OFF",D29="OFF"),AND(F29="Congé",D29="Congé"),AND(F29="Congé sans solde",D29="Congé sans solde"),AND(F29="Congé spécial",D29="Congé spécial"),AND(F29="Férié",D29="Férié"),AND(F29="OFF",D29="Congé"),AND(F29="OFF",D29="Congé sans solde"),AND(F29="OFF",D29="Congé spécial"),AND(F29="OFF",D29="Férié"),AND(F29="Congé",D29="OFF"),AND(F29="Congé",D29="Congé sans solde"),AND(F29="Congé",D29="Congé spécial"),AND(F29="Congé",D29="Férié"),AND(F29="Congé sans solde",D29="OFF"),AND(F29="Congé sans solde",D29="Congé"),AND(F29="Congé sans solde",D29="Congé spécial"),AND(F29="Congé sans solde",D29="Férié"),AND(F29="Congé spécial",D29="OFF"),AND(F29="Congé spécial",D29="Congé"),AND(F29="Congé spécial",D29="Congé sans solde"),AND(F29="Congé spécial",D29="Férié"),AND(F29="Férié",D29="OFF"),AND(F29="Férié",D29="Congé"),AND(F29="Férié",D29="Congé sans solde"),AND(F29="Férié",D29="Congé spécial")),0,IF(OR(F29="OFF",F29="Congé",F29="Congé spécial",F29="Congé sans solde",D29="OFF",D29="Congé",D29="Congé spécial",D29="Congé sans solde"),0.208333333333334,IF(AND(AG29="",F29-D29<0),("24:00:00"-D29)+("00:00:00"+F29)-0.0416666666666667,IF(AND(OR(AG29="Allaitement",AG29="Sans déjeuner"),F29-D29<0),("24:00:00"-D29)+("00:00:00"+F29),IF(AND(AG29="",F29-D29>0.166666666666667),F29-D29-0.0416666666666667,IF(AND(OR(AG29="Allaitement",AG29="Sans déjeuner"),F29-D29>0.166666666666667),F29-D29,F29-D29))))))) -> 0.375 | P29: Accesibilité | Q29: 44813 | R29: 0 | S29: 0 | T29: ="Sem - "&WEEKNUM(Q29,21) -> Sem - 37 | U29: =PROPER(TEXT(Q29,"mmmm")) -> Septembre | V29: 3070 | X29: =IFERROR(IF(M29="Abs",0,IF((D29-C29+E29-F29)<0.000694444444444444,0,(D29-C29+E29-F29))),0) -> 0 | Y29: =VLOOKUP('CM-CIC'!B29,Annuaire_roster!B:F,4,0) -> OUBRAHIM Mohammed | Z29: Credit Mutuel | AA29: FT
A30: =+VLOOKUP(B30,Annuaire_roster!B:G,5,0) -> 1265 | B30: RMAIDI IMAD | C30: 0.33333333 | D30: 0.33333333 | E30: 0.75 | F30: 0.75 | K30: 0 | L30: 0 | M30: 0 | N30: =IFERROR(IF(OR(D30="OFF",D30="Congé",M30="Abs",D30="Congé sans solde",D30="Férié"),"",IF(O30-K30-L30>O30,O30,IF(O30-K30-L30<0,"",O30-K30-L30))),"") -> 0.375 | O30: =IF(AG30="2H Pause déjeuner",IF(F30-D30-0.0833333333333333<0,F30-D30-0.0833333333333333+1,F30-D30-0.0833333333333333),IF(OR(AND(F30="OFF",D30="OFF"),AND(F30="Congé",D30="Congé"),AND(F30="Congé sans solde",D30="Congé sans solde"),AND(F30="Congé spécial",D30="Congé spécial"),AND(F30="Férié",D30="Férié"),AND(F30="OFF",D30="Congé"),AND(F30="OFF",D30="Congé sans solde"),AND(F30="OFF",D30="Congé spécial"),AND(F30="OFF",D30="Férié"),AND(F30="Congé",D30="OFF"),AND(F30="Congé",D30="Congé sans solde"),AND(F30="Congé",D30="Congé spécial"),AND(F30="Congé",D30="Férié"),AND(F30="Congé sans solde",D30="OFF"),AND(F30="Congé sans solde",D30="Congé"),AND(F30="Congé sans solde",D30="Congé spécial"),AND(F30="Congé sans solde",D30="Férié"),AND(F30="Congé spécial",D30="OFF"),AND(F30="Congé spécial",D30="Congé"),AND(F30="Congé spécial",D30="Congé sans solde"),AND(F30="Congé spécial",D30="Férié"),AND(F30="Férié",D30="OFF"),AND(F30="Férié",D30="Congé"),AND(F30="Férié",D30="Congé sans solde"),AND(F30="Férié",D30="Congé spécial")),0,IF(OR(F30="OFF",F30="Congé",F30="Congé spécial",F30="Congé sans solde",D30="OFF",D30="Congé",D30="Congé spécial",D30="Congé sans solde"),0.208333333333334,IF(AND(AG30="",F30-D30<0),("24:00:00"-D30)+("00:00:00"+F30)-0.0416666666666667,IF(AND(OR(AG30="Allaitement",AG30="Sans déjeuner"),F30-D30<0),("24:00:00"-D30)+("00:00:00"+F30),IF(AND(AG30="",F30-D30>0.166666666666667),F30-D30-0.0416666666666667,IF(AND(OR(AG30="Allaitement",AG30="Sans déjeuner"),F30-D30>0.166666666666667),F30-D30,F30-D30))))))) -> 0.375 | P30: Accesibilité | Q30: 44813 | R30: 0 | S30: 0 | T30: ="Sem - "&WEEKNUM(Q30,21) -> Sem - 37 | U30: =PROPER(TEXT(Q30,"mmmm")) -> Septembre | V30: 3071 | X30: =IFERROR(IF(M30="Abs",0,IF((D30-C30+E30-F30)<0.000694444444444444,0,(D30-C30+E30-F30))),0) -> 0 | Y30: =VLOOKUP('CM-CIC'!B30,Annuaire_roster!B:F,4,0) -> OUBRAHIM Mohammed | Z30: Credit Mutuel | AA30: FT
A31: =+VLOOKUP(B31,Annuaire_roster!B:G,5,0) -> 1317 | B31: HAMDANI MOHAMED | C31: 0.33333333 | D31: 0.33333333 | E31: 0.75 | F31: 0.75 | K31: 0 | L31: 0 | M31: 0 | N31: =IFERROR(IF(OR(D31="OFF",D31="Congé",M31="Abs",D31="Congé sans solde",D31="Férié"),"",IF(O31-K31-L31>O31,O31,IF(O31-K31-L31<0,"",O31-K31-L31))),"") -> 0.375 | O31: =IF(AG31="2H Pause déjeuner",IF(F31-D31-0.0833333333333333<0,F31-D31-0.0833333333333333+1,F31-D31-0.0833333333333333),IF(OR(AND(F31="OFF",D31="OFF"),AND(F31="Congé",D31="Congé"),AND(F31="Congé sans solde",D31="Congé sans solde"),AND(F31="Congé spécial",D31="Congé spécial"),AND(F31="Férié",D31="Férié"),AND(F31="OFF",D31="Congé"),AND(F31="OFF",D31="Congé sans solde"),AND(F31="OFF",D31="Congé spécial"),AND(F31="OFF",D31="Férié"),AND(F31="Congé",D31="OFF"),AND(F31="Congé",D31="Congé sans solde"),AND(F31="Congé",D31="Congé spécial"),AND(F31="Congé",D31="Férié"),AND(F31="Congé sans solde",D31="OFF"),AND(F31="Congé sans solde",D31="Congé"),AND(F31="Congé sans solde",D31="Congé spécial"),AND(F31="Congé sans solde",D31="Férié"),AND(F31="Congé spécial",D31="OFF"),AND(F31="Congé spécial",D31="Congé"),AND(F31="Congé spécial",D31="Congé sans solde"),AND(F31="Congé spécial",D31="Férié"),AND(F31="Férié",D31="OFF"),AND(F31="Férié",D31="Congé"),AND(F31="Férié",D31="Congé sans solde"),AND(F31="Férié",D31="Congé spécial")),0,IF(OR(F31="OFF",F31="Congé",F31="Congé spécial",F31="Congé sans solde",D31="OFF",D31="Congé",D31="Congé spécial",D31="Congé sans solde"),0.208333333333334,IF(AND(AG31="",F31-D31<0),("24:00:00"-D31)+("00:00:00"+F31)-0.0416666666666667,IF(AND(OR(AG31="Allaitement",AG31="Sans déjeuner"),F31-D31<0),("24:00:00"-D31)+("00:00:00"+F31),IF(AND(AG31="",F31-D31>0.166666666666667),F31-D31-0.0416666666666667,IF(AND(OR(AG31="Allaitement",AG31="Sans déjeuner"),F31-D31>0.166666666666667),F31-D31,F31-D31))))))) -> 0.375 | P31: Accesibilité | Q31: 44813 | R31: 0 | S31: 0 | T31: ="Sem - "&WEEKNUM(Q31,21) -> Sem - 37 | U31: =PROPER(TEXT(Q31,"mmmm")) -> Septembre | V31: 3072 | X31: =IFERROR(IF(M31="Abs",0,IF((D31-C31+E31-F31)<0.000694444444444444,0,(D31-C31+E31-F31))),0) -> 0 | Y31: =VLOOKUP('CM-CIC'!B31,Annuaire_roster!B:F,4,0) -> OUBRAHIM Mohammed | Z31: Credit Mutuel | AA31: FT
... A34: =+VLOOKUP(B34,Annuaire_roster!B:G,5,0) -> 1317 | B34: HAMDANI MOHAMED | C34: 0.33333333 | D34: 0.33333333 | E34: 0.70833333 | F34: 0.70833333 | K34: 0 | L34: 0 | M34: 0 | N34: =IFERROR(IF(OR(D34="OFF",D34="Congé",M34="Abs",D34="Congé sans solde",D34="Férié"),"",IF(O34-K34-L34>O34,O34,IF(O34-K34-L34<0,"",O34-K34-L34))),"") -> 0.33333333 | O34: =IF(AG34="2H Pause déjeuner",IF(F34-D34-0.0833333333333333<0,F34-D34-0.0833333333333333+1,F34-D34-0.0833333333333333),IF(OR(AND(F34="OFF",D34="OFF"),AND(F34="Congé",D34="Congé"),AND(F34="Congé sans solde",D34="Congé sans solde"),AND(F34="Congé spécial",D34="Congé spécial"),AND(F34="Férié",D34="Férié"),AND(F34="OFF",D34="Congé"),AND(F34="OFF",D34="Congé sans solde"),AND(F34="OFF",D34="Congé spécial"),AND(F34="OFF",D34="Férié"),AND(F34="Congé",D34="OFF"),AND(F34="Congé",D34="Congé sans solde"),AND(F34="Congé",D34="Congé spécial"),AND(F34="Congé",D34="Férié"),AND(F34="Congé sans solde",D34="OFF"),AND(F34="Congé sans solde",D34="Congé"),AND(F34="Congé sans solde",D34="Congé spécial"),AND(F34="Congé sans solde",D34="Férié"),AND(F34="Congé spécial",D34="OFF"),AND(F34="Congé spécial",D34="Congé"),AND(F34="Congé spécial",D34="Congé sans solde"),AND(F34="Congé spécial",D34="Férié"),AND(F34="Férié",D34="OFF"),AND(F34="Férié",D34="Congé"),AND(F34="Férié",D34="Congé sans solde"),AND(F34="Férié",D34="Congé spécial")),0,IF(OR(F34="OFF",F34="Congé",F34="Congé spécial",F34="Congé sans solde",D34="OFF",D34="Congé",D34="Congé spécial",D34="Congé sans solde"),0.208333333333334,IF(AND(AG34="",F34-D34<0),("24:00:00"-D34)+("00:00:00"+F34)-0.0416666666666667,IF(AND(OR(AG34="Allaitement",AG34="Sans déjeuner"),F34-D34<0),("24:00:00"-D34)+("00:00:00"+F34),IF(AND(AG34="",F34-D34>0.166666666666667),F34-D34-0.0416666666666667,IF(AND(OR(AG34="Allaitement",AG34="Sans déjeuner"),F34-D34>0.166666666666667),F34-D34,F34-D34))))))) -> 0.33333333 | P34: Accesibilité | Q34: 44814 | R34: 0 | S34: 0 | T34: ="Sem - "&WEEKNUM(Q34,21) -> Sem - 37 | U34: =PROPER(TEXT(Q34,"mmmm")) -> Septembre | V34: 3075 | X34: =IFERROR(IF(M34="Abs",0,IF((D34-C34+E34-F34)<0.000694444444444444,0,(D34-C34+E34-F34))),0) -> 0 | Y34: =VLOOKUP('CM-CIC'!B34,Annuaire_roster!B:F,4,0) -> OUBRAHIM Mohammed | Z34: Credit Mutuel | AA34: FT
A35: =+VLOOKUP(B35,Annuaire_roster!B:G,5,0) -> 1278 | B35: LISSAOUI HIBA | D35: OFF | F35: OFF | K35: 0 | L35: 0 | M35: 0 | N35: =IFERROR(IF(OR(D35="OFF",D35="Congé",M35="Abs",D35="Congé sans solde",D35="Férié"),"",IF(O35-K35-L35>O35,O35,IF(O35-K35-L35<0,"",O35-K35-L35))),"") | O35: =IF(AG35="2H Pause déjeuner",IF(F35-D35-0.0833333333333333<0,F35-D35-0.0833333333333333+1,F35-D35-0.0833333333333333),IF(OR(AND(F35="OFF",D35="OFF"),AND(F35="Congé",D35="Congé"),AND(F35="Congé sans solde",D35="Congé sans solde"),AND(F35="Congé spécial",D35="Congé spécial"),AND(F35="Férié",D35="Férié"),AND(F35="OFF",D35="Congé"),AND(F35="OFF",D35="Congé sans solde"),AND(F35="OFF",D35="Congé spécial"),AND(F35="OFF",D35="Férié"),AND(F35="Congé",D35="OFF"),AND(F35="Congé",D35="Congé sans solde"),AND(F35="Congé",D35="Congé spécial"),AND(F35="Congé",D35="Férié"),AND(F35="Congé sans solde",D35="OFF"),AND(F35="Congé sans solde",D35="Congé"),AND(F35="Congé sans solde",D35="Congé spécial"),AND(F35="Congé sans solde",D35="Férié"),AND(F35="Congé spécial",D35="OFF"),AND(F35="Congé spécial",D35="Congé"),AND(F35="Congé spécial",D35="Congé sans solde"),AND(F35="Congé spécial",D35="Férié"),AND(F35="Férié",D35="OFF"),AND(F35="Férié",D35="Congé"),AND(F35="Férié",D35="Congé sans solde"),AND(F35="Férié",D35="Congé spécial")),0,IF(OR(F35="OFF",F35="Congé",F35="Congé spécial",F35="Congé sans solde",D35="OFF",D35="Congé",D35="Congé spécial",D35="Congé sans solde"),0.208333333333334,IF(AND(AG35="",F35-D35<0),("24:00:00"-D35)+("00:00:00"+F35)-0.0416666666666667,IF(AND(OR(AG35="Allaitement",AG35="Sans déjeuner"),F35-D35<0),("24:00:00"-D35)+("00:00:00"+F35),IF(AND(AG35="",F35-D35>0.166666666666667),F35-D35-0.0416666666666667,IF(AND(OR(AG35="Allaitement",AG35="Sans déjeuner"),F35-D35>0.166666666666667),F35-D35,F35-D35))))))) -> 0 | P35: Accesibilité | Q35: 44815 | R35: 0 | S35: 0 | T35: ="Sem - "&WEEKNUM(Q35,21) -> Sem - 37 | U35: =PROPER(TEXT(Q35,"mmmm")) -> Septembre | V35: 3076 | X35: =IFERROR(IF(M35="Abs",0,IF((D35-C35+E35-F35)<0.000694444444444444,0,(D35-C35+E35-F35))),0) -> 0 | Y35: =VLOOKUP('CM-CIC'!B35,Annuaire_roster!B:F,4,0) -> OUBRAHIM Mohammed | Z35: Credit Mutuel | AA35: FT
A36: =+VLOOKUP(B36,Annuaire_roster!B:G,5,0) -> 1265 | B36: RMAIDI IMAD | D36: OFF | F36: OFF | K36: 0 | L36: 0 | M36: 0 | N36: =IFERROR(IF(OR(D36="OFF",D36="Congé",M36="Abs",D36="Congé sans solde",D36="Férié"),"",IF(O36-K36-L36>O36,O36,IF(O36-K36-L36<0,"",O36-K36-L36))),"") | O36: =IF(AG36="2H Pause déjeuner",IF(F36-D36-0.0833333333333333<0,F36-D36-0.0833333333333333+1,F36-D36-0.0833333333333333),IF(OR(AND(F36="OFF",D36="OFF"),AND(F36="Congé",D36="Congé"),AND(F36="Congé sans solde",D36="Congé sans solde"),AND(F36="Congé spécial",D36="Congé spécial"),AND(F36="Férié",D36="Férié"),AND(F36="OFF",D36="Congé"),AND(F36="OFF",D36="Congé sans solde"),AND(F36="OFF",D36="Congé spécial"),AND(F36="OFF",D36="Férié"),AND(F36="Congé",D36="OFF"),AND(F36="Congé",D36="Congé sans solde"),AND(F36="Congé",D36="Congé spécial"),AND(F36="Congé",D36="Férié"),AND(F36="Congé sans solde",D36="OFF"),AND(F36="Congé sans solde",D36="Congé"),AND(F36="Congé sans solde",D36="Congé spécial"),AND(F36="Congé sans solde",D36="Férié"),AND(F36="Congé spécial",D36="OFF"),AND(F36="Congé spécial",D36="Congé"),AND(F36="Congé spécial",D36="Congé sans solde"),AND(F36="Congé spécial",D36="Férié"),AND(F36="Férié",D36="OFF"),AND(F36="Férié",D36="Congé"),AND(F36="Férié",D36="Congé sans solde"),AND(F36="Férié",D36="Congé spécial")),0,IF(OR(F36="OFF",F36="Congé",F36="Congé spécial",F36="Congé sans solde",D36="OFF",D36="Congé",D36="Congé spécial",D36="Congé sans solde"),0.208333333333334,IF(AND(AG36="",F36-D36<0),("24:00:00"-D36)+("00:00:00"+F36)-0.0416666666666667,IF(AND(OR(AG36="Allaitement",AG36="Sans déjeuner"),F36-D36<0),("24:00:00"-D36)+("00:00:00"+F36),IF(AND(AG36="",F36-D36>0.166666666666667),F36-D36-0.0416666666666667,IF(AND(OR(AG36="Allaitement",AG36="Sans déjeuner"),F36-D36>0.166666666666667),F36-D36,F36-D36))))))) -> 0 | P36: Accesibilité | Q36: 44815 | R36: 0 | S36: 0 | T36: ="Sem - "&WEEKNUM(Q36,21) -> Sem - 37 | U36: =PROPER(TEXT(Q36,"mmmm")) -> Septembre | V36: 3077 | X36: =IFERROR(IF(M36="Abs",0,IF((D36-C36+E36-F36)<0.000694444444444444,0,(D36-C36+E36-F36))),0) -> 0 | Y36: =VLOOKUP('CM-CIC'!B36,Annuaire_roster!B:F,4,0) -> OUBRAHIM Mohammed | Z36: Credit Mutuel | AA36: FT
A37: =+VLOOKUP(B37,Annuaire_roster!B:G,5,0) -> 1317 | B37: HAMDANI MOHAMED | D37: OFF | F37: OFF | K37: 0 | L37: 0 | M37: 0 | N37: =IFERROR(IF(OR(D37="OFF",D37="Congé",M37="Abs",D37="Congé sans solde",D37="Férié"),"",IF(O37-K37-L37>O37,O37,IF(O37-K37-L37<0,"",O37-K37-L37))),"") | O37: =IF(AG37="2H Pause déjeuner",IF(F37-D37-0.0833333333333333<0,F37-D37-0.0833333333333333+1,F37-D37-0.0833333333333333),IF(OR(AND(F37="OFF",D37="OFF"),AND(F37="Congé",D37="Congé"),AND(F37="Congé sans solde",D37="Congé sans solde"),AND(F37="Congé spécial",D37="Congé spécial"),AND(F37="Férié",D37="Férié"),AND(F37="OFF",D37="Congé"),AND(F37="OFF",D37="Congé sans solde"),AND(F37="OFF",D37="Congé spécial"),AND(F37="OFF",D37="Férié"),AND(F37="Congé",D37="OFF"),AND(F37="Congé",D37="Congé sans solde"),AND(F37="Congé",D37="Congé spécial"),AND(F37="Congé",D37="Férié"),AND(F37="Congé sans solde",D37="OFF"),AND(F37="Congé sans solde",D37="Congé"),AND(F37="Congé sans solde",D37="Congé spécial"),AND(F37="Congé sans solde",D37="Férié"),AND(F37="Congé spécial",D37="OFF"),AND(F37="Congé spécial",D37="Congé"),AND(F37="Congé spécial",D37="Congé sans solde"),AND(F37="Congé spécial",D37="Férié"),AND(F37="Férié",D37="OFF"),AND(F37="Férié",D37="Congé"),AND(F37="Férié",D37="Congé sans solde"),AND(F37="Férié",D37="Congé spécial")),0,IF(OR(F37="OFF",F37="Congé",F37="Congé spécial",F37="Congé sans solde",D37="OFF",D37="Congé",D37="Congé spécial",D37="Congé sans solde"),0.208333333333334,IF(AND(AG37="",F37-D37<0),("24:00:00"-D37)+("00:00:00"+F37)-0.0416666666666667,IF(AND(OR(AG37="Allaitement",AG37="Sans déjeuner"),F37-D37<0),("24:00:00"-D37)+("00:00:00"+F37),IF(AND(AG37="",F37-D37>0.166666666666667),F37-D37-0.0416666666666667,IF(AND(OR(AG37="Allaitement",AG37="Sans déjeuner"),F37-D37>0.166666666666667),F37-D37,F37-D37))))))) -> 0 | P37: Accesibilité | Q37: 44815 | R37: 0 | S37: 0 | T37: ="Sem - "&WEEKNUM(Q37,21) -> Sem - 37 | U37: =PROPER(TEXT(Q37,"mmmm")) -> Septembre | V37: 3078 | X37: =IFERROR(IF(M37="Abs",0,IF((D37-C37+E37-F37)<0.000694444444444444,0,(D37-C37+E37-F37))),0) -> 0 | Y37: =VLOOKUP('CM-CIC'!B37,Annuaire_roster!B:F,4,0) -> OUBRAHIM Mohammed | Z37: Credit Mutuel | AA37: FT
A38: =+VLOOKUP(B38,Annuaire_roster!B:G,5,0) -> 1278 | B38: LISSAOUI HIBA | D38: OFF | F38: OFF | K38: 0 | L38: 0 | M38: 0 | N38: =IFERROR(IF(OR(D38="OFF",D38="Congé",M38="Abs",D38="Congé sans solde",D38="Férié"),"",IF(O38-K38-L38>O38,O38,IF(O38-K38-L38<0,"",O38-K38-L38))),"") | O38: =IF(AG38="2H Pause déjeuner",IF(F38-D38-0.0833333333333333<0,F38-D38-0.0833333333333333+1,F38-D38-0.0833333333333333),IF(OR(AND(F38="OFF",D38="OFF"),AND(F38="Congé",D38="Congé"),AND(F38="Congé sans solde",D38="Congé sans solde"),AND(F38="Congé spécial",D38="Congé spécial"),AND(F38="Férié",D38="Férié"),AND(F38="OFF",D38="Congé"),AND(F38="OFF",D38="Congé sans solde"),AND(F38="OFF",D38="Congé spécial"),AND(F38="OFF",D38="Férié"),AND(F38="Congé",D38="OFF"),AND(F38="Congé",D38="Congé sans solde"),AND(F38="Congé",D38="Congé spécial"),AND(F38="Congé",D38="Férié"),AND(F38="Congé sans solde",D38="OFF"),AND(F38="Congé sans solde",D38="Congé"),AND(F38="Congé sans solde",D38="Congé spécial"),AND(F38="Congé sans solde",D38="Férié"),AND(F38="Congé spécial",D38="OFF"),AND(F38="Congé spécial",D38="Congé"),AND(F38="Congé spécial",D38="Congé sans solde"),AND(F38="Congé spécial",D38="Férié"),AND(F38="Férié",D38="OFF"),AND(F38="Férié",D38="Congé"),AND(F38="Férié",D38="Congé sans solde"),AND(F38="Férié",D38="Congé spécial")),0,IF(OR(F38="OFF",F38="Congé",F38="Congé spécial",F38="Congé sans solde",D38="OFF",D38="Congé",D38="Congé spécial",D38="Congé sans solde"),0.208333333333334,IF(AND(AG38="",F38-D38<0),("24:00:00"-D38)+("00:00:00"+F38)-0.0416666666666667,IF(AND(OR(AG38="Allaitement",AG38="Sans déjeuner"),F38-D38<0),("24:00:00"-D38)+("00:00:00"+F38),IF(AND(AG38="",F38-D38>0.166666666666667),F38-D38-0.0416666666666667,IF(AND(OR(AG38="Allaitement",AG38="Sans déjeuner"),F38-D38>0.166666666666667),F38-D38,F38-D38))))))) -> 0 | P38: Accesibilité | Q38: 44816 | R38: 0 | S38: 0 | T38: ="Sem - "&WEEKNUM(Q38,21) -> Sem - 37 | U38: =PROPER(TEXT(Q38,"mmmm")) -> Septembre | V38: 3079 | X38: =IFERROR(IF(M38="Abs",0,IF((D38-C38+E38-F38)<0.000694444444444444,0,(D38-C38+E38-F38))),0) -> 0 | Y38: =VLOOKUP('CM-CIC'!B38,Annuaire_roster!B:F,4,0) -> OUBRAHIM Mohammed | Z38: Credit Mutuel | AA38: FT
A39: =+VLOOKUP(B39,Annuaire_roster!B:G,5,0) -> 1265 | B39: RMAIDI IMAD | D39: OFF | F39: OFF | K39: 0 | L39: 0 | M39: 0 | N39: =IFERROR(IF(OR(D39="OFF",D39="Congé",M39="Abs",D39="Congé sans solde",D39="Férié"),"",IF(O39-K39-L39>O39,O39,IF(O39-K39-L39<0,"",O39-K39-L39))),"") | O39: =IF(AG39="2H Pause déjeuner",IF(F39-D39-0.0833333333333333<0,F39-D39-0.0833333333333333+1,F39-D39-0.0833333333333333),IF(OR(AND(F39="OFF",D39="OFF"),AND(F39="Congé",D39="Congé"),AND(F39="Congé sans solde",D39="Congé sans solde"),AND(F39="Congé spécial",D39="Congé spécial"),AND(F39="Férié",D39="Férié"),AND(F39="OFF",D39="Congé"),AND(F39="OFF",D39="Congé sans solde"),AND(F39="OFF",D39="Congé spécial"),AND(F39="OFF",D39="Férié"),AND(F39="Congé",D39="OFF"),AND(F39="Congé",D39="Congé sans solde"),AND(F39="Congé",D39="Congé spécial"),AND(F39="Congé",D39="Férié"),AND(F39="Congé sans solde",D39="OFF"),AND(F39="Congé sans solde",D39="Congé"),AND(F39="Congé sans solde",D39="Congé spécial"),AND(F39="Congé sans solde",D39="Férié"),AND(F39="Congé spécial",D39="OFF"),AND(F39="Congé spécial",D39="Congé"),AND(F39="Congé spécial",D39="Congé sans solde"),AND(F39="Congé spécial",D39="Férié"),AND(F39="Férié",D39="OFF"),AND(F39="Férié",D39="Congé"),AND(F39="Férié",D39="Congé sans solde"),AND(F39="Férié",D39="Congé spécial")),0,IF(OR(F39="OFF",F39="Congé",F39="Congé spécial",F39="Congé sans solde",D39="OFF",D39="Congé",D39="Congé spécial",D39="Congé sans solde"),0.208333333333334,IF(AND(AG39="",F39-D39<0),("24:00:00"-D39)+("00:00:00"+F39)-0.0416666666666667,IF(AND(OR(AG39="Allaitement",AG39="Sans déjeuner"),F39-D39<0),("24:00:00"-D39)+("00:00:00"+F39),IF(AND(AG39="",F39-D39>0.166666666666667),F39-D39-0.0416666666666667,IF(AND(OR(AG39="Allaitement",AG39="Sans déjeuner"),F39-D39>0.166666666666667),F39-D39,F39-D39))))))) -> 0 | P39: Accesibilité | Q39: 44816 | R39: 0 | S39: 0 | T39: ="Sem - "&WEEKNUM(Q39,21) -> Sem - 37 | U39: =PROPER(TEXT(Q39,"mmmm")) -> Septembre | V39: 3080 | X39: =IFERROR(IF(M39="Abs",0,IF((D39-C39+E39-F39)<0.000694444444444444,0,(D39-C39+E39-F39))),0) -> 0 | Y39: =VLOOKUP('CM-CIC'!B39,Annuaire_roster!B:F,4,0) -> OUBRAHIM Mohammed | Z39: Credit Mutuel | AA39: FT
A40: =+VLOOKUP(B40,Annuaire_roster!B:G,5,0) -> 1317 | B40: HAMDANI MOHAMED | D40: OFF | F40: OFF | K40: 0 | L40: 0 | M40: 0 | N40: =IFERROR(IF(OR(D40="OFF",D40="Congé",M40="Abs",D40="Congé sans solde",D40="Férié"),"",IF(O40-K40-L40>O40,O40,IF(O40-K40-L40<0,"",O40-K40-L40))),"") | O40: =IF(AG40="2H Pause déjeuner",IF(F40-D40-0.0833333333333333<0,F40-D40-0.0833333333333333+1,F40-D40-0.0833333333333333),IF(OR(AND(F40="OFF",D40="OFF"),AND(F40="Congé",D40="Congé"),AND(F40="Congé sans solde",D40="Congé sans solde"),AND(F40="Congé spécial",D40="Congé spécial"),AND(F40="Férié",D40="Férié"),AND(F40="OFF",D40="Congé"),AND(F40="OFF",D40="Congé sans solde"),AND(F40="OFF",D40="Congé spécial"),AND(F40="OFF",D40="Férié"),AND(F40="Congé",D40="OFF"),AND(F40="Congé",D40="Congé sans solde"),AND(F40="Congé",D40="Congé spécial"),AND(F40="Congé",D40="Férié"),AND(F40="Congé sans solde",D40="OFF"),AND(F40="Congé sans solde",D40="Congé"),AND(F40="Congé sans solde",D40="Congé spécial"),AND(F40="Congé sans solde",D40="Férié"),AND(F40="Congé spécial",D40="OFF"),AND(F40="Congé spécial",D40="Congé"),AND(F40="Congé spécial",D40="Congé sans solde"),AND(F40="Congé spécial",D40="Férié"),AND(F40="Férié",D40="OFF"),AND(F40="Férié",D40="Congé"),AND(F40="Férié",D40="Congé sans solde"),AND(F40="Férié",D40="Congé spécial")),0,IF(OR(F40="OFF",F40="Congé",F40="Congé spécial",F40="Congé sans solde",D40="OFF",D40="Congé",D40="Congé spécial",D40="Congé sans solde"),0.208333333333334,IF(AND(AG40="",F40-D40<0),("24:00:00"-D40)+("00:00:00"+F40)-0.0416666666666667,IF(AND(OR(AG40="Allaitement",AG40="Sans déjeuner"),F40-D40<0),("24:00:00"-D40)+("00:00:00"+F40),IF(AND(AG40="",F40-D40>0.166666666666667),F40-D40-0.0416666666666667,IF(AND(OR(AG40="Allaitement",AG40="Sans déjeuner"),F40-D40>0.166666666666667),F40-D40,F40-D40))))))) -> 0 | P40: Accesibilité | Q40: 44816 | R40: 0 | S40: 0 | T40: ="Sem - "&WEEKNUM(Q40,21) -> Sem - 37 | U40: =PROPER(TEXT(Q40,"mmmm")) -> Septembre | V40: 3081 | X40: =IFERROR(IF(M40="Abs",0,IF((D40-C40+E40-F40)<0.000694444444444444,0,(D40-C40+E40-F40))),0) -> 0 | Y40: =VLOOKUP('CM-CIC'!B40,Annuaire_roster!B:F,4,0) -> OUBRAHIM Mohammed | Z40: Credit Mutuel | AA40: FT
A41: =+VLOOKUP(B41,Annuaire_roster!B:G,5,0) -> 1317 | B41: HAMDANI MOHAMED | C41: 0.34513889 | D41: 0.33333333 | E41: 0.75 | F41: 0.75 | L41: 0 | M41: 0 | N41: =IFERROR(IF(OR(D41="OFF",D41="Congé",M41="Abs",D41="Congé sans solde",D41="Férié"),"",IF(O41-K41-L41>O41,O41,IF(O41-K41-L41<0,"",O41-K41-L41))),"") -> 0.375 | O41: =IF(AG41="2H Pause déjeuner",IF(F41-D41-0.0833333333333333<0,F41-D41-0.0833333333333333+1,F41-D41-0.0833333333333333),IF(OR(AND(F41="OFF",D41="OFF"),AND(F41="Congé",D41="Congé"),AND(F41="Congé sans solde",D41="Congé sans solde"),AND(F41="Congé spécial",D41="Congé spécial"),AND(F41="Férié",D41="Férié"),AND(F41="OFF",D41="Congé"),AND(F41="OFF",D41="Congé sans solde"),AND(F41="OFF",D41="Congé spécial"),AND(F41="OFF",D41="Férié"),AND(F41="Congé",D41="OFF"),AND(F41="Congé",D41="Congé sans solde"),AND(F41="Congé",D41="Congé spécial"),AND(F41="Congé",D41="Férié"),AND(F41="Congé sans solde",D41="OFF"),AND(F41="Congé sans solde",D41="Congé"),AND(F41="Congé sans solde",D41="Congé spécial"),AND(F41="Congé sans solde",D41="Férié"),AND(F41="Congé spécial",D41="OFF"),AND(F41="Congé spécial",D41="Congé"),AND(F41="Congé spécial",D41="Congé sans solde"),AND(F41="Congé spécial",D41="Férié"),AND(F41="Férié",D41="OFF"),AND(F41="Férié",D41="Congé"),AND(F41="Férié",D41="Congé sans solde"),AND(F41="Férié",D41="Congé spécial")),0,IF(OR(F41="OFF",F41="Congé",F41="Congé spécial",F41="Congé sans solde",D41="OFF",D41="Congé",D41="Congé spécial",D41="Congé sans solde"),0.208333333333334,IF(AND(AG41="",F41-D41<0),("24:00:00"-D41)+("00:00:00"+F41)-0.0416666666666667,IF(AND(OR(AG41="Allaitement",AG41="Sans déjeuner"),F41-D41<0),("24:00:00"-D41)+("00:00:00"+F41),IF(AND(AG41="",F41-D41>0.166666666666667),F41-D41-0.0416666666666667,IF(AND(OR(AG41="Allaitement",AG41="Sans déjeuner"),F41-D41>0.166666666666667),F41-D41,F41-D41))))))) -> 0.375 | P41: Accesibilité | Q41: 44817 | R41: =IF(M41="Abs",O41,0) -> 0 | S41: =SUM(R41,L41,I41,J41,W41,H41) -> 0 | T41: ="Sem - "&WEEKNUM(Q41,21) -> Sem - 38 | U41: =PROPER(TEXT(Q41,"mmmm")) -> Septembre | V41: =+TEXT(Q41,"aaa") -> 2026 | X41: =IFERROR(IF(M41="Abs",0,IF((D41-C41+E41-F41)<0.000694444444444444,0,(D41-C41+E41-F41))),0) -> 0 | Y41: =VLOOKUP('CM-CIC'!B41,Annuaire_roster!B:F,4,0) -> OUBRAHIM Mohammed | Z41: Credit Mutuel | AA41: Forfaitaire | AB41: =IF(AND(D41="Congé",F41="Congé"),0.333333333333333,IF(OR(AND(D41="Congé",F41<>"Congé"),(AND(F41="Congé",D41<>"Congé"))),0.166666666666667,"")) | AC41: =IF(AND(D41="Congé sans solde",F41="Congé sans solde"),0.333333333333333,IF(OR(AND(D41="Congé sans solde",F41<>"Congé sans solde"),(AND(F41="Congé sans solde",D41<>"Congé sans solde"))),0.166666666666667,"")) | AD41: =IF(AND(D41="Congé spécial",F41="Congé spécial"),0.333333333333333,IF(OR(AND(D41="Congé spécial",F41<>"Congé décès"),(AND(F41="Congé spécial",D41<>"Congé spécial"))),0.166666666666667,"")) | AE41: =IF(AND(D41="Férié",F41="Férié"),0.333333333333333,IF(OR(AND(D41="Férié",F41<>"Férié"),(AND(F41="Férié",D41<>"Férié"))),0.166666666666667,""))
A42: =+VLOOKUP(B42,Annuaire_roster!B:G,5,0) -> 1278 | B42: LISSAOUI HIBA | C42: 0.32916667 | D42: 0.33333333 | E42: 0.75 | F42: 0.75 | K42: 0 | L42: 0 | M42: 0 | N42: =IFERROR(IF(OR(D42="OFF",D42="Congé",M42="Abs",D42="Congé sans solde",D42="Férié"),"",IF(O42-K42-L42>O42,O42,IF(O42-K42-L42<0,"",O42-K42-L42))),"") -> 0.375 | O42: =IF(AG42="2H Pause déjeuner",IF(F42-D42-0.0833333333333333<0,F42-D42-0.0833333333333333+1,F42-D42-0.0833333333333333),IF(OR(AND(F42="OFF",D42="OFF"),AND(F42="Congé",D42="Congé"),AND(F42="Congé sans solde",D42="Congé sans solde"),AND(F42="Congé spécial",D42="Congé spécial"),AND(F42="Férié",D42="Férié"),AND(F42="OFF",D42="Congé"),AND(F42="OFF",D42="Congé sans solde"),AND(F42="OFF",D42="Congé spécial"),AND(F42="OFF",D42="Férié"),AND(F42="Congé",D42="OFF"),AND(F42="Congé",D42="Congé sans solde"),AND(F42="Congé",D42="Congé spécial"),AND(F42="Congé",D42="Férié"),AND(F42="Congé sans solde",D42="OFF"),AND(F42="Congé sans solde",D42="Congé"),AND(F42="Congé sans solde",D42="Congé spécial"),AND(F42="Congé sans solde",D42="Férié"),AND(F42="Congé spécial",D42="OFF"),AND(F42="Congé spécial",D42="Congé"),AND(F42="Congé spécial",D42="Congé sans solde"),AND(F42="Congé spécial",D42="Férié"),AND(F42="Férié",D42="OFF"),AND(F42="Férié",D42="Congé"),AND(F42="Férié",D42="Congé sans solde"),AND(F42="Férié",D42="Congé spécial")),0,IF(OR(F42="OFF",F42="Congé",F42="Congé spécial",F42="Congé sans solde",D42="OFF",D42="Congé",D42="Congé spécial",D42="Congé sans solde"),0.208333333333334,IF(AND(AG42="",F42-D42<0),("24:00:00"-D42)+("00:00:00"+F42)-0.0416666666666667,IF(AND(OR(AG42="Allaitement",AG42="Sans déjeuner"),F42-D42<0),("24:00:00"-D42)+("00:00:00"+F42),IF(AND(AG42="",F42-D42>0.166666666666667),F42-D42-0.0416666666666667,IF(AND(OR(AG42="Allaitement",AG42="Sans déjeuner"),F42-D42>0.166666666666667),F42-D42,F42-D42))))))) -> 0.375 | P42: Accesibilité | Q42: 44817 | R42: =IF(M42="Abs",O42,0) -> 0 | S42: =SUM(R42,L42,I42,J42,W42,H42) -> 0 | T42: ="Sem - "&WEEKNUM(Q42,21) -> Sem - 38 | U42: =PROPER(TEXT(Q42,"mmmm")) -> Septembre | V42: =+TEXT(Q42,"aaa") -> 2026 | X42: =IFERROR(IF(M42="Abs",0,IF((D42-C42+E42-F42)<0.000694444444444444,0,(D42-C42+E42-F42))),0) -> 0.0041666667 | Y42: =VLOOKUP('CM-CIC'!B42,Annuaire_roster!B:F,4,0) -> OUBRAHIM Mohammed | Z42: Credit Mutuel | AA42: Forfaitaire | AB42: =IF(AND(D42="Congé",F42="Congé"),0.333333333333333,IF(OR(AND(D42="Congé",F42<>"Congé"),(AND(F42="Congé",D42<>"Congé"))),0.166666666666667,"")) | AC42: =IF(AND(D42="Congé sans solde",F42="Congé sans solde"),0.333333333333333,IF(OR(AND(D42="Congé sans solde",F42<>"Congé sans solde"),(AND(F42="Congé sans solde",D42<>"Congé sans solde"))),0.166666666666667,"")) | AD42: =IF(AND(D42="Congé spécial",F42="Congé spécial"),0.333333333333333,IF(OR(AND(D42="Congé spécial",F42<>"Congé décès"),(AND(F42="Congé spécial",D42<>"Congé spécial"))),0.166666666666667,"")) | AE42: =IF(AND(D42="Férié",F42="Férié"),0.333333333333333,IF(OR(AND(D42="Férié",F42<>"Férié"),(AND(F42="Férié",D42<>"Férié"))),0.166666666666667,""))
A43: =+VLOOKUP(B43,Annuaire_roster!B:G,5,0) -> 1265 | B43: RMAIDI IMAD | C43: 0.33263889 | D43: 0.33333333 | E43: 0.75 | F43: 0.75 | K43: 0 | L43: 0 | M43: 0 | N43: =IFERROR(IF(OR(D43="OFF",D43="Congé",M43="Abs",D43="Congé sans solde",D43="Férié"),"",IF(O43-K43-L43>O43,O43,IF(O43-K43-L43<0,"",O43-K43-L43))),"") -> 0.375 | O43: =IF(AG43="2H Pause déjeuner",IF(F43-D43-0.0833333333333333<0,F43-D43-0.0833333333333333+1,F43-D43-0.0833333333333333),IF(OR(AND(F43="OFF",D43="OFF"),AND(F43="Congé",D43="Congé"),AND(F43="Congé sans solde",D43="Congé sans solde"),AND(F43="Congé spécial",D43="Congé spécial"),AND(F43="Férié",D43="Férié"),AND(F43="OFF",D43="Congé"),AND(F43="OFF",D43="Congé sans solde"),AND(F43="OFF",D43="Congé spécial"),AND(F43="OFF",D43="Férié"),AND(F43="Congé",D43="OFF"),AND(F43="Congé",D43="Congé sans solde"),AND(F43="Congé",D43="Congé spécial"),AND(F43="Congé",D43="Férié"),AND(F43="Congé sans solde",D43="OFF"),AND(F43="Congé sans solde",D43="Congé"),AND(F43="Congé sans solde",D43="Congé spécial"),AND(F43="Congé sans solde",D43="Férié"),AND(F43="Congé spécial",D43="OFF"),AND(F43="Congé spécial",D43="Congé"),AND(F43="Congé spécial",D43="Congé sans solde"),AND(F43="Congé spécial",D43="Férié"),AND(F43="Férié",D43="OFF"),AND(F43="Férié",D43="Congé"),AND(F43="Férié",D43="Congé sans solde"),AND(F43="Férié",D43="Congé spécial")),0,IF(OR(F43="OFF",F43="Congé",F43="Congé spécial",F43="Congé sans solde",D43="OFF",D43="Congé",D43="Congé spécial",D43="Congé sans solde"),0.208333333333334,IF(AND(AG43="",F43-D43<0),("24:00:00"-D43)+("00:00:00"+F43)-0.0416666666666667,IF(AND(OR(AG43="Allaitement",AG43="Sans déjeuner"),F43-D43<0),("24:00:00"-D43)+("00:00:00"+F43),IF(AND(AG43="",F43-D43>0.166666666666667),F43-D43-0.0416666666666667,IF(AND(OR(AG43="Allaitement",AG43="Sans déjeuner"),F43-D43>0.166666666666667),F43-D43,F43-D43))))))) -> 0.375 | P43: Accesibilité | Q43: 44817 | R43: =IF(M43="Abs",O43,0) -> 0 | S43: =SUM(R43,L43,I43,J43,W43,H43) -> 0 | T43: ="Sem - "&WEEKNUM(Q43,21) -> Sem - 38 | U43: =PROPER(TEXT(Q43,"mmmm")) -> Septembre | V43: =+TEXT(Q43,"aaa") -> 2026 | X43: =IFERROR(IF(M43="Abs",0,IF((D43-C43+E43-F43)<0.000694444444444444,0,(D43-C43+E43-F43))),0) -> 0 | Y43: =VLOOKUP('CM-CIC'!B43,Annuaire_roster!B:F,4,0) -> OUBRAHIM Mohammed | Z43: Credit Mutuel | AA43: Forfaitaire | AB43: =IF(AND(D43="Congé",F43="Congé"),0.333333333333333,IF(OR(AND(D43="Congé",F43<>"Congé"),(AND(F43="Congé",D43<>"Congé"))),0.166666666666667,"")) | AC43: =IF(AND(D43="Congé sans solde",F43="Congé sans solde"),0.333333333333333,IF(OR(AND(D43="Congé sans solde",F43<>"Congé sans solde"),(AND(F43="Congé sans solde",D43<>"Congé sans solde"))),0.166666666666667,"")) | AD43: =IF(AND(D43="Congé spécial",F43="Congé spécial"),0.333333333333333,IF(OR(AND(D43="Congé spécial",F43<>"Congé décès"),(AND(F43="Congé spécial",D43<>"Congé spécial"))),0.166666666666667,"")) | AE43: =IF(AND(D43="Férié",F43="Férié"),0.333333333333333,IF(OR(AND(D43="Férié",F43<>"Férié"),(AND(F43="Férié",D43<>"Férié"))),0.166666666666667,""))
A44: =+VLOOKUP(B44,Annuaire_roster!B:G,5,0) -> 1278 | B44: LISSAOUI HIBA | C44: 0.32986111 | D44: 0.33333333 | E44: 0.75 | F44: 0.75 | K44: 0 | L44: 0 | M44: 0 | N44: =IFERROR(IF(OR(D44="OFF",D44="Congé",M44="Abs",D44="Congé sans solde",D44="Férié"),"",IF(O44-K44-L44>O44,O44,IF(O44-K44-L44<0,"",O44-K44-L44))),"") -> 0.375 | O44: =IF(AG44="2H Pause déjeuner",IF(F44-D44-0.0833333333333333<0,F44-D44-0.0833333333333333+1,F44-D44-0.0833333333333333),IF(OR(AND(F44="OFF",D44="OFF"),AND(F44="Congé",D44="Congé"),AND(F44="Congé sans solde",D44="Congé sans solde"),AND(F44="Congé spécial",D44="Congé spécial"),AND(F44="Férié",D44="Férié"),AND(F44="OFF",D44="Congé"),AND(F44="OFF",D44="Congé sans solde"),AND(F44="OFF",D44="Congé spécial"),AND(F44="OFF",D44="Férié"),AND(F44="Congé",D44="OFF"),AND(F44="Congé",D44="Congé sans solde"),AND(F44="Congé",D44="Congé spécial"),AND(F44="Congé",D44="Férié"),AND(F44="Congé sans solde",D44="OFF"),AND(F44="Congé sans solde",D44="Congé"),AND(F44="Congé sans solde",D44="Congé spécial"),AND(F44="Congé sans solde",D44="Férié"),AND(F44="Congé spécial",D44="OFF"),AND(F44="Congé spécial",D44="Congé"),AND(F44="Congé spécial",D44="Congé sans solde"),AND(F44="Congé spécial",D44="Férié"),AND(F44="Férié",D44="OFF"),AND(F44="Férié",D44="Congé"),AND(F44="Férié",D44="Congé sans solde"),AND(F44="Férié",D44="Congé spécial")),0,IF(OR(F44="OFF",F44="Congé",F44="Congé spécial",F44="Congé sans solde",D44="OFF",D44="Congé",D44="Congé spécial",D44="Congé sans solde"),0.208333333333334,IF(AND(AG44="",F44-D44<0),("24:00:00"-D44)+("00:00:00"+F44)-0.0416666666666667,IF(AND(OR(AG44="Allaitement",AG44="Sans déjeuner"),F44-D44<0),("24:00:00"-D44)+("00:00:00"+F44),IF(AND(AG44="",F44-D44>0.166666666666667),F44-D44-0.0416666666666667,IF(AND(OR(AG44="Allaitement",AG44="Sans déjeuner"),F44-D44>0.166666666666667),F44-D44,F44-D44))))))) -> 0.375 | P44: Accesibilité | Q44: 44818 | R44: =IF(M44="Abs",O44,0) -> 0 | S44: =SUM(R44,L44,I44,J44,W44,H44) -> 0 | T44: ="Sem - "&WEEKNUM(Q44,21) -> Sem - 38 | U44: =PROPER(TEXT(Q44,"mmmm")) -> Septembre | V44: =+TEXT(Q44,"aaa") -> 2026 | X44: =IFERROR(IF(M44="Abs",0,IF((D44-C44+E44-F44)<0.000694444444444444,0,(D44-C44+E44-F44))),0) -> 0.0034722222 | Y44: =VLOOKUP('CM-CIC'!B44,Annuaire_roster!B:F,4,0) -> OUBRAHIM Mohammed | Z44: Credit Mutuel | AA44: Forfaitaire | AB44: =IF(AND(D44="Congé",F44="Congé"),0.333333333333333,IF(OR(AND(D44="Congé",F44<>"Congé"),(AND(F44="Congé",D44<>"Congé"))),0.166666666666667,"")) | AC44: =IF(AND(D44="Congé sans solde",F44="Congé sans solde"),0.333333333333333,IF(OR(AND(D44="Congé sans solde",F44<>"Congé sans solde"),(AND(F44="Congé sans solde",D44<>"Congé sans solde"))),0.166666666666667,"")) | AD44: =IF(AND(D44="Congé spécial",F44="Congé spécial"),0.333333333333333,IF(OR(AND(D44="Congé spécial",F44<>"Congé décès"),(AND(F44="Congé spécial",D44<>"Congé spécial"))),0.166666666666667,"")) | AE44: =IF(AND(D44="Férié",F44="Férié"),0.333333333333333,IF(OR(AND(D44="Férié",F44<>"Férié"),(AND(F44="Férié",D44<>"Férié"))),0.166666666666667,""))
A45: =+VLOOKUP(B45,Annuaire_roster!B:G,5,0) -> 1265 | B45: RMAIDI IMAD | C45: 0.32986111 | D45: 0.33333333 | E45: 0.75 | F45: 0.75 | K45: 0 | L45: 0 | M45: 0 | N45: =IFERROR(IF(OR(D45="OFF",D45="Congé",M45="Abs",D45="Congé sans solde",D45="Férié"),"",IF(O45-K45-L45>O45,O45,IF(O45-K45-L45<0,"",O45-K45-L45))),"") -> 0.375 | O45: =IF(AG45="2H Pause déjeuner",IF(F45-D45-0.0833333333333333<0,F45-D45-0.0833333333333333+1,F45-D45-0.0833333333333333),IF(OR(AND(F45="OFF",D45="OFF"),AND(F45="Congé",D45="Congé"),AND(F45="Congé sans solde",D45="Congé sans solde"),AND(F45="Congé spécial",D45="Congé spécial"),AND(F45="Férié",D45="Férié"),AND(F45="OFF",D45="Congé"),AND(F45="OFF",D45="Congé sans solde"),AND(F45="OFF",D45="Congé spécial"),AND(F45="OFF",D45="Férié"),AND(F45="Congé",D45="OFF"),AND(F45="Congé",D45="Congé sans solde"),AND(F45="Congé",D45="Congé spécial"),AND(F45="Congé",D45="Férié"),AND(F45="Congé sans solde",D45="OFF"),AND(F45="Congé sans solde",D45="Congé"),AND(F45="Congé sans solde",D45="Congé spécial"),AND(F45="Congé sans solde",D45="Férié"),AND(F45="Congé spécial",D45="OFF"),AND(F45="Congé spécial",D45="Congé"),AND(F45="Congé spécial",D45="Congé sans solde"),AND(F45="Congé spécial",D45="Férié"),AND(F45="Férié",D45="OFF"),AND(F45="Férié",D45="Congé"),AND(F45="Férié",D45="Congé sans solde"),AND(F45="Férié",D45="Congé spécial")),0,IF(OR(F45="OFF",F45="Congé",F45="Congé spécial",F45="Congé sans solde",D45="OFF",D45="Congé",D45="Congé spécial",D45="Congé sans solde"),0.208333333333334,IF(AND(AG45="",F45-D45<0),("24:00:00"-D45)+("00:00:00"+F45)-0.0416666666666667,IF(AND(OR(AG45="Allaitement",AG45="Sans déjeuner"),F45-D45<0),("24:00:00"-D45)+("00:00:00"+F45),IF(AND(AG45="",F45-D45>0.166666666666667),F45-D45-0.0416666666666667,IF(AND(OR(AG45="Allaitement",AG45="Sans déjeuner"),F45-D45>0.166666666666667),F45-D45,F45-D45))))))) -> 0.375 | P45: Accesibilité | Q45: 44818 | R45: =IF(M45="Abs",O45,0) -> 0 | S45: =SUM(R45,L45,I45,J45,W45,H45) -> 0 | T45: ="Sem - "&WEEKNUM(Q45,21) -> Sem - 38 | U45: =PROPER(TEXT(Q45,"mmmm")) -> Septembre | V45: =+TEXT(Q45,"aaa") -> 2026 | X45: =IFERROR(IF(M45="Abs",0,IF((D45-C45+E45-F45)<0.000694444444444444,0,(D45-C45+E45-F45))),0) -> 0.0034722222 | Y45: =VLOOKUP('CM-CIC'!B45,Annuaire_roster!B:F,4,0) -> OUBRAHIM Mohammed | Z45: Credit Mutuel | AA45: Forfaitaire | AB45: =IF(AND(D45="Congé",F45="Congé"),0.333333333333333,IF(OR(AND(D45="Congé",F45<>"Congé"),(AND(F45="Congé",D45<>"Congé"))),0.166666666666667,"")) | AC45: =IF(AND(D45="Congé sans solde",F45="Congé sans solde"),0.333333333333333,IF(OR(AND(D45="Congé sans solde",F45<>"Congé sans solde"),(AND(F45="Congé sans solde",D45<>"Congé sans solde"))),0.166666666666667,"")) | AD45: =IF(AND(D45="Congé spécial",F45="Congé spécial"),0.333333333333333,IF(OR(AND(D45="Congé spécial",F45<>"Congé décès"),(AND(F45="Congé spécial",D45<>"Congé spécial"))),0.166666666666667,"")) | AE45: =IF(AND(D45="Férié",F45="Férié"),0.333333333333333,IF(OR(AND(D45="Férié",F45<>"Férié"),(AND(F45="Férié",D45<>"Férié"))),0.166666666666667,""))
A46: =+VLOOKUP(B46,Annuaire_roster!B:G,5,0) -> 1317 | B46: HAMDANI MOHAMED | C46: 0.33055556 | D46: 0.33333333 | E46: 0.75 | F46: 0.75 | K46: 0 | L46: 0 | M46: 0 | N46: =IFERROR(IF(OR(D46="OFF",D46="Congé",M46="Abs",D46="Congé sans solde",D46="Férié"),"",IF(O46-K46-L46>O46,O46,IF(O46-K46-L46<0,"",O46-K46-L46))),"") -> 0.375 | O46: =IF(AG46="2H Pause déjeuner",IF(F46-D46-0.0833333333333333<0,F46-D46-0.0833333333333333+1,F46-D46-0.0833333333333333),IF(OR(AND(F46="OFF",D46="OFF"),AND(F46="Congé",D46="Congé"),AND(F46="Congé sans solde",D46="Congé sans solde"),AND(F46="Congé spécial",D46="Congé spécial"),AND(F46="Férié",D46="Férié"),AND(F46="OFF",D46="Congé"),AND(F46="OFF",D46="Congé sans solde"),AND(F46="OFF",D46="Congé spécial"),AND(F46="OFF",D46="Férié"),AND(F46="Congé",D46="OFF"),AND(F46="Congé",D46="Congé sans solde"),AND(F46="Congé",D46="Congé spécial"),AND(F46="Congé",D46="Férié"),AND(F46="Congé sans solde",D46="OFF"),AND(F46="Congé sans solde",D46="Congé"),AND(F46="Congé sans solde",D46="Congé spécial"),AND(F46="Congé sans solde",D46="Férié"),AND(F46="Congé spécial",D46="OFF"),AND(F46="Congé spécial",D46="Congé"),AND(F46="Congé spécial",D46="Congé sans solde"),AND(F46="Congé spécial",D46="Férié"),AND(F46="Férié",D46="OFF"),AND(F46="Férié",D46="Congé"),AND(F46="Férié",D46="Congé sans solde"),AND(F46="Férié",D46="Congé spécial")),0,IF(OR(F46="OFF",F46="Congé",F46="Congé spécial",F46="Congé sans solde",D46="OFF",D46="Congé",D46="Congé spécial",D46="Congé sans solde"),0.208333333333334,IF(AND(AG46="",F46-D46<0),("24:00:00"-D46)+("00:00:00"+F46)-0.0416666666666667,IF(AND(OR(AG46="Allaitement",AG46="Sans déjeuner"),F46-D46<0),("24:00:00"-D46)+("00:00:00"+F46),IF(AND(AG46="",F46-D46>0.166666666666667),F46-D46-0.0416666666666667,IF(AND(OR(AG46="Allaitement",AG46="Sans déjeuner"),F46-D46>0.166666666666667),F46-D46,F46-D46))))))) -> 0.375 | P46: Accesibilité | Q46: 44818 | R46: =IF(M46="Abs",O46,0) -> 0 | S46: =SUM(R46,L46,I46,J46,W46,H46) -> 0 | T46: ="Sem - "&WEEKNUM(Q46,21) -> Sem - 38 | U46: =PROPER(TEXT(Q46,"mmmm")) -> Septembre | V46: =+TEXT(Q46,"aaa") -> 2026 | X46: =IFERROR(IF(M46="Abs",0,IF((D46-C46+E46-F46)<0.000694444444444444,0,(D46-C46+E46-F46))),0) -> 0.0027777778 | Y46: =VLOOKUP('CM-CIC'!B46,Annuaire_roster!B:F,4,0) -> OUBRAHIM Mohammed | Z46: Credit Mutuel | AA46: Forfaitaire | AB46: =IF(AND(D46="Congé",F46="Congé"),0.333333333333333,IF(OR(AND(D46="Congé",F46<>"Congé"),(AND(F46="Congé",D46<>"Congé"))),0.166666666666667,"")) | AC46: =IF(AND(D46="Congé sans solde",F46="Congé sans solde"),0.333333333333333,IF(OR(AND(D46="Congé sans solde",F46<>"Congé sans solde"),(AND(F46="Congé sans solde",D46<>"Congé sans solde"))),0.166666666666667,"")) | AD46: =IF(AND(D46="Congé spécial",F46="Congé spécial"),0.333333333333333,IF(OR(AND(D46="Congé spécial",F46<>"Congé décès"),(AND(F46="Congé spécial",D46<>"Congé spécial"))),0.166666666666667,"")) | AE46: =IF(AND(D46="Férié",F46="Férié"),0.333333333333333,IF(OR(AND(D46="Férié",F46<>"Férié"),(AND(F46="Férié",D46<>"Férié"))),0.166666666666667,""))
A47: =+VLOOKUP(B47,Annuaire_roster!B:G,5,0) -> 1278 | B47: LISSAOUI HIBA | C47: 0.33263889 | D47: 0.33333333 | E47: 0.75 | F47: 0.75 | K47: 0 | L47: 0 | M47: 0 | N47: =IFERROR(IF(OR(D47="OFF",D47="Congé",M47="Abs",D47="Congé sans solde",D47="Férié"),"",IF(O47-K47-L47>O47,O47,IF(O47-K47-L47<0,"",O47-K47-L47))),"") -> 0.375 | O47: =IF(AG47="2H Pause déjeuner",IF(F47-D47-0.0833333333333333<0,F47-D47-0.0833333333333333+1,F47-D47-0.0833333333333333),IF(OR(AND(F47="OFF",D47="OFF"),AND(F47="Congé",D47="Congé"),AND(F47="Congé sans solde",D47="Congé sans solde"),AND(F47="Congé spécial",D47="Congé spécial"),AND(F47="Férié",D47="Férié"),AND(F47="OFF",D47="Congé"),AND(F47="OFF",D47="Congé sans solde"),AND(F47="OFF",D47="Congé spécial"),AND(F47="OFF",D47="Férié"),AND(F47="Congé",D47="OFF"),AND(F47="Congé",D47="Congé sans solde"),AND(F47="Congé",D47="Congé spécial"),AND(F47="Congé",D47="Férié"),AND(F47="Congé sans solde",D47="OFF"),AND(F47="Congé sans solde",D47="Congé"),AND(F47="Congé sans solde",D47="Congé spécial"),AND(F47="Congé sans solde",D47="Férié"),AND(F47="Congé spécial",D47="OFF"),AND(F47="Congé spécial",D47="Congé"),AND(F47="Congé spécial",D47="Congé sans solde"),AND(F47="Congé spécial",D47="Férié"),AND(F47="Férié",D47="OFF"),AND(F47="Férié",D47="Congé"),AND(F47="Férié",D47="Congé sans solde"),AND(F47="Férié",D47="Congé spécial")),0,IF(OR(F47="OFF",F47="Congé",F47="Congé spécial",F47="Congé sans solde",D47="OFF",D47="Congé",D47="Congé spécial",D47="Congé sans solde"),0.208333333333334,IF(AND(AG47="",F47-D47<0),("24:00:00"-D47)+("00:00:00"+F47)-0.0416666666666667,IF(AND(OR(AG47="Allaitement",AG47="Sans déjeuner"),F47-D47<0),("24:00:00"-D47)+("00:00:00"+F47),IF(AND(AG47="",F47-D47>0.166666666666667),F47-D47-0.0416666666666667,IF(AND(OR(AG47="Allaitement",AG47="Sans déjeuner"),F47-D47>0.166666666666667),F47-D47,F47-D47))))))) -> 0.375 | P47: Accesibilité | Q47: 44819 | R47: =IF(M47="Abs",O47,0) -> 0 | S47: =SUM(R47,L47,I47,J47,W47,H47) -> 0 | T47: ="Sem - "&WEEKNUM(Q47,21) -> Sem - 38 | U47: =PROPER(TEXT(Q47,"mmmm")) -> Septembre | V47: =+TEXT(Q47,"aaa") -> 2026 | X47: =IFERROR(IF(M47="Abs",0,IF((D47-C47+E47-F47)<0.000694444444444444,0,(D47-C47+E47-F47))),0) -> 0 | Y47: =VLOOKUP('CM-CIC'!B47,Annuaire_roster!B:F,4,0) -> OUBRAHIM Mohammed | Z47: Credit Mutuel | AA47: Forfaitaire | AB47: =IF(AND(D47="Congé",F47="Congé"),0.333333333333333,IF(OR(AND(D47="Congé",F47<>"Congé"),(AND(F47="Congé",D47<>"Congé"))),0.166666666666667,"")) | AC47: =IF(AND(D47="Congé sans solde",F47="Congé sans solde"),0.333333333333333,IF(OR(AND(D47="Congé sans solde",F47<>"Congé sans solde"),(AND(F47="Congé sans solde",D47<>"Congé sans solde"))),0.166666666666667,"")) | AD47: =IF(AND(D47="Congé spécial",F47="Congé spécial"),0.333333333333333,IF(OR(AND(D47="Congé spécial",F47<>"Congé décès"),(AND(F47="Congé spécial",D47<>"Congé spécial"))),0.166666666666667,"")) | AE47: =IF(AND(D47="Férié",F47="Férié"),0.333333333333333,IF(OR(AND(D47="Férié",F47<>"Férié"),(AND(F47="Férié",D47<>"Férié"))),0.166666666666667,""))
A48: =+VLOOKUP(B48,Annuaire_roster!B:G,5,0) -> 1265 | B48: RMAIDI IMAD | C48: 0.33055556 | D48: 0.33333333 | E48: 0.75 | F48: 0.75 | K48: 0 | L48: 0 | M48: 0 | N48: =IFERROR(IF(OR(D48="OFF",D48="Congé",M48="Abs",D48="Congé sans solde",D48="Férié"),"",IF(O48-K48-L48>O48,O48,IF(O48-K48-L48<0,"",O48-K48-L48))),"") -> 0.375 | O48: =IF(AG48="2H Pause déjeuner",IF(F48-D48-0.0833333333333333<0,F48-D48-0.0833333333333333+1,F48-D48-0.0833333333333333),IF(OR(AND(F48="OFF",D48="OFF"),AND(F48="Congé",D48="Congé"),AND(F48="Congé sans solde",D48="Congé sans solde"),AND(F48="Congé spécial",D48="Congé spécial"),AND(F48="Férié",D48="Férié"),AND(F48="OFF",D48="Congé"),AND(F48="OFF",D48="Congé sans solde"),AND(F48="OFF",D48="Congé spécial"),AND(F48="OFF",D48="Férié"),AND(F48="Congé",D48="OFF"),AND(F48="Congé",D48="Congé sans solde"),AND(F48="Congé",D48="Congé spécial"),AND(F48="Congé",D48="Férié"),AND(F48="Congé sans solde",D48="OFF"),AND(F48="Congé sans solde",D48="Congé"),AND(F48="Congé sans solde",D48="Congé spécial"),AND(F48="Congé sans solde",D48="Férié"),AND(F48="Congé spécial",D48="OFF"),AND(F48="Congé spécial",D48="Congé"),AND(F48="Congé spécial",D48="Congé sans solde"),AND(F48="Congé spécial",D48="Férié"),AND(F48="Férié",D48="OFF"),AND(F48="Férié",D48="Congé"),AND(F48="Férié",D48="Congé sans solde"),AND(F48="Férié",D48="Congé spécial")),0,IF(OR(F48="OFF",F48="Congé",F48="Congé spécial",F48="Congé sans solde",D48="OFF",D48="Congé",D48="Congé spécial",D48="Congé sans solde"),0.208333333333334,IF(AND(AG48="",F48-D48<0),("24:00:00"-D48)+("00:00:00"+F48)-0.0416666666666667,IF(AND(OR(AG48="Allaitement",AG48="Sans déjeuner"),F48-D48<0),("24:00:00"-D48)+("00:00:00"+F48),IF(AND(AG48="",F48-D48>0.166666666666667),F48-D48-0.0416666666666667,IF(AND(OR(AG48="Allaitement",AG48="Sans déjeuner"),F48-D48>0.166666666666667),F48-D48,F48-D48))))))) -> 0.375 | P48: Accesibilité | Q48: 44819 | R48: =IF(M48="Abs",O48,0) -> 0 | S48: =SUM(R48,L48,I48,J48,W48,H48) -> 0 | T48: ="Sem - "&WEEKNUM(Q48,21) -> Sem - 38 | U48: =PROPER(TEXT(Q48,"mmmm")) -> Septembre | V48: =+TEXT(Q48,"aaa") -> 2026 | X48: =IFERROR(IF(M48="Abs",0,IF((D48-C48+E48-F48)<0.000694444444444444,0,(D48-C48+E48-F48))),0) -> 0.0027777778 | Y48: =VLOOKUP('CM-CIC'!B48,Annuaire_roster!B:F,4,0) -> OUBRAHIM Mohammed | Z48: Credit Mutuel | AA48: Forfaitaire | AB48: =IF(AND(D48="Congé",F48="Congé"),0.333333333333333,IF(OR(AND(D48="Congé",F48<>"Congé"),(AND(F48="Congé",D48<>"Congé"))),0.166666666666667,"")) | AC48: =IF(AND(D48="Congé sans solde",F48="Congé sans solde"),0.333333333333333,IF(OR(AND(D48="Congé sans solde",F48<>"Congé sans solde"),(AND(F48="Congé sans solde",D48<>"Congé sans solde"))),0.166666666666667,"")) | AD48: =IF(AND(D48="Congé spécial",F48="Congé spécial"),0.333333333333333,IF(OR(AND(D48="Congé spécial",F48<>"Congé décès"),(AND(F48="Congé spécial",D48<>"Congé spécial"))),0.166666666666667,"")) | AE48: =IF(AND(D48="Férié",F48="Férié"),0.333333333333333,IF(OR(AND(D48="Férié",F48<>"Férié"),(AND(F48="Férié",D48<>"Férié"))),0.166666666666667,""))
A49: =+VLOOKUP(B49,Annuaire_roster!B:G,5,0) -> 1317 | B49: HAMDANI MOHAMED | C49: 0.33055556 | D49: 0.33333333 | E49: 0.75 | F49: 0.75 | K49: 0 | L49: 0 | M49: 0 | N49: =IFERROR(IF(OR(D49="OFF",D49="Congé",M49="Abs",D49="Congé sans solde",D49="Férié"),"",IF(O49-K49-L49>O49,O49,IF(O49-K49-L49<0,"",O49-K49-L49))),"") -> 0.375 | O49: =IF(AG49="2H Pause déjeuner",IF(F49-D49-0.0833333333333333<0,F49-D49-0.0833333333333333+1,F49-D49-0.0833333333333333),IF(OR(AND(F49="OFF",D49="OFF"),AND(F49="Congé",D49="Congé"),AND(F49="Congé sans solde",D49="Congé sans solde"),AND(F49="Congé spécial",D49="Congé spécial"),AND(F49="Férié",D49="Férié"),AND(F49="OFF",D49="Congé"),AND(F49="OFF",D49="Congé sans solde"),AND(F49="OFF",D49="Congé spécial"),AND(F49="OFF",D49="Férié"),AND(F49="Congé",D49="OFF"),AND(F49="Congé",D49="Congé sans solde"),AND(F49="Congé",D49="Congé spécial"),AND(F49="Congé",D49="Férié"),AND(F49="Congé sans solde",D49="OFF"),AND(F49="Congé sans solde",D49="Congé"),AND(F49="Congé sans solde",D49="Congé spécial"),AND(F49="Congé sans solde",D49="Férié"),AND(F49="Congé spécial",D49="OFF"),AND(F49="Congé spécial",D49="Congé"),AND(F49="Congé spécial",D49="Congé sans solde"),AND(F49="Congé spécial",D49="Férié"),AND(F49="Férié",D49="OFF"),AND(F49="Férié",D49="Congé"),AND(F49="Férié",D49="Congé sans solde"),AND(F49="Férié",D49="Congé spécial")),0,IF(OR(F49="OFF",F49="Congé",F49="Congé spécial",F49="Congé sans solde",D49="OFF",D49="Congé",D49="Congé spécial",D49="Congé sans solde"),0.208333333333334,IF(AND(AG49="",F49-D49<0),("24:00:00"-D49)+("00:00:00"+F49)-0.0416666666666667,IF(AND(OR(AG49="Allaitement",AG49="Sans déjeuner"),F49-D49<0),("24:00:00"-D49)+("00:00:00"+F49),IF(AND(AG49="",F49-D49>0.166666666666667),F49-D49-0.0416666666666667,IF(AND(OR(AG49="Allaitement",AG49="Sans déjeuner"),F49-D49>0.166666666666667),F49-D49,F49-D49))))))) -> 0.375 | P49: Accesibilité | Q49: 44819 | R49: =IF(M49="Abs",O49,0) -> 0 | S49: =SUM(R49,L49,I49,J49,W49,H49) -> 0 | T49: ="Sem - "&WEEKNUM(Q49,21) -> Sem - 38 | U49: =PROPER(TEXT(Q49,"mmmm")) -> Septembre | V49: =+TEXT(Q49,"aaa") -> 2026 | X49: =IFERROR(IF(M49="Abs",0,IF((D49-C49+E49-F49)<0.000694444444444444,0,(D49-C49+E49-F49))),0) -> 0.0027777778 | Y49: =VLOOKUP('CM-CIC'!B49,Annuaire_roster!B:F,4,0) -> OUBRAHIM Mohammed | Z49: Credit Mutuel | AA49: Forfaitaire | AB49: =IF(AND(D49="Congé",F49="Congé"),0.333333333333333,IF(OR(AND(D49="Congé",F49<>"Congé"),(AND(F49="Congé",D49<>"Congé"))),0.166666666666667,"")) | AC49: =IF(AND(D49="Congé sans solde",F49="Congé sans solde"),0.333333333333333,IF(OR(AND(D49="Congé sans solde",F49<>"Congé sans solde"),(AND(F49="Congé sans solde",D49<>"Congé sans solde"))),0.166666666666667,"")) | AD49: =IF(AND(D49="Congé spécial",F49="Congé spécial"),0.333333333333333,IF(OR(AND(D49="Congé spécial",F49<>"Congé décès"),(AND(F49="Congé spécial",D49<>"Congé spécial"))),0.166666666666667,"")) | AE49: =IF(AND(D49="Férié",F49="Férié"),0.333333333333333,IF(OR(AND(D49="Férié",F49<>"Férié"),(AND(F49="Férié",D49<>"Férié"))),0.166666666666667,""))
A50: =+VLOOKUP(B50,Annuaire_roster!B:G,5,0) -> 1278 | B50: LISSAOUI HIBA | C50: 0.33055556 | D50: 0.33333333 | E50: 0.75 | F50: 0.75 | K50: 0 | L50: 0 | M50: 0 | N50: =IFERROR(IF(OR(D50="OFF",D50="Congé",M50="Abs",D50="Congé sans solde",D50="Férié"),"",IF(O50-K50-L50>O50,O50,IF(O50-K50-L50<0,"",O50-K50-L50))),"") -> 0.375 | O50: =IF(AG50="2H Pause déjeuner",IF(F50-D50-0.0833333333333333<0,F50-D50-0.0833333333333333+1,F50-D50-0.0833333333333333),IF(OR(AND(F50="OFF",D50="OFF"),AND(F50="Congé",D50="Congé"),AND(F50="Congé sans solde",D50="Congé sans solde"),AND(F50="Congé spécial",D50="Congé spécial"),AND(F50="Férié",D50="Férié"),AND(F50="OFF",D50="Congé"),AND(F50="OFF",D50="Congé sans solde"),AND(F50="OFF",D50="Congé spécial"),AND(F50="OFF",D50="Férié"),AND(F50="Congé",D50="OFF"),AND(F50="Congé",D50="Congé sans solde"),AND(F50="Congé",D50="Congé spécial"),AND(F50="Congé",D50="Férié"),AND(F50="Congé sans solde",D50="OFF"),AND(F50="Congé sans solde",D50="Congé"),AND(F50="Congé sans solde",D50="Congé spécial"),AND(F50="Congé sans solde",D50="Férié"),AND(F50="Congé spécial",D50="OFF"),AND(F50="Congé spécial",D50="Congé"),AND(F50="Congé spécial",D50="Congé sans solde"),AND(F50="Congé spécial",D50="Férié"),AND(F50="Férié",D50="OFF"),AND(F50="Férié",D50="Congé"),AND(F50="Férié",D50="Congé sans solde"),AND(F50="Férié",D50="Congé spécial")),0,IF(OR(F50="OFF",F50="Congé",F50="Congé spécial",F50="Congé sans solde",D50="OFF",D50="Congé",D50="Congé spécial",D50="Congé sans solde"),0.208333333333334,IF(AND(AG50="",F50-D50<0),("24:00:00"-D50)+("00:00:00"+F50)-0.0416666666666667,IF(AND(OR(AG50="Allaitement",AG50="Sans déjeuner"),F50-D50<0),("24:00:00"-D50)+("00:00:00"+F50),IF(AND(AG50="",F50-D50>0.166666666666667),F50-D50-0.0416666666666667,IF(AND(OR(AG50="Allaitement",AG50="Sans déjeuner"),F50-D50>0.166666666666667),F50-D50,F50-D50))))))) -> 0.375 | P50: Accesibilité | Q50: 44820 | R50: =IF(M50="Abs",O50,0) -> 0 | S50: =SUM(R50,L50,I50,J50,W50,H50) -> 0 | T50: ="Sem - "&WEEKNUM(Q50,21) -> Sem - 38 | U50: =PROPER(TEXT(Q50,"mmmm")) -> Septembre | V50: =+TEXT(Q50,"aaa") -> 2026 | X50: =IFERROR(IF(M50="Abs",0,IF((D50-C50+E50-F50)<0.000694444444444444,0,(D50-C50+E50-F50))),0) -> 0.0027777778 | Y50: =VLOOKUP('CM-CIC'!B50,Annuaire_roster!B:F,4,0) -> OUBRAHIM Mohammed | Z50: Credit Mutuel | AA50: Forfaitaire | AB50: =IF(AND(D50="Congé",F50="Congé"),0.333333333333333,IF(OR(AND(D50="Congé",F50<>"Congé"),(AND(F50="Congé",D50<>"Congé"))),0.166666666666667,"")) | AC50: =IF(AND(D50="Congé sans solde",F50="Congé sans solde"),0.333333333333333,IF(OR(AND(D50="Congé sans solde",F50<>"Congé sans solde"),(AND(F50="Congé sans solde",D50<>"Congé sans solde"))),0.166666666666667,"")) | AD50: =IF(AND(D50="Congé spécial",F50="Congé spécial"),0.333333333333333,IF(OR(AND(D50="Congé spécial",F50<>"Congé décès"),(AND(F50="Congé spécial",D50<>"Congé spécial"))),0.166666666666667,"")) | AE50: =IF(AND(D50="Férié",F50="Férié"),0.333333333333333,IF(OR(AND(D50="Férié",F50<>"Férié"),(AND(F50="Férié",D50<>"Férié"))),0.166666666666667,""))
A51: =+VLOOKUP(B51,Annuaire_roster!B:G,5,0) -> 1265 | B51: RMAIDI IMAD | C51: 0.32986111 | D51: 0.33333333 | E51: 0.75 | F51: 0.75 | K51: 0 | L51: 0 | M51: 0 | N51: =IFERROR(IF(OR(D51="OFF",D51="Congé",M51="Abs",D51="Congé sans solde",D51="Férié"),"",IF(O51-K51-L51>O51,O51,IF(O51-K51-L51<0,"",O51-K51-L51))),"") -> 0.375 | O51: =IF(AG51="2H Pause déjeuner",IF(F51-D51-0.0833333333333333<0,F51-D51-0.0833333333333333+1,F51-D51-0.0833333333333333),IF(OR(AND(F51="OFF",D51="OFF"),AND(F51="Congé",D51="Congé"),AND(F51="Congé sans solde",D51="Congé sans solde"),AND(F51="Congé spécial",D51="Congé spécial"),AND(F51="Férié",D51="Férié"),AND(F51="OFF",D51="Congé"),AND(F51="OFF",D51="Congé sans solde"),AND(F51="OFF",D51="Congé spécial"),AND(F51="OFF",D51="Férié"),AND(F51="Congé",D51="OFF"),AND(F51="Congé",D51="Congé sans solde"),AND(F51="Congé",D51="Congé spécial"),AND(F51="Congé",D51="Férié"),AND(F51="Congé sans solde",D51="OFF"),AND(F51="Congé sans solde",D51="Congé"),AND(F51="Congé sans solde",D51="Congé spécial"),AND(F51="Congé sans solde",D51="Férié"),AND(F51="Congé spécial",D51="OFF"),AND(F51="Congé spécial",D51="Congé"),AND(F51="Congé spécial",D51="Congé sans solde"),AND(F51="Congé spécial",D51="Férié"),AND(F51="Férié",D51="OFF"),AND(F51="Férié",D51="Congé"),AND(F51="Férié",D51="Congé sans solde"),AND(F51="Férié",D51="Congé spécial")),0,IF(OR(F51="OFF",F51="Congé",F51="Congé spécial",F51="Congé sans solde",D51="OFF",D51="Congé",D51="Congé spécial",D51="Congé sans solde"),0.208333333333334,IF(AND(AG51="",F51-D51<0),("24:00:00"-D51)+("00:00:00"+F51)-0.0416666666666667,IF(AND(OR(AG51="Allaitement",AG51="Sans déjeuner"),F51-D51<0),("24:00:00"-D51)+("00:00:00"+F51),IF(AND(AG51="",F51-D51>0.166666666666667),F51-D51-0.0416666666666667,IF(AND(OR(AG51="Allaitement",AG51="Sans déjeuner"),F51-D51>0.166666666666667),F51-D51,F51-D51))))))) -> 0.375 | P51: Accesibilité | Q51: 44820 | R51: =IF(M51="Abs",O51,0) -> 0 | S51: =SUM(R51,L51,I51,J51,W51,H51) -> 0 | T51: ="Sem - "&WEEKNUM(Q51,21) -> Sem - 38 | U51: =PROPER(TEXT(Q51,"mmmm")) -> Septembre | V51: =+TEXT(Q51,"aaa") -> 2026 | X51: =IFERROR(IF(M51="Abs",0,IF((D51-C51+E51-F51)<0.000694444444444444,0,(D51-C51+E51-F51))),0) -> 0.0034722222 | Y51: =VLOOKUP('CM-CIC'!B51,Annuaire_roster!B:F,4,0) -> OUBRAHIM Mohammed | Z51: Credit Mutuel | AA51: Forfaitaire | AB51: =IF(AND(D51="Congé",F51="Congé"),0.333333333333333,IF(OR(AND(D51="Congé",F51<>"Congé"),(AND(F51="Congé",D51<>"Congé"))),0.166666666666667,"")) | AC51: =IF(AND(D51="Congé sans solde",F51="Congé sans solde"),0.333333333333333,IF(OR(AND(D51="Congé sans solde",F51<>"Congé sans solde"),(AND(F51="Congé sans solde",D51<>"Congé sans solde"))),0.166666666666667,"")) | AD51: =IF(AND(D51="Congé spécial",F51="Congé spécial"),0.333333333333333,IF(OR(AND(D51="Congé spécial",F51<>"Congé décès"),(AND(F51="Congé spécial",D51<>"Congé spécial"))),0.166666666666667,"")) | AE51: =IF(AND(D51="Férié",F51="Férié"),0.333333333333333,IF(OR(AND(D51="Férié",F51<>"Férié"),(AND(F51="Férié",D51<>"Férié"))),0.166666666666667,""))
A52: =+VLOOKUP(B52,Annuaire_roster!B:G,5,0) -> 1317 | B52: HAMDANI MOHAMED | C52: 0.33194444 | D52: 0.33333333 | E52: 0.75 | F52: 0.75 | K52: 0 | L52: 0 | M52: 0 | N52: =IFERROR(IF(OR(D52="OFF",D52="Congé",M52="Abs",D52="Congé sans solde",D52="Férié"),"",IF(O52-K52-L52>O52,O52,IF(O52-K52-L52<0,"",O52-K52-L52))),"") -> 0.375 | O52: =IF(AG52="2H Pause déjeuner",IF(F52-D52-0.0833333333333333<0,F52-D52-0.0833333333333333+1,F52-D52-0.0833333333333333),IF(OR(AND(F52="OFF",D52="OFF"),AND(F52="Congé",D52="Congé"),AND(F52="Congé sans solde",D52="Congé sans solde"),AND(F52="Congé spécial",D52="Congé spécial"),AND(F52="Férié",D52="Férié"),AND(F52="OFF",D52="Congé"),AND(F52="OFF",D52="Congé sans solde"),AND(F52="OFF",D52="Congé spécial"),AND(F52="OFF",D52="Férié"),AND(F52="Congé",D52="OFF"),AND(F52="Congé",D52="Congé sans solde"),AND(F52="Congé",D52="Congé spécial"),AND(F52="Congé",D52="Férié"),AND(F52="Congé sans solde",D52="OFF"),AND(F52="Congé sans solde",D52="Congé"),AND(F52="Congé sans solde",D52="Congé spécial"),AND(F52="Congé sans solde",D52="Férié"),AND(F52="Congé spécial",D52="OFF"),AND(F52="Congé spécial",D52="Congé"),AND(F52="Congé spécial",D52="Congé sans solde"),AND(F52="Congé spécial",D52="Férié"),AND(F52="Férié",D52="OFF"),AND(F52="Férié",D52="Congé"),AND(F52="Férié",D52="Congé sans solde"),AND(F52="Férié",D52="Congé spécial")),0,IF(OR(F52="OFF",F52="Congé",F52="Congé spécial",F52="Congé sans solde",D52="OFF",D52="Congé",D52="Congé spécial",D52="Congé sans solde"),0.208333333333334,IF(AND(AG52="",F52-D52<0),("24:00:00"-D52)+("00:00:00"+F52)-0.0416666666666667,IF(AND(OR(AG52="Allaitement",AG52="Sans déjeuner"),F52-D52<0),("24:00:00"-D52)+("00:00:00"+F52),IF(AND(AG52="",F52-D52>0.166666666666667),F52-D52-0.0416666666666667,IF(AND(OR(AG52="Allaitement",AG52="Sans déjeuner"),F52-D52>0.166666666666667),F52-D52,F52-D52))))))) -> 0.375 | P52: Accesibilité | Q52: 44820 | R52: =IF(M52="Abs",O52,0) -> 0 | S52: =SUM(R52,L52,I52,J52,W52,H52) -> 0 | T52: ="Sem - "&WEEKNUM(Q52,21) -> Sem - 38 | U52: =PROPER(TEXT(Q52,"mmmm")) -> Septembre | V52: =+TEXT(Q52,"aaa") -> 2026 | X52: =IFERROR(IF(M52="Abs",0,IF((D52-C52+E52-F52)<0.000694444444444444,0,(D52-C52+E52-F52))),0) -> 0.0013888889 | Y52: =VLOOKUP('CM-CIC'!B52,Annuaire_roster!B:F,4,0) -> OUBRAHIM Mohammed | Z52: Credit Mutuel | AA52: Forfaitaire | AB52: =IF(AND(D52="Congé",F52="Congé"),0.333333333333333,IF(OR(AND(D52="Congé",F52<>"Congé"),(AND(F52="Congé",D52<>"Congé"))),0.166666666666667,"")) | AC52: =IF(AND(D52="Congé sans solde",F52="Congé sans solde"),0.333333333333333,IF(OR(AND(D52="Congé sans solde",F52<>"Congé sans solde"),(AND(F52="Congé sans solde",D52<>"Congé sans solde"))),0.166666666666667,"")) | AD52: =IF(AND(D52="Congé spécial",F52="Congé spécial"),0.333333333333333,IF(OR(AND(D52="Congé spécial",F52<>"Congé décès"),(AND(F52="Congé spécial",D52<>"Congé spécial"))),0.166666666666667,"")) | AE52: =IF(AND(D52="Férié",F52="Férié"),0.333333333333333,IF(OR(AND(D52="Férié",F52<>"Férié"),(AND(F52="Férié",D52<>"Férié"))),0.166666666666667,""))
A53: =+VLOOKUP(B53,Annuaire_roster!B:G,5,0) -> 1278 | B53: LISSAOUI HIBA | C53: 0.33333333 | D53: 0.33333333 | E53: 0.70833333 | F53: 0.70833333 | K53: 0 | L53: 0 | M53: 0 | N53: =IFERROR(IF(OR(D53="OFF",D53="Congé",M53="Abs",D53="Congé sans solde",D53="Férié"),"",IF(O53-K53-L53>O53,O53,IF(O53-K53-L53<0,"",O53-K53-L53))),"") -> 0.33333333 | O53: =IF(AG53="2H Pause déjeuner",IF(F53-D53-0.0833333333333333<0,F53-D53-0.0833333333333333+1,F53-D53-0.0833333333333333),IF(OR(AND(F53="OFF",D53="OFF"),AND(F53="Congé",D53="Congé"),AND(F53="Congé sans solde",D53="Congé sans solde"),AND(F53="Congé spécial",D53="Congé spécial"),AND(F53="Férié",D53="Férié"),AND(F53="OFF",D53="Congé"),AND(F53="OFF",D53="Congé sans solde"),AND(F53="OFF",D53="Congé spécial"),AND(F53="OFF",D53="Férié"),AND(F53="Congé",D53="OFF"),AND(F53="Congé",D53="Congé sans solde"),AND(F53="Congé",D53="Congé spécial"),AND(F53="Congé",D53="Férié"),AND(F53="Congé sans solde",D53="OFF"),AND(F53="Congé sans solde",D53="Congé"),AND(F53="Congé sans solde",D53="Congé spécial"),AND(F53="Congé sans solde",D53="Férié"),AND(F53="Congé spécial",D53="OFF"),AND(F53="Congé spécial",D53="Congé"),AND(F53="Congé spécial",D53="Congé sans solde"),AND(F53="Congé spécial",D53="Férié"),AND(F53="Férié",D53="OFF"),AND(F53="Férié",D53="Congé"),AND(F53="Férié",D53="Congé sans solde"),AND(F53="Férié",D53="Congé spécial")),0,IF(OR(F53="OFF",F53="Congé",F53="Congé spécial",F53="Congé sans solde",D53="OFF",D53="Congé",D53="Congé spécial",D53="Congé sans solde"),0.208333333333334,IF(AND(AG53="",F53-D53<0),("24:00:00"-D53)+("00:00:00"+F53)-0.0416666666666667,IF(AND(OR(AG53="Allaitement",AG53="Sans déjeuner"),F53-D53<0),("24:00:00"-D53)+("00:00:00"+F53),IF(AND(AG53="",F53-D53>0.166666666666667),F53-D53-0.0416666666666667,IF(AND(OR(AG53="Allaitement",AG53="Sans déjeuner"),F53-D53>0.166666666666667),F53-D53,F53-D53))))))) -> 0.33333333 | P53: Accesibilité | Q53: 44821 | R53: =IF(M53="Abs",O53,0) -> 0 | S53: =SUM(R53,L53,I53,J53,W53,H53) -> 0 | T53: ="Sem - "&WEEKNUM(Q53,21) -> Sem - 38 | U53: =PROPER(TEXT(Q53,"mmmm")) -> Septembre | V53: =+TEXT(Q53,"aaa") -> 2026 | X53: =IFERROR(IF(M53="Abs",0,IF((D53-C53+E53-F53)<0.000694444444444444,0,(D53-C53+E53-F53))),0) -> 0 | Y53: =VLOOKUP('CM-CIC'!B53,Annuaire_roster!B:F,4,0) -> OUBRAHIM Mohammed | Z53: Credit Mutuel | AA53: Forfaitaire | AB53: =IF(AND(D53="Congé",F53="Congé"),0.333333333333333,IF(OR(AND(D53="Congé",F53<>"Congé"),(AND(F53="Congé",D53<>"Congé"))),0.166666666666667,"")) | AC53: =IF(AND(D53="Congé sans solde",F53="Congé sans solde"),0.333333333333333,IF(OR(AND(D53="Congé sans solde",F53<>"Congé sans solde"),(AND(F53="Congé sans solde",D53<>"Congé sans solde"))),0.166666666666667,"")) | AD53: =IF(AND(D53="Congé spécial",F53="Congé spécial"),0.333333333333333,IF(OR(AND(D53="Congé spécial",F53<>"Congé décès"),(AND(F53="Congé spécial",D53<>"Congé spécial"))),0.166666666666667,"")) | AE53: =IF(AND(D53="Férié",F53="Férié"),0.333333333333333,IF(OR(AND(D53="Férié",F53<>"Férié"),(AND(F53="Férié",D53<>"Férié"))),0.166666666666667,""))
... A55: =+VLOOKUP(B55,Annuaire_roster!B:G,5,0) -> 1317 | B55: HAMDANI MOHAMED | C55: 0.33333333 | D55: 0.33333333 | E55: 0.70833333 | F55: 0.70833333 | K55: 0 | L55: 0 | M55: 0 | N55: =IFERROR(IF(OR(D55="OFF",D55="Congé",M55="Abs",D55="Congé sans solde",D55="Férié"),"",IF(O55-K55-L55>O55,O55,IF(O55-K55-L55<0,"",O55-K55-L55))),"") -> 0.33333333 | O55: =IF(AG55="2H Pause déjeuner",IF(F55-D55-0.0833333333333333<0,F55-D55-0.0833333333333333+1,F55-D55-0.0833333333333333),IF(OR(AND(F55="OFF",D55="OFF"),AND(F55="Congé",D55="Congé"),AND(F55="Congé sans solde",D55="Congé sans solde"),AND(F55="Congé spécial",D55="Congé spécial"),AND(F55="Férié",D55="Férié"),AND(F55="OFF",D55="Congé"),AND(F55="OFF",D55="Congé sans solde"),AND(F55="OFF",D55="Congé spécial"),AND(F55="OFF",D55="Férié"),AND(F55="Congé",D55="OFF"),AND(F55="Congé",D55="Congé sans solde"),AND(F55="Congé",D55="Congé spécial"),AND(F55="Congé",D55="Férié"),AND(F55="Congé sans solde",D55="OFF"),AND(F55="Congé sans solde",D55="Congé"),AND(F55="Congé sans solde",D55="Congé spécial"),AND(F55="Congé sans solde",D55="Férié"),AND(F55="Congé spécial",D55="OFF"),AND(F55="Congé spécial",D55="Congé"),AND(F55="Congé spécial",D55="Congé sans solde"),AND(F55="Congé spécial",D55="Férié"),AND(F55="Férié",D55="OFF"),AND(F55="Férié",D55="Congé"),AND(F55="Férié",D55="Congé sans solde"),AND(F55="Férié",D55="Congé spécial")),0,IF(OR(F55="OFF",F55="Congé",F55="Congé spécial",F55="Congé sans solde",D55="OFF",D55="Congé",D55="Congé spécial",D55="Congé sans solde"),0.208333333333334,IF(AND(AG55="",F55-D55<0),("24:00:00"-D55)+("00:00:00"+F55)-0.0416666666666667,IF(AND(OR(AG55="Allaitement",AG55="Sans déjeuner"),F55-D55<0),("24:00:00"-D55)+("00:00:00"+F55),IF(AND(AG55="",F55-D55>0.166666666666667),F55-D55-0.0416666666666667,IF(AND(OR(AG55="Allaitement",AG55="Sans déjeuner"),F55-D55>0.166666666666667),F55-D55,F55-D55))))))) -> 0.33333333 | P55: Accesibilité | Q55: 44821 | R55: =IF(M55="Abs",O55,0) -> 0 | S55: =SUM(R55,L55,I55,J55,W55,H55) -> 0 | T55: ="Sem - "&WEEKNUM(Q55,21) -> Sem - 38 | U55: =PROPER(TEXT(Q55,"mmmm")) -> Septembre | V55: =+TEXT(Q55,"aaa") -> 2026 | X55: =IFERROR(IF(M55="Abs",0,IF((D55-C55+E55-F55)<0.000694444444444444,0,(D55-C55+E55-F55))),0) -> 0 | Y55: =VLOOKUP('CM-CIC'!B55,Annuaire_roster!B:F,4,0) -> OUBRAHIM Mohammed | Z55: Credit Mutuel | AA55: Forfaitaire | AB55: =IF(AND(D55="Congé",F55="Congé"),0.333333333333333,IF(OR(AND(D55="Congé",F55<>"Congé"),(AND(F55="Congé",D55<>"Congé"))),0.166666666666667,"")) | AC55: =IF(AND(D55="Congé sans solde",F55="Congé sans solde"),0.333333333333333,IF(OR(AND(D55="Congé sans solde",F55<>"Congé sans solde"),(AND(F55="Congé sans solde",D55<>"Congé sans solde"))),0.166666666666667,"")) | AD55: =IF(AND(D55="Congé spécial",F55="Congé spécial"),0.333333333333333,IF(OR(AND(D55="Congé spécial",F55<>"Congé décès"),(AND(F55="Congé spécial",D55<>"Congé spécial"))),0.166666666666667,"")) | AE55: =IF(AND(D55="Férié",F55="Férié"),0.333333333333333,IF(OR(AND(D55="Férié",F55<>"Férié"),(AND(F55="Férié",D55<>"Férié"))),0.166666666666667,""))
A56: =+VLOOKUP(B56,Annuaire_roster!B:G,5,0) -> 1278 | B56: LISSAOUI HIBA | D56: OFF | F56: OFF | K56: 0 | L56: 0 | M56: 0 | N56: =IFERROR(IF(OR(D56="OFF",D56="Congé",M56="Abs",D56="Congé sans solde",D56="Férié"),"",IF(O56-K56-L56>O56,O56,IF(O56-K56-L56<0,"",O56-K56-L56))),"") | O56: =IF(AG56="2H Pause déjeuner",IF(F56-D56-0.0833333333333333<0,F56-D56-0.0833333333333333+1,F56-D56-0.0833333333333333),IF(OR(AND(F56="OFF",D56="OFF"),AND(F56="Congé",D56="Congé"),AND(F56="Congé sans solde",D56="Congé sans solde"),AND(F56="Congé spécial",D56="Congé spécial"),AND(F56="Férié",D56="Férié"),AND(F56="OFF",D56="Congé"),AND(F56="OFF",D56="Congé sans solde"),AND(F56="OFF",D56="Congé spécial"),AND(F56="OFF",D56="Férié"),AND(F56="Congé",D56="OFF"),AND(F56="Congé",D56="Congé sans solde"),AND(F56="Congé",D56="Congé spécial"),AND(F56="Congé",D56="Férié"),AND(F56="Congé sans solde",D56="OFF"),AND(F56="Congé sans solde",D56="Congé"),AND(F56="Congé sans solde",D56="Congé spécial"),AND(F56="Congé sans solde",D56="Férié"),AND(F56="Congé spécial",D56="OFF"),AND(F56="Congé spécial",D56="Congé"),AND(F56="Congé spécial",D56="Congé sans solde"),AND(F56="Congé spécial",D56="Férié"),AND(F56="Férié",D56="OFF"),AND(F56="Férié",D56="Congé"),AND(F56="Férié",D56="Congé sans solde"),AND(F56="Férié",D56="Congé spécial")),0,IF(OR(F56="OFF",F56="Congé",F56="Congé spécial",F56="Congé sans solde",D56="OFF",D56="Congé",D56="Congé spécial",D56="Congé sans solde"),0.208333333333334,IF(AND(AG56="",F56-D56<0),("24:00:00"-D56)+("00:00:00"+F56)-0.0416666666666667,IF(AND(OR(AG56="Allaitement",AG56="Sans déjeuner"),F56-D56<0),("24:00:00"-D56)+("00:00:00"+F56),IF(AND(AG56="",F56-D56>0.166666666666667),F56-D56-0.0416666666666667,IF(AND(OR(AG56="Allaitement",AG56="Sans déjeuner"),F56-D56>0.166666666666667),F56-D56,F56-D56))))))) -> 0 | P56: Accesibilité | Q56: 44822 | R56: =IF(M56="Abs",O56,0) -> 0 | S56: =SUM(R56,L56,I56,J56,W56,H56) -> 0 | T56: ="Sem - "&WEEKNUM(Q56,21) -> Sem - 38 | U56: =PROPER(TEXT(Q56,"mmmm")) -> Septembre | V56: =+TEXT(Q56,"aaa") -> 2026 | X56: =IFERROR(IF(M56="Abs",0,IF((D56-C56+E56-F56)<0.000694444444444444,0,(D56-C56+E56-F56))),0) -> 0 | Y56: =VLOOKUP('CM-CIC'!B56,Annuaire_roster!B:F,4,0) -> OUBRAHIM Mohammed | Z56: Credit Mutuel | AA56: Forfaitaire | AB56: =IF(AND(D56="Congé",F56="Congé"),0.333333333333333,IF(OR(AND(D56="Congé",F56<>"Congé"),(AND(F56="Congé",D56<>"Congé"))),0.166666666666667,"")) | AC56: =IF(AND(D56="Congé sans solde",F56="Congé sans solde"),0.333333333333333,IF(OR(AND(D56="Congé sans solde",F56<>"Congé sans solde"),(AND(F56="Congé sans solde",D56<>"Congé sans solde"))),0.166666666666667,"")) | AD56: =IF(AND(D56="Congé spécial",F56="Congé spécial"),0.333333333333333,IF(OR(AND(D56="Congé spécial",F56<>"Congé décès"),(AND(F56="Congé spécial",D56<>"Congé spécial"))),0.166666666666667,"")) | AE56: =IF(AND(D56="Férié",F56="Férié"),0.333333333333333,IF(OR(AND(D56="Férié",F56<>"Férié"),(AND(F56="Férié",D56<>"Férié"))),0.166666666666667,""))
A57: =+VLOOKUP(B57,Annuaire_roster!B:G,5,0) -> 1265 | B57: RMAIDI IMAD | D57: OFF | F57: OFF | K57: 0 | L57: 0 | M57: 0 | N57: =IFERROR(IF(OR(D57="OFF",D57="Congé",M57="Abs",D57="Congé sans solde",D57="Férié"),"",IF(O57-K57-L57>O57,O57,IF(O57-K57-L57<0,"",O57-K57-L57))),"") | O57: =IF(AG57="2H Pause déjeuner",IF(F57-D57-0.0833333333333333<0,F57-D57-0.0833333333333333+1,F57-D57-0.0833333333333333),IF(OR(AND(F57="OFF",D57="OFF"),AND(F57="Congé",D57="Congé"),AND(F57="Congé sans solde",D57="Congé sans solde"),AND(F57="Congé spécial",D57="Congé spécial"),AND(F57="Férié",D57="Férié"),AND(F57="OFF",D57="Congé"),AND(F57="OFF",D57="Congé sans solde"),AND(F57="OFF",D57="Congé spécial"),AND(F57="OFF",D57="Férié"),AND(F57="Congé",D57="OFF"),AND(F57="Congé",D57="Congé sans solde"),AND(F57="Congé",D57="Congé spécial"),AND(F57="Congé",D57="Férié"),AND(F57="Congé sans solde",D57="OFF"),AND(F57="Congé sans solde",D57="Congé"),AND(F57="Congé sans solde",D57="Congé spécial"),AND(F57="Congé sans solde",D57="Férié"),AND(F57="Congé spécial",D57="OFF"),AND(F57="Congé spécial",D57="Congé"),AND(F57="Congé spécial",D57="Congé sans solde"),AND(F57="Congé spécial",D57="Férié"),AND(F57="Férié",D57="OFF"),AND(F57="Férié",D57="Congé"),AND(F57="Férié",D57="Congé sans solde"),AND(F57="Férié",D57="Congé spécial")),0,IF(OR(F57="OFF",F57="Congé",F57="Congé spécial",F57="Congé sans solde",D57="OFF",D57="Congé",D57="Congé spécial",D57="Congé sans solde"),0.208333333333334,IF(AND(AG57="",F57-D57<0),("24:00:00"-D57)+("00:00:00"+F57)-0.0416666666666667,IF(AND(OR(AG57="Allaitement",AG57="Sans déjeuner"),F57-D57<0),("24:00:00"-D57)+("00:00:00"+F57),IF(AND(AG57="",F57-D57>0.166666666666667),F57-D57-0.0416666666666667,IF(AND(OR(AG57="Allaitement",AG57="Sans déjeuner"),F57-D57>0.166666666666667),F57-D57,F57-D57))))))) -> 0 | P57: Accesibilité | Q57: 44822 | R57: =IF(M57="Abs",O57,0) -> 0 | S57: =SUM(R57,L57,I57,J57,W57,H57) -> 0 | T57: ="Sem - "&WEEKNUM(Q57,21) -> Sem - 38 | U57: =PROPER(TEXT(Q57,"mmmm")) -> Septembre | V57: =+TEXT(Q57,"aaa") -> 2026 | X57: =IFERROR(IF(M57="Abs",0,IF((D57-C57+E57-F57)<0.000694444444444444,0,(D57-C57+E57-F57))),0) -> 0 | Y57: =VLOOKUP('CM-CIC'!B57,Annuaire_roster!B:F,4,0) -> OUBRAHIM Mohammed | Z57: Credit Mutuel | AA57: Forfaitaire | AB57: =IF(AND(D57="Congé",F57="Congé"),0.333333333333333,IF(OR(AND(D57="Congé",F57<>"Congé"),(AND(F57="Congé",D57<>"Congé"))),0.166666666666667,"")) | AC57: =IF(AND(D57="Congé sans solde",F57="Congé sans solde"),0.333333333333333,IF(OR(AND(D57="Congé sans solde",F57<>"Congé sans solde"),(AND(F57="Congé sans solde",D57<>"Congé sans solde"))),0.166666666666667,"")) | AD57: =IF(AND(D57="Congé spécial",F57="Congé spécial"),0.333333333333333,IF(OR(AND(D57="Congé spécial",F57<>"Congé décès"),(AND(F57="Congé spécial",D57<>"Congé spécial"))),0.166666666666667,"")) | AE57: =IF(AND(D57="Férié",F57="Férié"),0.333333333333333,IF(OR(AND(D57="Férié",F57<>"Férié"),(AND(F57="Férié",D57<>"Férié"))),0.166666666666667,""))
A58: =+VLOOKUP(B58,Annuaire_roster!B:G,5,0) -> 1317 | B58: HAMDANI MOHAMED | D58: OFF | F58: OFF | K58: 0 | L58: 0 | M58: 0 | N58: =IFERROR(IF(OR(D58="OFF",D58="Congé",M58="Abs",D58="Congé sans solde",D58="Férié"),"",IF(O58-K58-L58>O58,O58,IF(O58-K58-L58<0,"",O58-K58-L58))),"") | O58: =IF(AG58="2H Pause déjeuner",IF(F58-D58-0.0833333333333333<0,F58-D58-0.0833333333333333+1,F58-D58-0.0833333333333333),IF(OR(AND(F58="OFF",D58="OFF"),AND(F58="Congé",D58="Congé"),AND(F58="Congé sans solde",D58="Congé sans solde"),AND(F58="Congé spécial",D58="Congé spécial"),AND(F58="Férié",D58="Férié"),AND(F58="OFF",D58="Congé"),AND(F58="OFF",D58="Congé sans solde"),AND(F58="OFF",D58="Congé spécial"),AND(F58="OFF",D58="Férié"),AND(F58="Congé",D58="OFF"),AND(F58="Congé",D58="Congé sans solde"),AND(F58="Congé",D58="Congé spécial"),AND(F58="Congé",D58="Férié"),AND(F58="Congé sans solde",D58="OFF"),AND(F58="Congé sans solde",D58="Congé"),AND(F58="Congé sans solde",D58="Congé spécial"),AND(F58="Congé sans solde",D58="Férié"),AND(F58="Congé spécial",D58="OFF"),AND(F58="Congé spécial",D58="Congé"),AND(F58="Congé spécial",D58="Congé sans solde"),AND(F58="Congé spécial",D58="Férié"),AND(F58="Férié",D58="OFF"),AND(F58="Férié",D58="Congé"),AND(F58="Férié",D58="Congé sans solde"),AND(F58="Férié",D58="Congé spécial")),0,IF(OR(F58="OFF",F58="Congé",F58="Congé spécial",F58="Congé sans solde",D58="OFF",D58="Congé",D58="Congé spécial",D58="Congé sans solde"),0.208333333333334,IF(AND(AG58="",F58-D58<0),("24:00:00"-D58)+("00:00:00"+F58)-0.0416666666666667,IF(AND(OR(AG58="Allaitement",AG58="Sans déjeuner"),F58-D58<0),("24:00:00"-D58)+("00:00:00"+F58),IF(AND(AG58="",F58-D58>0.166666666666667),F58-D58-0.0416666666666667,IF(AND(OR(AG58="Allaitement",AG58="Sans déjeuner"),F58-D58>0.166666666666667),F58-D58,F58-D58))))))) -> 0 | P58: Accesibilité | Q58: 44822 | R58: =IF(M58="Abs",O58,0) -> 0 | S58: =SUM(R58,L58,I58,J58,W58,H58) -> 0 | T58: ="Sem - "&WEEKNUM(Q58,21) -> Sem - 38 | U58: =PROPER(TEXT(Q58,"mmmm")) -> Septembre | V58: =+TEXT(Q58,"aaa") -> 2026 | X58: =IFERROR(IF(M58="Abs",0,IF((D58-C58+E58-F58)<0.000694444444444444,0,(D58-C58+E58-F58))),0) -> 0 | Y58: =VLOOKUP('CM-CIC'!B58,Annuaire_roster!B:F,4,0) -> OUBRAHIM Mohammed | Z58: Credit Mutuel | AA58: Forfaitaire | AB58: =IF(AND(D58="Congé",F58="Congé"),0.333333333333333,IF(OR(AND(D58="Congé",F58<>"Congé"),(AND(F58="Congé",D58<>"Congé"))),0.166666666666667,"")) | AC58: =IF(AND(D58="Congé sans solde",F58="Congé sans solde"),0.333333333333333,IF(OR(AND(D58="Congé sans solde",F58<>"Congé sans solde"),(AND(F58="Congé sans solde",D58<>"Congé sans solde"))),0.166666666666667,"")) | AD58: =IF(AND(D58="Congé spécial",F58="Congé spécial"),0.333333333333333,IF(OR(AND(D58="Congé spécial",F58<>"Congé décès"),(AND(F58="Congé spécial",D58<>"Congé spécial"))),0.166666666666667,"")) | AE58: =IF(AND(D58="Férié",F58="Férié"),0.333333333333333,IF(OR(AND(D58="Férié",F58<>"Férié"),(AND(F58="Férié",D58<>"Férié"))),0.166666666666667,""))
A59: =+VLOOKUP(B59,Annuaire_roster!B:G,5,0) -> 1278 | B59: LISSAOUI HIBA | D59: OFF | F59: OFF | K59: 0 | L59: 0 | M59: 0 | N59: =IFERROR(IF(OR(D59="OFF",D59="Congé",M59="Abs",D59="Congé sans solde",D59="Férié"),"",IF(O59-K59-L59>O59,O59,IF(O59-K59-L59<0,"",O59-K59-L59))),"") | O59: =IF(AG59="2H Pause déjeuner",IF(F59-D59-0.0833333333333333<0,F59-D59-0.0833333333333333+1,F59-D59-0.0833333333333333),IF(OR(AND(F59="OFF",D59="OFF"),AND(F59="Congé",D59="Congé"),AND(F59="Congé sans solde",D59="Congé sans solde"),AND(F59="Congé spécial",D59="Congé spécial"),AND(F59="Férié",D59="Férié"),AND(F59="OFF",D59="Congé"),AND(F59="OFF",D59="Congé sans solde"),AND(F59="OFF",D59="Congé spécial"),AND(F59="OFF",D59="Férié"),AND(F59="Congé",D59="OFF"),AND(F59="Congé",D59="Congé sans solde"),AND(F59="Congé",D59="Congé spécial"),AND(F59="Congé",D59="Férié"),AND(F59="Congé sans solde",D59="OFF"),AND(F59="Congé sans solde",D59="Congé"),AND(F59="Congé sans solde",D59="Congé spécial"),AND(F59="Congé sans solde",D59="Férié"),AND(F59="Congé spécial",D59="OFF"),AND(F59="Congé spécial",D59="Congé"),AND(F59="Congé spécial",D59="Congé sans solde"),AND(F59="Congé spécial",D59="Férié"),AND(F59="Férié",D59="OFF"),AND(F59="Férié",D59="Congé"),AND(F59="Férié",D59="Congé sans solde"),AND(F59="Férié",D59="Congé spécial")),0,IF(OR(F59="OFF",F59="Congé",F59="Congé spécial",F59="Congé sans solde",D59="OFF",D59="Congé",D59="Congé spécial",D59="Congé sans solde"),0.208333333333334,IF(AND(AG59="",F59-D59<0),("24:00:00"-D59)+("00:00:00"+F59)-0.0416666666666667,IF(AND(OR(AG59="Allaitement",AG59="Sans déjeuner"),F59-D59<0),("24:00:00"-D59)+("00:00:00"+F59),IF(AND(AG59="",F59-D59>0.166666666666667),F59-D59-0.0416666666666667,IF(AND(OR(AG59="Allaitement",AG59="Sans déjeuner"),F59-D59>0.166666666666667),F59-D59,F59-D59))))))) -> 0 | P59: Accesibilité | Q59: 44823 | R59: =IF(M59="Abs",O59,0) -> 0 | S59: =SUM(R59,L59,I59,J59,W59,H59) -> 0 | T59: ="Sem - "&WEEKNUM(Q59,21) -> Sem - 38 | U59: =PROPER(TEXT(Q59,"mmmm")) -> Septembre | V59: =+TEXT(Q59,"aaa") -> 2026 | X59: =IFERROR(IF(M59="Abs",0,IF((D59-C59+E59-F59)<0.000694444444444444,0,(D59-C59+E59-F59))),0) -> 0 | Y59: =VLOOKUP('CM-CIC'!B59,Annuaire_roster!B:F,4,0) -> OUBRAHIM Mohammed | Z59: Credit Mutuel | AA59: Forfaitaire | AB59: =IF(AND(D59="Congé",F59="Congé"),0.333333333333333,IF(OR(AND(D59="Congé",F59<>"Congé"),(AND(F59="Congé",D59<>"Congé"))),0.166666666666667,"")) | AC59: =IF(AND(D59="Congé sans solde",F59="Congé sans solde"),0.333333333333333,IF(OR(AND(D59="Congé sans solde",F59<>"Congé sans solde"),(AND(F59="Congé sans solde",D59<>"Congé sans solde"))),0.166666666666667,"")) | AD59: =IF(AND(D59="Congé spécial",F59="Congé spécial"),0.333333333333333,IF(OR(AND(D59="Congé spécial",F59<>"Congé décès"),(AND(F59="Congé spécial",D59<>"Congé spécial"))),0.166666666666667,"")) | AE59: =IF(AND(D59="Férié",F59="Férié"),0.333333333333333,IF(OR(AND(D59="Férié",F59<>"Férié"),(AND(F59="Férié",D59<>"Férié"))),0.166666666666667,""))
A60: =+VLOOKUP(B60,Annuaire_roster!B:G,5,0) -> 1265 | B60: RMAIDI IMAD | D60: OFF | F60: OFF | K60: 0 | L60: 0 | M60: 0 | N60: =IFERROR(IF(OR(D60="OFF",D60="Congé",M60="Abs",D60="Congé sans solde",D60="Férié"),"",IF(O60-K60-L60>O60,O60,IF(O60-K60-L60<0,"",O60-K60-L60))),"") | O60: =IF(AG60="2H Pause déjeuner",IF(F60-D60-0.0833333333333333<0,F60-D60-0.0833333333333333+1,F60-D60-0.0833333333333333),IF(OR(AND(F60="OFF",D60="OFF"),AND(F60="Congé",D60="Congé"),AND(F60="Congé sans solde",D60="Congé sans solde"),AND(F60="Congé spécial",D60="Congé spécial"),AND(F60="Férié",D60="Férié"),AND(F60="OFF",D60="Congé"),AND(F60="OFF",D60="Congé sans solde"),AND(F60="OFF",D60="Congé spécial"),AND(F60="OFF",D60="Férié"),AND(F60="Congé",D60="OFF"),AND(F60="Congé",D60="Congé sans solde"),AND(F60="Congé",D60="Congé spécial"),AND(F60="Congé",D60="Férié"),AND(F60="Congé sans solde",D60="OFF"),AND(F60="Congé sans solde",D60="Congé"),AND(F60="Congé sans solde",D60="Congé spécial"),AND(F60="Congé sans solde",D60="Férié"),AND(F60="Congé spécial",D60="OFF"),AND(F60="Congé spécial",D60="Congé"),AND(F60="Congé spécial",D60="Congé sans solde"),AND(F60="Congé spécial",D60="Férié"),AND(F60="Férié",D60="OFF"),AND(F60="Férié",D60="Congé"),AND(F60="Férié",D60="Congé sans solde"),AND(F60="Férié",D60="Congé spécial")),0,IF(OR(F60="OFF",F60="Congé",F60="Congé spécial",F60="Congé sans solde",D60="OFF",D60="Congé",D60="Congé spécial",D60="Congé sans solde"),0.208333333333334,IF(AND(AG60="",F60-D60<0),("24:00:00"-D60)+("00:00:00"+F60)-0.0416666666666667,IF(AND(OR(AG60="Allaitement",AG60="Sans déjeuner"),F60-D60<0),("24:00:00"-D60)+("00:00:00"+F60),IF(AND(AG60="",F60-D60>0.166666666666667),F60-D60-0.0416666666666667,IF(AND(OR(AG60="Allaitement",AG60="Sans déjeuner"),F60-D60>0.166666666666667),F60-D60,F60-D60))))))) -> 0 | P60: Accesibilité | Q60: 44823 | R60: =IF(M60="Abs",O60,0) -> 0 | S60: =SUM(R60,L60,I60,J60,W60,H60) -> 0 | T60: ="Sem - "&WEEKNUM(Q60,21) -> Sem - 38 | U60: =PROPER(TEXT(Q60,"mmmm")) -> Septembre | V60: =+TEXT(Q60,"aaa") -> 2026 | X60: =IFERROR(IF(M60="Abs",0,IF((D60-C60+E60-F60)<0.000694444444444444,0,(D60-C60+E60-F60))),0) -> 0 | Y60: =VLOOKUP('CM-CIC'!B60,Annuaire_roster!B:F,4,0) -> OUBRAHIM Mohammed | Z60: Credit Mutuel | AA60: Forfaitaire | AB60: =IF(AND(D60="Congé",F60="Congé"),0.333333333333333,IF(OR(AND(D60="Congé",F60<>"Congé"),(AND(F60="Congé",D60<>"Congé"))),0.166666666666667,"")) | AC60: =IF(AND(D60="Congé sans solde",F60="Congé sans solde"),0.333333333333333,IF(OR(AND(D60="Congé sans solde",F60<>"Congé sans solde"),(AND(F60="Congé sans solde",D60<>"Congé sans solde"))),0.166666666666667,"")) | AD60: =IF(AND(D60="Congé spécial",F60="Congé spécial"),0.333333333333333,IF(OR(AND(D60="Congé spécial",F60<>"Congé décès"),(AND(F60="Congé spécial",D60<>"Congé spécial"))),0.166666666666667,"")) | AE60: =IF(AND(D60="Férié",F60="Férié"),0.333333333333333,IF(OR(AND(D60="Férié",F60<>"Férié"),(AND(F60="Férié",D60<>"Férié"))),0.166666666666667,""))
A61: =+VLOOKUP(B61,Annuaire_roster!B:G,5,0) -> 1317 | B61: HAMDANI MOHAMED | D61: OFF | F61: OFF | K61: 0 | L61: 0 | M61: 0 | N61: =IFERROR(IF(OR(D61="OFF",D61="Congé",M61="Abs",D61="Congé sans solde",D61="Férié"),"",IF(O61-K61-L61>O61,O61,IF(O61-K61-L61<0,"",O61-K61-L61))),"") | O61: =IF(AG61="2H Pause déjeuner",IF(F61-D61-0.0833333333333333<0,F61-D61-0.0833333333333333+1,F61-D61-0.0833333333333333),IF(OR(AND(F61="OFF",D61="OFF"),AND(F61="Congé",D61="Congé"),AND(F61="Congé sans solde",D61="Congé sans solde"),AND(F61="Congé spécial",D61="Congé spécial"),AND(F61="Férié",D61="Férié"),AND(F61="OFF",D61="Congé"),AND(F61="OFF",D61="Congé sans solde"),AND(F61="OFF",D61="Congé spécial"),AND(F61="OFF",D61="Férié"),AND(F61="Congé",D61="OFF"),AND(F61="Congé",D61="Congé sans solde"),AND(F61="Congé",D61="Congé spécial"),AND(F61="Congé",D61="Férié"),AND(F61="Congé sans solde",D61="OFF"),AND(F61="Congé sans solde",D61="Congé"),AND(F61="Congé sans solde",D61="Congé spécial"),AND(F61="Congé sans solde",D61="Férié"),AND(F61="Congé spécial",D61="OFF"),AND(F61="Congé spécial",D61="Congé"),AND(F61="Congé spécial",D61="Congé sans solde"),AND(F61="Congé spécial",D61="Férié"),AND(F61="Férié",D61="OFF"),AND(F61="Férié",D61="Congé"),AND(F61="Férié",D61="Congé sans solde"),AND(F61="Férié",D61="Congé spécial")),0,IF(OR(F61="OFF",F61="Congé",F61="Congé spécial",F61="Congé sans solde",D61="OFF",D61="Congé",D61="Congé spécial",D61="Congé sans solde"),0.208333333333334,IF(AND(AG61="",F61-D61<0),("24:00:00"-D61)+("00:00:00"+F61)-0.0416666666666667,IF(AND(OR(AG61="Allaitement",AG61="Sans déjeuner"),F61-D61<0),("24:00:00"-D61)+("00:00:00"+F61),IF(AND(AG61="",F61-D61>0.166666666666667),F61-D61-0.0416666666666667,IF(AND(OR(AG61="Allaitement",AG61="Sans déjeuner"),F61-D61>0.166666666666667),F61-D61,F61-D61))))))) -> 0 | P61: Accesibilité | Q61: 44823 | R61: =IF(M61="Abs",O61,0) -> 0 | S61: =SUM(R61,L61,I61,J61,W61,H61) -> 0 | T61: ="Sem - "&WEEKNUM(Q61,21) -> Sem - 38 | U61: =PROPER(TEXT(Q61,"mmmm")) -> Septembre | V61: =+TEXT(Q61,"aaa") -> 2026 | X61: =IFERROR(IF(M61="Abs",0,IF((D61-C61+E61-F61)<0.000694444444444444,0,(D61-C61+E61-F61))),0) -> 0 | Y61: =VLOOKUP('CM-CIC'!B61,Annuaire_roster!B:F,4,0) -> OUBRAHIM Mohammed | Z61: Credit Mutuel | AA61: Forfaitaire | AB61: =IF(AND(D61="Congé",F61="Congé"),0.333333333333333,IF(OR(AND(D61="Congé",F61<>"Congé"),(AND(F61="Congé",D61<>"Congé"))),0.166666666666667,"")) | AC61: =IF(AND(D61="Congé sans solde",F61="Congé sans solde"),0.333333333333333,IF(OR(AND(D61="Congé sans solde",F61<>"Congé sans solde"),(AND(F61="Congé sans solde",D61<>"Congé sans solde"))),0.166666666666667,"")) | AD61: =IF(AND(D61="Congé spécial",F61="Congé spécial"),0.333333333333333,IF(OR(AND(D61="Congé spécial",F61<>"Congé décès"),(AND(F61="Congé spécial",D61<>"Congé spécial"))),0.166666666666667,"")) | AE61: =IF(AND(D61="Férié",F61="Férié"),0.333333333333333,IF(OR(AND(D61="Férié",F61<>"Férié"),(AND(F61="Férié",D61<>"Férié"))),0.166666666666667,""))
A62: =+VLOOKUP(B62,Annuaire_roster!B:G,5,0) -> 1278 | B62: LISSAOUI HIBA | C62: 0.33333333 | D62: 0.33333333 | E62: 0.75 | F62: 0.75 | K62: 0 | L62: 0 | M62: 0 | N62: =IFERROR(IF(OR(D62="OFF",D62="Congé",M62="Abs",D62="Congé sans solde",D62="Férié"),"",IF(O62-K62-L62>O62,O62,IF(O62-K62-L62<0,"",O62-K62-L62))),"") -> 0.375 | O62: =IF(AG62="2H Pause déjeuner",IF(F62-D62-0.0833333333333333<0,F62-D62-0.0833333333333333+1,F62-D62-0.0833333333333333),IF(OR(AND(F62="OFF",D62="OFF"),AND(F62="Congé",D62="Congé"),AND(F62="Congé sans solde",D62="Congé sans solde"),AND(F62="Congé spécial",D62="Congé spécial"),AND(F62="Férié",D62="Férié"),AND(F62="OFF",D62="Congé"),AND(F62="OFF",D62="Congé sans solde"),AND(F62="OFF",D62="Congé spécial"),AND(F62="OFF",D62="Férié"),AND(F62="Congé",D62="OFF"),AND(F62="Congé",D62="Congé sans solde"),AND(F62="Congé",D62="Congé spécial"),AND(F62="Congé",D62="Férié"),AND(F62="Congé sans solde",D62="OFF"),AND(F62="Congé sans solde",D62="Congé"),AND(F62="Congé sans solde",D62="Congé spécial"),AND(F62="Congé sans solde",D62="Férié"),AND(F62="Congé spécial",D62="OFF"),AND(F62="Congé spécial",D62="Congé"),AND(F62="Congé spécial",D62="Congé sans solde"),AND(F62="Congé spécial",D62="Férié"),AND(F62="Férié",D62="OFF"),AND(F62="Férié",D62="Congé"),AND(F62="Férié",D62="Congé sans solde"),AND(F62="Férié",D62="Congé spécial")),0,IF(OR(F62="OFF",F62="Congé",F62="Congé spécial",F62="Congé sans solde",D62="OFF",D62="Congé",D62="Congé spécial",D62="Congé sans solde"),0.208333333333334,IF(AND(AG62="",F62-D62<0),("24:00:00"-D62)+("00:00:00"+F62)-0.0416666666666667,IF(AND(OR(AG62="Allaitement",AG62="Sans déjeuner"),F62-D62<0),("24:00:00"-D62)+("00:00:00"+F62),IF(AND(AG62="",F62-D62>0.166666666666667),F62-D62-0.0416666666666667,IF(AND(OR(AG62="Allaitement",AG62="Sans déjeuner"),F62-D62>0.166666666666667),F62-D62,F62-D62))))))) -> 0.375 | P62: Accesibilité | Q62: 44824 | R62: =IF(M62="Abs",O62,0) -> 0 | S62: =SUM(R62,L62,I62,J62,W62,H62) -> 0 | T62: ="Sem - "&WEEKNUM(Q62,21) -> Sem - 39 | U62: =PROPER(TEXT(Q62,"mmmm")) -> Septembre | V62: =+TEXT(Q62,"aaa") -> 2026 | X62: =IFERROR(IF(M62="Abs",0,IF((D62-C62+E62-F62)<0.000694444444444444,0,(D62-C62+E62-F62))),0) -> 0 | Y62: =VLOOKUP('CM-CIC'!B62,Annuaire_roster!B:F,4,0) -> OUBRAHIM Mohammed | Z62: Credit Mutuel | AA62: Forfaitaire | AB62: =IF(AND(D62="Congé",F62="Congé"),0.333333333333333,IF(OR(AND(D62="Congé",F62<>"Congé"),(AND(F62="Congé",D62<>"Congé"))),0.166666666666667,"")) | AC62: =IF(AND(D62="Congé sans solde",F62="Congé sans solde"),0.333333333333333,IF(OR(AND(D62="Congé sans solde",F62<>"Congé sans solde"),(AND(F62="Congé sans solde",D62<>"Congé sans solde"))),0.166666666666667,"")) | AD62: =IF(AND(D62="Congé spécial",F62="Congé spécial"),0.333333333333333,IF(OR(AND(D62="Congé spécial",F62<>"Congé décès"),(AND(F62="Congé spécial",D62<>"Congé spécial"))),0.166666666666667,"")) | AE62: =IF(AND(D62="Férié",F62="Férié"),0.333333333333333,IF(OR(AND(D62="Férié",F62<>"Férié"),(AND(F62="Férié",D62<>"Férié"))),0.166666666666667,""))
A63: =+VLOOKUP(B63,Annuaire_roster!B:G,5,0) -> 1265 | B63: RMAIDI IMAD | C63: 0.33333333 | D63: 0.33333333 | E63: 0.75 | F63: 0.75 | K63: 0 | L63: 0 | M63: 0 | N63: =IFERROR(IF(OR(D63="OFF",D63="Congé",M63="Abs",D63="Congé sans solde",D63="Férié"),"",IF(O63-K63-L63>O63,O63,IF(O63-K63-L63<0,"",O63-K63-L63))),"") -> 0.375 | O63: =IF(AG63="2H Pause déjeuner",IF(F63-D63-0.0833333333333333<0,F63-D63-0.0833333333333333+1,F63-D63-0.0833333333333333),IF(OR(AND(F63="OFF",D63="OFF"),AND(F63="Congé",D63="Congé"),AND(F63="Congé sans solde",D63="Congé sans solde"),AND(F63="Congé spécial",D63="Congé spécial"),AND(F63="Férié",D63="Férié"),AND(F63="OFF",D63="Congé"),AND(F63="OFF",D63="Congé sans solde"),AND(F63="OFF",D63="Congé spécial"),AND(F63="OFF",D63="Férié"),AND(F63="Congé",D63="OFF"),AND(F63="Congé",D63="Congé sans solde"),AND(F63="Congé",D63="Congé spécial"),AND(F63="Congé",D63="Férié"),AND(F63="Congé sans solde",D63="OFF"),AND(F63="Congé sans solde",D63="Congé"),AND(F63="Congé sans solde",D63="Congé spécial"),AND(F63="Congé sans solde",D63="Férié"),AND(F63="Congé spécial",D63="OFF"),AND(F63="Congé spécial",D63="Congé"),AND(F63="Congé spécial",D63="Congé sans solde"),AND(F63="Congé spécial",D63="Férié"),AND(F63="Férié",D63="OFF"),AND(F63="Férié",D63="Congé"),AND(F63="Férié",D63="Congé sans solde"),AND(F63="Férié",D63="Congé spécial")),0,IF(OR(F63="OFF",F63="Congé",F63="Congé spécial",F63="Congé sans solde",D63="OFF",D63="Congé",D63="Congé spécial",D63="Congé sans solde"),0.208333333333334,IF(AND(AG63="",F63-D63<0),("24:00:00"-D63)+("00:00:00"+F63)-0.0416666666666667,IF(AND(OR(AG63="Allaitement",AG63="Sans déjeuner"),F63-D63<0),("24:00:00"-D63)+("00:00:00"+F63),IF(AND(AG63="",F63-D63>0.166666666666667),F63-D63-0.0416666666666667,IF(AND(OR(AG63="Allaitement",AG63="Sans déjeuner"),F63-D63>0.166666666666667),F63-D63,F63-D63))))))) -> 0.375 | P63: Accesibilité | Q63: 44824 | R63: =IF(M63="Abs",O63,0) -> 0 | S63: =SUM(R63,L63,I63,J63,W63,H63) -> 0 | T63: ="Sem - "&WEEKNUM(Q63,21) -> Sem - 39 | U63: =PROPER(TEXT(Q63,"mmmm")) -> Septembre | V63: =+TEXT(Q63,"aaa") -> 2026 | X63: =IFERROR(IF(M63="Abs",0,IF((D63-C63+E63-F63)<0.000694444444444444,0,(D63-C63+E63-F63))),0) -> 0 | Y63: =VLOOKUP('CM-CIC'!B63,Annuaire_roster!B:F,4,0) -> OUBRAHIM Mohammed | Z63: Credit Mutuel | AA63: Forfaitaire | AB63: =IF(AND(D63="Congé",F63="Congé"),0.333333333333333,IF(OR(AND(D63="Congé",F63<>"Congé"),(AND(F63="Congé",D63<>"Congé"))),0.166666666666667,"")) | AC63: =IF(AND(D63="Congé sans solde",F63="Congé sans solde"),0.333333333333333,IF(OR(AND(D63="Congé sans solde",F63<>"Congé sans solde"),(AND(F63="Congé sans solde",D63<>"Congé sans solde"))),0.166666666666667,"")) | AD63: =IF(AND(D63="Congé spécial",F63="Congé spécial"),0.333333333333333,IF(OR(AND(D63="Congé spécial",F63<>"Congé décès"),(AND(F63="Congé spécial",D63<>"Congé spécial"))),0.166666666666667,"")) | AE63: =IF(AND(D63="Férié",F63="Férié"),0.333333333333333,IF(OR(AND(D63="Férié",F63<>"Férié"),(AND(F63="Férié",D63<>"Férié"))),0.166666666666667,""))
A64: =+VLOOKUP(B64,Annuaire_roster!B:G,5,0) -> 1317 | B64: HAMDANI MOHAMED | C64: 0.33333333 | D64: 0.33333333 | E64: 0.75 | F64: 0.75 | K64: 0 | L64: 0 | M64: 0 | N64: =IFERROR(IF(OR(D64="OFF",D64="Congé",M64="Abs",D64="Congé sans solde",D64="Férié"),"",IF(O64-K64-L64>O64,O64,IF(O64-K64-L64<0,"",O64-K64-L64))),"") -> 0.375 | O64: =IF(AG64="2H Pause déjeuner",IF(F64-D64-0.0833333333333333<0,F64-D64-0.0833333333333333+1,F64-D64-0.0833333333333333),IF(OR(AND(F64="OFF",D64="OFF"),AND(F64="Congé",D64="Congé"),AND(F64="Congé sans solde",D64="Congé sans solde"),AND(F64="Congé spécial",D64="Congé spécial"),AND(F64="Férié",D64="Férié"),AND(F64="OFF",D64="Congé"),AND(F64="OFF",D64="Congé sans solde"),AND(F64="OFF",D64="Congé spécial"),AND(F64="OFF",D64="Férié"),AND(F64="Congé",D64="OFF"),AND(F64="Congé",D64="Congé sans solde"),AND(F64="Congé",D64="Congé spécial"),AND(F64="Congé",D64="Férié"),AND(F64="Congé sans solde",D64="OFF"),AND(F64="Congé sans solde",D64="Congé"),AND(F64="Congé sans solde",D64="Congé spécial"),AND(F64="Congé sans solde",D64="Férié"),AND(F64="Congé spécial",D64="OFF"),AND(F64="Congé spécial",D64="Congé"),AND(F64="Congé spécial",D64="Congé sans solde"),AND(F64="Congé spécial",D64="Férié"),AND(F64="Férié",D64="OFF"),AND(F64="Férié",D64="Congé"),AND(F64="Férié",D64="Congé sans solde"),AND(F64="Férié",D64="Congé spécial")),0,IF(OR(F64="OFF",F64="Congé",F64="Congé spécial",F64="Congé sans solde",D64="OFF",D64="Congé",D64="Congé spécial",D64="Congé sans solde"),0.208333333333334,IF(AND(AG64="",F64-D64<0),("24:00:00"-D64)+("00:00:00"+F64)-0.0416666666666667,IF(AND(OR(AG64="Allaitement",AG64="Sans déjeuner"),F64-D64<0),("24:00:00"-D64)+("00:00:00"+F64),IF(AND(AG64="",F64-D64>0.166666666666667),F64-D64-0.0416666666666667,IF(AND(OR(AG64="Allaitement",AG64="Sans déjeuner"),F64-D64>0.166666666666667),F64-D64,F64-D64))))))) -> 0.375 | P64: Accesibilité | Q64: 44824 | R64: =IF(M64="Abs",O64,0) -> 0 | S64: =SUM(R64,L64,I64,J64,W64,H64) -> 0 | T64: ="Sem - "&WEEKNUM(Q64,21) -> Sem - 39 | U64: =PROPER(TEXT(Q64,"mmmm")) -> Septembre | V64: =+TEXT(Q64,"aaa") -> 2026 | X64: =IFERROR(IF(M64="Abs",0,IF((D64-C64+E64-F64)<0.000694444444444444,0,(D64-C64+E64-F64))),0) -> 0 | Y64: =VLOOKUP('CM-CIC'!B64,Annuaire_roster!B:F,4,0) -> OUBRAHIM Mohammed | Z64: Credit Mutuel | AA64: Forfaitaire | AB64: =IF(AND(D64="Congé",F64="Congé"),0.333333333333333,IF(OR(AND(D64="Congé",F64<>"Congé"),(AND(F64="Congé",D64<>"Congé"))),0.166666666666667,"")) | AC64: =IF(AND(D64="Congé sans solde",F64="Congé sans solde"),0.333333333333333,IF(OR(AND(D64="Congé sans solde",F64<>"Congé sans solde"),(AND(F64="Congé sans solde",D64<>"Congé sans solde"))),0.166666666666667,"")) | AD64: =IF(AND(D64="Congé spécial",F64="Congé spécial"),0.333333333333333,IF(OR(AND(D64="Congé spécial",F64<>"Congé décès"),(AND(F64="Congé spécial",D64<>"Congé spécial"))),0.166666666666667,"")) | AE64: =IF(AND(D64="Férié",F64="Férié"),0.333333333333333,IF(OR(AND(D64="Férié",F64<>"Férié"),(AND(F64="Férié",D64<>"Férié"))),0.166666666666667,""))
A65: =+VLOOKUP(B65,Annuaire_roster!B:G,5,0) -> 1278 | B65: LISSAOUI HIBA | D65: Congé | F65: Congé | K65: 0 | L65: 0 | M65: 0 | N65: =IFERROR(IF(OR(D65="OFF",D65="Congé",M65="Abs",D65="Congé sans solde",D65="Férié"),"",IF(O65-K65-L65>O65,O65,IF(O65-K65-L65<0,"",O65-K65-L65))),"") | O65: =IF(AG65="2H Pause déjeuner",IF(F65-D65-0.0833333333333333<0,F65-D65-0.0833333333333333+1,F65-D65-0.0833333333333333),IF(OR(AND(F65="OFF",D65="OFF"),AND(F65="Congé",D65="Congé"),AND(F65="Congé sans solde",D65="Congé sans solde"),AND(F65="Congé spécial",D65="Congé spécial"),AND(F65="Férié",D65="Férié"),AND(F65="OFF",D65="Congé"),AND(F65="OFF",D65="Congé sans solde"),AND(F65="OFF",D65="Congé spécial"),AND(F65="OFF",D65="Férié"),AND(F65="Congé",D65="OFF"),AND(F65="Congé",D65="Congé sans solde"),AND(F65="Congé",D65="Congé spécial"),AND(F65="Congé",D65="Férié"),AND(F65="Congé sans solde",D65="OFF"),AND(F65="Congé sans solde",D65="Congé"),AND(F65="Congé sans solde",D65="Congé spécial"),AND(F65="Congé sans solde",D65="Férié"),AND(F65="Congé spécial",D65="OFF"),AND(F65="Congé spécial",D65="Congé"),AND(F65="Congé spécial",D65="Congé sans solde"),AND(F65="Congé spécial",D65="Férié"),AND(F65="Férié",D65="OFF"),AND(F65="Férié",D65="Congé"),AND(F65="Férié",D65="Congé sans solde"),AND(F65="Férié",D65="Congé spécial")),0,IF(OR(F65="OFF",F65="Congé",F65="Congé spécial",F65="Congé sans solde",D65="OFF",D65="Congé",D65="Congé spécial",D65="Congé sans solde"),0.208333333333334,IF(AND(AG65="",F65-D65<0),("24:00:00"-D65)+("00:00:00"+F65)-0.0416666666666667,IF(AND(OR(AG65="Allaitement",AG65="Sans déjeuner"),F65-D65<0),("24:00:00"-D65)+("00:00:00"+F65),IF(AND(AG65="",F65-D65>0.166666666666667),F65-D65-0.0416666666666667,IF(AND(OR(AG65="Allaitement",AG65="Sans déjeuner"),F65-D65>0.166666666666667),F65-D65,F65-D65))))))) -> 0 | P65: Accesibilité | Q65: 44825 | R65: =IF(M65="Abs",O65,0) -> 0 | S65: =SUM(R65,L65,I65,J65,W65,H65) -> 0 | T65: ="Sem - "&WEEKNUM(Q65,21) -> Sem - 39 | U65: =PROPER(TEXT(Q65,"mmmm")) -> Septembre | V65: =+TEXT(Q65,"aaa") -> 2026 | X65: =IFERROR(IF(M65="Abs",0,IF((D65-C65+E65-F65)<0.000694444444444444,0,(D65-C65+E65-F65))),0) -> 0 | Y65: =VLOOKUP('CM-CIC'!B65,Annuaire_roster!B:F,4,0) -> OUBRAHIM Mohammed | Z65: Credit Mutuel | AA65: Forfaitaire | AB65: =IF(AND(D65="Congé",F65="Congé"),0.333333333333333,IF(OR(AND(D65="Congé",F65<>"Congé"),(AND(F65="Congé",D65<>"Congé"))),0.166666666666667,"")) -> 0.33333333 | AC65: =IF(AND(D65="Congé sans solde",F65="Congé sans solde"),0.333333333333333,IF(OR(AND(D65="Congé sans solde",F65<>"Congé sans solde"),(AND(F65="Congé sans solde",D65<>"Congé sans solde"))),0.166666666666667,"")) | AD65: =IF(AND(D65="Congé spécial",F65="Congé spécial"),0.333333333333333,IF(OR(AND(D65="Congé spécial",F65<>"Congé décès"),(AND(F65="Congé spécial",D65<>"Congé spécial"))),0.166666666666667,"")) | AE65: =IF(AND(D65="Férié",F65="Férié"),0.333333333333333,IF(OR(AND(D65="Férié",F65<>"Férié"),(AND(F65="Férié",D65<>"Férié"))),0.166666666666667,""))
A66: =+VLOOKUP(B66,Annuaire_roster!B:G,5,0) -> 1265 | B66: RMAIDI IMAD | C66: 0.33333333 | D66: 0.33333333 | E66: 0.75 | F66: 0.75 | K66: 0 | L66: 0 | M66: 0 | N66: =IFERROR(IF(OR(D66="OFF",D66="Congé",M66="Abs",D66="Congé sans solde",D66="Férié"),"",IF(O66-K66-L66>O66,O66,IF(O66-K66-L66<0,"",O66-K66-L66))),"") -> 0.375 | O66: =IF(AG66="2H Pause déjeuner",IF(F66-D66-0.0833333333333333<0,F66-D66-0.0833333333333333+1,F66-D66-0.0833333333333333),IF(OR(AND(F66="OFF",D66="OFF"),AND(F66="Congé",D66="Congé"),AND(F66="Congé sans solde",D66="Congé sans solde"),AND(F66="Congé spécial",D66="Congé spécial"),AND(F66="Férié",D66="Férié"),AND(F66="OFF",D66="Congé"),AND(F66="OFF",D66="Congé sans solde"),AND(F66="OFF",D66="Congé spécial"),AND(F66="OFF",D66="Férié"),AND(F66="Congé",D66="OFF"),AND(F66="Congé",D66="Congé sans solde"),AND(F66="Congé",D66="Congé spécial"),AND(F66="Congé",D66="Férié"),AND(F66="Congé sans solde",D66="OFF"),AND(F66="Congé sans solde",D66="Congé"),AND(F66="Congé sans solde",D66="Congé spécial"),AND(F66="Congé sans solde",D66="Férié"),AND(F66="Congé spécial",D66="OFF"),AND(F66="Congé spécial",D66="Congé"),AND(F66="Congé spécial",D66="Congé sans solde"),AND(F66="Congé spécial",D66="Férié"),AND(F66="Férié",D66="OFF"),AND(F66="Férié",D66="Congé"),AND(F66="Férié",D66="Congé sans solde"),AND(F66="Férié",D66="Congé spécial")),0,IF(OR(F66="OFF",F66="Congé",F66="Congé spécial",F66="Congé sans solde",D66="OFF",D66="Congé",D66="Congé spécial",D66="Congé sans solde"),0.208333333333334,IF(AND(AG66="",F66-D66<0),("24:00:00"-D66)+("00:00:00"+F66)-0.0416666666666667,IF(AND(OR(AG66="Allaitement",AG66="Sans déjeuner"),F66-D66<0),("24:00:00"-D66)+("00:00:00"+F66),IF(AND(AG66="",F66-D66>0.166666666666667),F66-D66-0.0416666666666667,IF(AND(OR(AG66="Allaitement",AG66="Sans déjeuner"),F66-D66>0.166666666666667),F66-D66,F66-D66))))))) -> 0.375 | P66: Accesibilité | Q66: 44825 | R66: =IF(M66="Abs",O66,0) -> 0 | S66: =SUM(R66,L66,I66,J66,W66,H66) -> 0 | T66: ="Sem - "&WEEKNUM(Q66,21) -> Sem - 39 | U66: =PROPER(TEXT(Q66,"mmmm")) -> Septembre | V66: =+TEXT(Q66,"aaa") -> 2026 | X66: =IFERROR(IF(M66="Abs",0,IF((D66-C66+E66-F66)<0.000694444444444444,0,(D66-C66+E66-F66))),0) -> 0 | Y66: =VLOOKUP('CM-CIC'!B66,Annuaire_roster!B:F,4,0) -> OUBRAHIM Mohammed | Z66: Credit Mutuel | AA66: Forfaitaire | AB66: =IF(AND(D66="Congé",F66="Congé"),0.333333333333333,IF(OR(AND(D66="Congé",F66<>"Congé"),(AND(F66="Congé",D66<>"Congé"))),0.166666666666667,"")) | AC66: =IF(AND(D66="Congé sans solde",F66="Congé sans solde"),0.333333333333333,IF(OR(AND(D66="Congé sans solde",F66<>"Congé sans solde"),(AND(F66="Congé sans solde",D66<>"Congé sans solde"))),0.166666666666667,"")) | AD66: =IF(AND(D66="Congé spécial",F66="Congé spécial"),0.333333333333333,IF(OR(AND(D66="Congé spécial",F66<>"Congé décès"),(AND(F66="Congé spécial",D66<>"Congé spécial"))),0.166666666666667,"")) | AE66: =IF(AND(D66="Férié",F66="Férié"),0.333333333333333,IF(OR(AND(D66="Férié",F66<>"Férié"),(AND(F66="Férié",D66<>"Férié"))),0.166666666666667,""))
A67: =+VLOOKUP(B67,Annuaire_roster!B:G,5,0) -> 1317 | B67: HAMDANI MOHAMED | C67: 0.33333333 | D67: 0.33333333 | E67: 0.75 | F67: 0.75 | K67: 0 | L67: 0 | M67: 0 | N67: =IFERROR(IF(OR(D67="OFF",D67="Congé",M67="Abs",D67="Congé sans solde",D67="Férié"),"",IF(O67-K67-L67>O67,O67,IF(O67-K67-L67<0,"",O67-K67-L67))),"") -> 0.375 | O67: =IF(AG67="2H Pause déjeuner",IF(F67-D67-0.0833333333333333<0,F67-D67-0.0833333333333333+1,F67-D67-0.0833333333333333),IF(OR(AND(F67="OFF",D67="OFF"),AND(F67="Congé",D67="Congé"),AND(F67="Congé sans solde",D67="Congé sans solde"),AND(F67="Congé spécial",D67="Congé spécial"),AND(F67="Férié",D67="Férié"),AND(F67="OFF",D67="Congé"),AND(F67="OFF",D67="Congé sans solde"),AND(F67="OFF",D67="Congé spécial"),AND(F67="OFF",D67="Férié"),AND(F67="Congé",D67="OFF"),AND(F67="Congé",D67="Congé sans solde"),AND(F67="Congé",D67="Congé spécial"),AND(F67="Congé",D67="Férié"),AND(F67="Congé sans solde",D67="OFF"),AND(F67="Congé sans solde",D67="Congé"),AND(F67="Congé sans solde",D67="Congé spécial"),AND(F67="Congé sans solde",D67="Férié"),AND(F67="Congé spécial",D67="OFF"),AND(F67="Congé spécial",D67="Congé"),AND(F67="Congé spécial",D67="Congé sans solde"),AND(F67="Congé spécial",D67="Férié"),AND(F67="Férié",D67="OFF"),AND(F67="Férié",D67="Congé"),AND(F67="Férié",D67="Congé sans solde"),AND(F67="Férié",D67="Congé spécial")),0,IF(OR(F67="OFF",F67="Congé",F67="Congé spécial",F67="Congé sans solde",D67="OFF",D67="Congé",D67="Congé spécial",D67="Congé sans solde"),0.208333333333334,IF(AND(AG67="",F67-D67<0),("24:00:00"-D67)+("00:00:00"+F67)-0.0416666666666667,IF(AND(OR(AG67="Allaitement",AG67="Sans déjeuner"),F67-D67<0),("24:00:00"-D67)+("00:00:00"+F67),IF(AND(AG67="",F67-D67>0.166666666666667),F67-D67-0.0416666666666667,IF(AND(OR(AG67="Allaitement",AG67="Sans déjeuner"),F67-D67>0.166666666666667),F67-D67,F67-D67))))))) -> 0.375 | P67: Accesibilité | Q67: 44825 | R67: =IF(M67="Abs",O67,0) -> 0 | S67: =SUM(R67,L67,I67,J67,W67,H67) -> 0 | T67: ="Sem - "&WEEKNUM(Q67,21) -> Sem - 39 | U67: =PROPER(TEXT(Q67,"mmmm")) -> Septembre | V67: =+TEXT(Q67,"aaa") -> 2026 | X67: =IFERROR(IF(M67="Abs",0,IF((D67-C67+E67-F67)<0.000694444444444444,0,(D67-C67+E67-F67))),0) -> 0 | Y67: =VLOOKUP('CM-CIC'!B67,Annuaire_roster!B:F,4,0) -> OUBRAHIM Mohammed | Z67: Credit Mutuel | AA67: Forfaitaire | AB67: =IF(AND(D67="Congé",F67="Congé"),0.333333333333333,IF(OR(AND(D67="Congé",F67<>"Congé"),(AND(F67="Congé",D67<>"Congé"))),0.166666666666667,"")) | AC67: =IF(AND(D67="Congé sans solde",F67="Congé sans solde"),0.333333333333333,IF(OR(AND(D67="Congé sans solde",F67<>"Congé sans solde"),(AND(F67="Congé sans solde",D67<>"Congé sans solde"))),0.166666666666667,"")) | AD67: =IF(AND(D67="Congé spécial",F67="Congé spécial"),0.333333333333333,IF(OR(AND(D67="Congé spécial",F67<>"Congé décès"),(AND(F67="Congé spécial",D67<>"Congé spécial"))),0.166666666666667,"")) | AE67: =IF(AND(D67="Férié",F67="Férié"),0.333333333333333,IF(OR(AND(D67="Férié",F67<>"Férié"),(AND(F67="Férié",D67<>"Férié"))),0.166666666666667,""))
A68: =+VLOOKUP(B68,Annuaire_roster!B:G,5,0) -> 1278 | B68: LISSAOUI HIBA | C68: 0.33333333 | D68: 0.33333333 | E68: 0.75 | F68: 0.75 | K68: 0 | L68: 0 | M68: 0 | N68: =IFERROR(IF(OR(D68="OFF",D68="Congé",M68="Abs",D68="Congé sans solde",D68="Férié"),"",IF(O68-K68-L68>O68,O68,IF(O68-K68-L68<0,"",O68-K68-L68))),"") -> 0.375 | O68: =IF(AG68="2H Pause déjeuner",IF(F68-D68-0.0833333333333333<0,F68-D68-0.0833333333333333+1,F68-D68-0.0833333333333333),IF(OR(AND(F68="OFF",D68="OFF"),AND(F68="Congé",D68="Congé"),AND(F68="Congé sans solde",D68="Congé sans solde"),AND(F68="Congé spécial",D68="Congé spécial"),AND(F68="Férié",D68="Férié"),AND(F68="OFF",D68="Congé"),AND(F68="OFF",D68="Congé sans solde"),AND(F68="OFF",D68="Congé spécial"),AND(F68="OFF",D68="Férié"),AND(F68="Congé",D68="OFF"),AND(F68="Congé",D68="Congé sans solde"),AND(F68="Congé",D68="Congé spécial"),AND(F68="Congé",D68="Férié"),AND(F68="Congé sans solde",D68="OFF"),AND(F68="Congé sans solde",D68="Congé"),AND(F68="Congé sans solde",D68="Congé spécial"),AND(F68="Congé sans solde",D68="Férié"),AND(F68="Congé spécial",D68="OFF"),AND(F68="Congé spécial",D68="Congé"),AND(F68="Congé spécial",D68="Congé sans solde"),AND(F68="Congé spécial",D68="Férié"),AND(F68="Férié",D68="OFF"),AND(F68="Férié",D68="Congé"),AND(F68="Férié",D68="Congé sans solde"),AND(F68="Férié",D68="Congé spécial")),0,IF(OR(F68="OFF",F68="Congé",F68="Congé spécial",F68="Congé sans solde",D68="OFF",D68="Congé",D68="Congé spécial",D68="Congé sans solde"),0.208333333333334,IF(AND(AG68="",F68-D68<0),("24:00:00"-D68)+("00:00:00"+F68)-0.0416666666666667,IF(AND(OR(AG68="Allaitement",AG68="Sans déjeuner"),F68-D68<0),("24:00:00"-D68)+("00:00:00"+F68),IF(AND(AG68="",F68-D68>0.166666666666667),F68-D68-0.0416666666666667,IF(AND(OR(AG68="Allaitement",AG68="Sans déjeuner"),F68-D68>0.166666666666667),F68-D68,F68-D68))))))) -> 0.375 | P68: Accesibilité | Q68: 44826 | R68: =IF(M68="Abs",O68,0) -> 0 | S68: =SUM(R68,L68,I68,J68,W68,H68) -> 0 | T68: ="Sem - "&WEEKNUM(Q68,21) -> Sem - 39 | U68: =PROPER(TEXT(Q68,"mmmm")) -> Septembre | V68: =+TEXT(Q68,"aaa") -> 2026 | X68: =IFERROR(IF(M68="Abs",0,IF((D68-C68+E68-F68)<0.000694444444444444,0,(D68-C68+E68-F68))),0) -> 0 | Y68: =VLOOKUP('CM-CIC'!B68,Annuaire_roster!B:F,4,0) -> OUBRAHIM Mohammed | Z68: Credit Mutuel | AA68: Forfaitaire | AB68: =IF(AND(D68="Congé",F68="Congé"),0.333333333333333,IF(OR(AND(D68="Congé",F68<>"Congé"),(AND(F68="Congé",D68<>"Congé"))),0.166666666666667,"")) | AC68: =IF(AND(D68="Congé sans solde",F68="Congé sans solde"),0.333333333333333,IF(OR(AND(D68="Congé sans solde",F68<>"Congé sans solde"),(AND(F68="Congé sans solde",D68<>"Congé sans solde"))),0.166666666666667,"")) | AD68: =IF(AND(D68="Congé spécial",F68="Congé spécial"),0.333333333333333,IF(OR(AND(D68="Congé spécial",F68<>"Congé décès"),(AND(F68="Congé spécial",D68<>"Congé spécial"))),0.166666666666667,"")) | AE68: =IF(AND(D68="Férié",F68="Férié"),0.333333333333333,IF(OR(AND(D68="Férié",F68<>"Férié"),(AND(F68="Férié",D68<>"Férié"))),0.166666666666667,""))
A69: =+VLOOKUP(B69,Annuaire_roster!B:G,5,0) -> 1265 | B69: RMAIDI IMAD | C69: 0.33333333 | D69: 0.33333333 | E69: 0.75 | F69: 0.75 | K69: 0 | L69: 0 | M69: 0 | N69: =IFERROR(IF(OR(D69="OFF",D69="Congé",M69="Abs",D69="Congé sans solde",D69="Férié"),"",IF(O69-K69-L69>O69,O69,IF(O69-K69-L69<0,"",O69-K69-L69))),"") -> 0.375 | O69: =IF(AG69="2H Pause déjeuner",IF(F69-D69-0.0833333333333333<0,F69-D69-0.0833333333333333+1,F69-D69-0.0833333333333333),IF(OR(AND(F69="OFF",D69="OFF"),AND(F69="Congé",D69="Congé"),AND(F69="Congé sans solde",D69="Congé sans solde"),AND(F69="Congé spécial",D69="Congé spécial"),AND(F69="Férié",D69="Férié"),AND(F69="OFF",D69="Congé"),AND(F69="OFF",D69="Congé sans solde"),AND(F69="OFF",D69="Congé spécial"),AND(F69="OFF",D69="Férié"),AND(F69="Congé",D69="OFF"),AND(F69="Congé",D69="Congé sans solde"),AND(F69="Congé",D69="Congé spécial"),AND(F69="Congé",D69="Férié"),AND(F69="Congé sans solde",D69="OFF"),AND(F69="Congé sans solde",D69="Congé"),AND(F69="Congé sans solde",D69="Congé spécial"),AND(F69="Congé sans solde",D69="Férié"),AND(F69="Congé spécial",D69="OFF"),AND(F69="Congé spécial",D69="Congé"),AND(F69="Congé spécial",D69="Congé sans solde"),AND(F69="Congé spécial",D69="Férié"),AND(F69="Férié",D69="OFF"),AND(F69="Férié",D69="Congé"),AND(F69="Férié",D69="Congé sans solde"),AND(F69="Férié",D69="Congé spécial")),0,IF(OR(F69="OFF",F69="Congé",F69="Congé spécial",F69="Congé sans solde",D69="OFF",D69="Congé",D69="Congé spécial",D69="Congé sans solde"),0.208333333333334,IF(AND(AG69="",F69-D69<0),("24:00:00"-D69)+("00:00:00"+F69)-0.0416666666666667,IF(AND(OR(AG69="Allaitement",AG69="Sans déjeuner"),F69-D69<0),("24:00:00"-D69)+("00:00:00"+F69),IF(AND(AG69="",F69-D69>0.166666666666667),F69-D69-0.0416666666666667,IF(AND(OR(AG69="Allaitement",AG69="Sans déjeuner"),F69-D69>0.166666666666667),F69-D69,F69-D69))))))) -> 0.375 | P69: Accesibilité | Q69: 44826 | R69: =IF(M69="Abs",O69,0) -> 0 | S69: =SUM(R69,L69,I69,J69,W69,H69) -> 0 | T69: ="Sem - "&WEEKNUM(Q69,21) -> Sem - 39 | U69: =PROPER(TEXT(Q69,"mmmm")) -> Septembre | V69: =+TEXT(Q69,"aaa") -> 2026 | X69: =IFERROR(IF(M69="Abs",0,IF((D69-C69+E69-F69)<0.000694444444444444,0,(D69-C69+E69-F69))),0) -> 0 | Y69: =VLOOKUP('CM-CIC'!B69,Annuaire_roster!B:F,4,0) -> OUBRAHIM Mohammed | Z69: Credit Mutuel | AA69: Forfaitaire | AB69: =IF(AND(D69="Congé",F69="Congé"),0.333333333333333,IF(OR(AND(D69="Congé",F69<>"Congé"),(AND(F69="Congé",D69<>"Congé"))),0.166666666666667,"")) | AC69: =IF(AND(D69="Congé sans solde",F69="Congé sans solde"),0.333333333333333,IF(OR(AND(D69="Congé sans solde",F69<>"Congé sans solde"),(AND(F69="Congé sans solde",D69<>"Congé sans solde"))),0.166666666666667,"")) | AD69: =IF(AND(D69="Congé spécial",F69="Congé spécial"),0.333333333333333,IF(OR(AND(D69="Congé spécial",F69<>"Congé décès"),(AND(F69="Congé spécial",D69<>"Congé spécial"))),0.166666666666667,"")) | AE69: =IF(AND(D69="Férié",F69="Férié"),0.333333333333333,IF(OR(AND(D69="Férié",F69<>"Férié"),(AND(F69="Férié",D69<>"Férié"))),0.166666666666667,""))
A70: =+VLOOKUP(B70,Annuaire_roster!B:G,5,0) -> 1317 | B70: HAMDANI MOHAMED | C70: 0.33333333 | D70: 0.33333333 | E70: 0.75 | F70: 0.75 | K70: 0 | L70: 0 | M70: 0 | N70: =IFERROR(IF(OR(D70="OFF",D70="Congé",M70="Abs",D70="Congé sans solde",D70="Férié"),"",IF(O70-K70-L70>O70,O70,IF(O70-K70-L70<0,"",O70-K70-L70))),"") -> 0.375 | O70: =IF(AG70="2H Pause déjeuner",IF(F70-D70-0.0833333333333333<0,F70-D70-0.0833333333333333+1,F70-D70-0.0833333333333333),IF(OR(AND(F70="OFF",D70="OFF"),AND(F70="Congé",D70="Congé"),AND(F70="Congé sans solde",D70="Congé sans solde"),AND(F70="Congé spécial",D70="Congé spécial"),AND(F70="Férié",D70="Férié"),AND(F70="OFF",D70="Congé"),AND(F70="OFF",D70="Congé sans solde"),AND(F70="OFF",D70="Congé spécial"),AND(F70="OFF",D70="Férié"),AND(F70="Congé",D70="OFF"),AND(F70="Congé",D70="Congé sans solde"),AND(F70="Congé",D70="Congé spécial"),AND(F70="Congé",D70="Férié"),AND(F70="Congé sans solde",D70="OFF"),AND(F70="Congé sans solde",D70="Congé"),AND(F70="Congé sans solde",D70="Congé spécial"),AND(F70="Congé sans solde",D70="Férié"),AND(F70="Congé spécial",D70="OFF"),AND(F70="Congé spécial",D70="Congé"),AND(F70="Congé spécial",D70="Congé sans solde"),AND(F70="Congé spécial",D70="Férié"),AND(F70="Férié",D70="OFF"),AND(F70="Férié",D70="Congé"),AND(F70="Férié",D70="Congé sans solde"),AND(F70="Férié",D70="Congé spécial")),0,IF(OR(F70="OFF",F70="Congé",F70="Congé spécial",F70="Congé sans solde",D70="OFF",D70="Congé",D70="Congé spécial",D70="Congé sans solde"),0.208333333333334,IF(AND(AG70="",F70-D70<0),("24:00:00"-D70)+("00:00:00"+F70)-0.0416666666666667,IF(AND(OR(AG70="Allaitement",AG70="Sans déjeuner"),F70-D70<0),("24:00:00"-D70)+("00:00:00"+F70),IF(AND(AG70="",F70-D70>0.166666666666667),F70-D70-0.0416666666666667,IF(AND(OR(AG70="Allaitement",AG70="Sans déjeuner"),F70-D70>0.166666666666667),F70-D70,F70-D70))))))) -> 0.375 | P70: Accesibilité | Q70: 44826 | R70: =IF(M70="Abs",O70,0) -> 0 | S70: =SUM(R70,L70,I70,J70,W70,H70) -> 0 | T70: ="Sem - "&WEEKNUM(Q70,21) -> Sem - 39 | U70: =PROPER(TEXT(Q70,"mmmm")) -> Septembre | V70: =+TEXT(Q70,"aaa") -> 2026 | X70: =IFERROR(IF(M70="Abs",0,IF((D70-C70+E70-F70)<0.000694444444444444,0,(D70-C70+E70-F70))),0) -> 0 | Y70: =VLOOKUP('CM-CIC'!B70,Annuaire_roster!B:F,4,0) -> OUBRAHIM Mohammed | Z70: Credit Mutuel | AA70: Forfaitaire | AB70: =IF(AND(D70="Congé",F70="Congé"),0.333333333333333,IF(OR(AND(D70="Congé",F70<>"Congé"),(AND(F70="Congé",D70<>"Congé"))),0.166666666666667,"")) | AC70: =IF(AND(D70="Congé sans solde",F70="Congé sans solde"),0.333333333333333,IF(OR(AND(D70="Congé sans solde",F70<>"Congé sans solde"),(AND(F70="Congé sans solde",D70<>"Congé sans solde"))),0.166666666666667,"")) | AD70: =IF(AND(D70="Congé spécial",F70="Congé spécial"),0.333333333333333,IF(OR(AND(D70="Congé spécial",F70<>"Congé décès"),(AND(F70="Congé spécial",D70<>"Congé spécial"))),0.166666666666667,"")) | AE70: =IF(AND(D70="Férié",F70="Férié"),0.333333333333333,IF(OR(AND(D70="Férié",F70<>"Férié"),(AND(F70="Férié",D70<>"Férié"))),0.166666666666667,""))
A71: =+VLOOKUP(B71,Annuaire_roster!B:G,5,0) -> 1278 | B71: LISSAOUI HIBA | C71: 0.33194444 | D71: 0.33333333 | E71: 0.75 | F71: 0.75 | K71: 0 | L71: 0 | M71: 0 | N71: =IFERROR(IF(OR(D71="OFF",D71="Congé",M71="Abs",D71="Congé sans solde",D71="Férié"),"",IF(O71-K71-L71>O71,O71,IF(O71-K71-L71<0,"",O71-K71-L71))),"") -> 0.375 | O71: =IF(AG71="2H Pause déjeuner",IF(F71-D71-0.0833333333333333<0,F71-D71-0.0833333333333333+1,F71-D71-0.0833333333333333),IF(OR(AND(F71="OFF",D71="OFF"),AND(F71="Congé",D71="Congé"),AND(F71="Congé sans solde",D71="Congé sans solde"),AND(F71="Congé spécial",D71="Congé spécial"),AND(F71="Férié",D71="Férié"),AND(F71="OFF",D71="Congé"),AND(F71="OFF",D71="Congé sans solde"),AND(F71="OFF",D71="Congé spécial"),AND(F71="OFF",D71="Férié"),AND(F71="Congé",D71="OFF"),AND(F71="Congé",D71="Congé sans solde"),AND(F71="Congé",D71="Congé spécial"),AND(F71="Congé",D71="Férié"),AND(F71="Congé sans solde",D71="OFF"),AND(F71="Congé sans solde",D71="Congé"),AND(F71="Congé sans solde",D71="Congé spécial"),AND(F71="Congé sans solde",D71="Férié"),AND(F71="Congé spécial",D71="OFF"),AND(F71="Congé spécial",D71="Congé"),AND(F71="Congé spécial",D71="Congé sans solde"),AND(F71="Congé spécial",D71="Férié"),AND(F71="Férié",D71="OFF"),AND(F71="Férié",D71="Congé"),AND(F71="Férié",D71="Congé sans solde"),AND(F71="Férié",D71="Congé spécial")),0,IF(OR(F71="OFF",F71="Congé",F71="Congé spécial",F71="Congé sans solde",D71="OFF",D71="Congé",D71="Congé spécial",D71="Congé sans solde"),0.208333333333334,IF(AND(AG71="",F71-D71<0),("24:00:00"-D71)+("00:00:00"+F71)-0.0416666666666667,IF(AND(OR(AG71="Allaitement",AG71="Sans déjeuner"),F71-D71<0),("24:00:00"-D71)+("00:00:00"+F71),IF(AND(AG71="",F71-D71>0.166666666666667),F71-D71-0.0416666666666667,IF(AND(OR(AG71="Allaitement",AG71="Sans déjeuner"),F71-D71>0.166666666666667),F71-D71,F71-D71))))))) -> 0.375 | P71: Accesibilité | Q71: 44827 | R71: =IF(M71="Abs",O71,0) -> 0 | S71: =SUM(R71,L71,I71,J71,W71,H71) -> 0 | T71: ="Sem - "&WEEKNUM(Q71,21) -> Sem - 39 | U71: =PROPER(TEXT(Q71,"mmmm")) -> Septembre | V71: =+TEXT(Q71,"aaa") -> 2026 | X71: =IFERROR(IF(M71="Abs",0,IF((D71-C71+E71-F71)<0.000694444444444444,0,(D71-C71+E71-F71))),0) -> 0.0013888889 | Y71: =VLOOKUP('CM-CIC'!B71,Annuaire_roster!B:F,4,0) -> OUBRAHIM Mohammed | Z71: Credit Mutuel | AA71: Forfaitaire | AB71: =IF(AND(D71="Congé",F71="Congé"),0.333333333333333,IF(OR(AND(D71="Congé",F71<>"Congé"),(AND(F71="Congé",D71<>"Congé"))),0.166666666666667,"")) | AC71: =IF(AND(D71="Congé sans solde",F71="Congé sans solde"),0.333333333333333,IF(OR(AND(D71="Congé sans solde",F71<>"Congé sans solde"),(AND(F71="Congé sans solde",D71<>"Congé sans solde"))),0.166666666666667,"")) | AD71: =IF(AND(D71="Congé spécial",F71="Congé spécial"),0.333333333333333,IF(OR(AND(D71="Congé spécial",F71<>"Congé décès"),(AND(F71="Congé spécial",D71<>"Congé spécial"))),0.166666666666667,"")) | AE71: =IF(AND(D71="Férié",F71="Férié"),0.333333333333333,IF(OR(AND(D71="Férié",F71<>"Férié"),(AND(F71="Férié",D71<>"Férié"))),0.166666666666667,""))
A72: =+VLOOKUP(B72,Annuaire_roster!B:G,5,0) -> 1265 | B72: RMAIDI IMAD | C72: 0.33055556 | D72: 0.33333333 | E72: 0.75 | F72: 0.75 | K72: 0 | L72: 0 | M72: 0 | N72: =IFERROR(IF(OR(D72="OFF",D72="Congé",M72="Abs",D72="Congé sans solde",D72="Férié"),"",IF(O72-K72-L72>O72,O72,IF(O72-K72-L72<0,"",O72-K72-L72))),"") -> 0.375 | O72: =IF(AG72="2H Pause déjeuner",IF(F72-D72-0.0833333333333333<0,F72-D72-0.0833333333333333+1,F72-D72-0.0833333333333333),IF(OR(AND(F72="OFF",D72="OFF"),AND(F72="Congé",D72="Congé"),AND(F72="Congé sans solde",D72="Congé sans solde"),AND(F72="Congé spécial",D72="Congé spécial"),AND(F72="Férié",D72="Férié"),AND(F72="OFF",D72="Congé"),AND(F72="OFF",D72="Congé sans solde"),AND(F72="OFF",D72="Congé spécial"),AND(F72="OFF",D72="Férié"),AND(F72="Congé",D72="OFF"),AND(F72="Congé",D72="Congé sans solde"),AND(F72="Congé",D72="Congé spécial"),AND(F72="Congé",D72="Férié"),AND(F72="Congé sans solde",D72="OFF"),AND(F72="Congé sans solde",D72="Congé"),AND(F72="Congé sans solde",D72="Congé spécial"),AND(F72="Congé sans solde",D72="Férié"),AND(F72="Congé spécial",D72="OFF"),AND(F72="Congé spécial",D72="Congé"),AND(F72="Congé spécial",D72="Congé sans solde"),AND(F72="Congé spécial",D72="Férié"),AND(F72="Férié",D72="OFF"),AND(F72="Férié",D72="Congé"),AND(F72="Férié",D72="Congé sans solde"),AND(F72="Férié",D72="Congé spécial")),0,IF(OR(F72="OFF",F72="Congé",F72="Congé spécial",F72="Congé sans solde",D72="OFF",D72="Congé",D72="Congé spécial",D72="Congé sans solde"),0.208333333333334,IF(AND(AG72="",F72-D72<0),("24:00:00"-D72)+("00:00:00"+F72)-0.0416666666666667,IF(AND(OR(AG72="Allaitement",AG72="Sans déjeuner"),F72-D72<0),("24:00:00"-D72)+("00:00:00"+F72),IF(AND(AG72="",F72-D72>0.166666666666667),F72-D72-0.0416666666666667,IF(AND(OR(AG72="Allaitement",AG72="Sans déjeuner"),F72-D72>0.166666666666667),F72-D72,F72-D72))))))) -> 0.375 | P72: Accesibilité | Q72: 44827 | R72: =IF(M72="Abs",O72,0) -> 0 | S72: =SUM(R72,L72,I72,J72,W72,H72) -> 0 | T72: ="Sem - "&WEEKNUM(Q72,21) -> Sem - 39 | U72: =PROPER(TEXT(Q72,"mmmm")) -> Septembre | V72: =+TEXT(Q72,"aaa") -> 2026 | X72: =IFERROR(IF(M72="Abs",0,IF((D72-C72+E72-F72)<0.000694444444444444,0,(D72-C72+E72-F72))),0) -> 0.0027777778 | Y72: =VLOOKUP('CM-CIC'!B72,Annuaire_roster!B:F,4,0) -> OUBRAHIM Mohammed | Z72: Credit Mutuel | AA72: Forfaitaire | AB72: =IF(AND(D72="Congé",F72="Congé"),0.333333333333333,IF(OR(AND(D72="Congé",F72<>"Congé"),(AND(F72="Congé",D72<>"Congé"))),0.166666666666667,"")) | AC72: =IF(AND(D72="Congé sans solde",F72="Congé sans solde"),0.333333333333333,IF(OR(AND(D72="Congé sans solde",F72<>"Congé sans solde"),(AND(F72="Congé sans solde",D72<>"Congé sans solde"))),0.166666666666667,"")) | AD72: =IF(AND(D72="Congé spécial",F72="Congé spécial"),0.333333333333333,IF(OR(AND(D72="Congé spécial",F72<>"Congé décès"),(AND(F72="Congé spécial",D72<>"Congé spécial"))),0.166666666666667,"")) | AE72: =IF(AND(D72="Férié",F72="Férié"),0.333333333333333,IF(OR(AND(D72="Férié",F72<>"Férié"),(AND(F72="Férié",D72<>"Férié"))),0.166666666666667,""))
A73: =+VLOOKUP(B73,Annuaire_roster!B:G,5,0) -> 1317 | B73: HAMDANI MOHAMED | C73: 0.32638889 | D73: 0.33333333 | E73: 0.75 | F73: 0.75 | K73: 0 | L73: 0 | M73: 0 | N73: =IFERROR(IF(OR(D73="OFF",D73="Congé",M73="Abs",D73="Congé sans solde",D73="Férié"),"",IF(O73-K73-L73>O73,O73,IF(O73-K73-L73<0,"",O73-K73-L73))),"") -> 0.375 | O73: =IF(AG73="2H Pause déjeuner",IF(F73-D73-0.0833333333333333<0,F73-D73-0.0833333333333333+1,F73-D73-0.0833333333333333),IF(OR(AND(F73="OFF",D73="OFF"),AND(F73="Congé",D73="Congé"),AND(F73="Congé sans solde",D73="Congé sans solde"),AND(F73="Congé spécial",D73="Congé spécial"),AND(F73="Férié",D73="Férié"),AND(F73="OFF",D73="Congé"),AND(F73="OFF",D73="Congé sans solde"),AND(F73="OFF",D73="Congé spécial"),AND(F73="OFF",D73="Férié"),AND(F73="Congé",D73="OFF"),AND(F73="Congé",D73="Congé sans solde"),AND(F73="Congé",D73="Congé spécial"),AND(F73="Congé",D73="Férié"),AND(F73="Congé sans solde",D73="OFF"),AND(F73="Congé sans solde",D73="Congé"),AND(F73="Congé sans solde",D73="Congé spécial"),AND(F73="Congé sans solde",D73="Férié"),AND(F73="Congé spécial",D73="OFF"),AND(F73="Congé spécial",D73="Congé"),AND(F73="Congé spécial",D73="Congé sans solde"),AND(F73="Congé spécial",D73="Férié"),AND(F73="Férié",D73="OFF"),AND(F73="Férié",D73="Congé"),AND(F73="Férié",D73="Congé sans solde"),AND(F73="Férié",D73="Congé spécial")),0,IF(OR(F73="OFF",F73="Congé",F73="Congé spécial",F73="Congé sans solde",D73="OFF",D73="Congé",D73="Congé spécial",D73="Congé sans solde"),0.208333333333334,IF(AND(AG73="",F73-D73<0),("24:00:00"-D73)+("00:00:00"+F73)-0.0416666666666667,IF(AND(OR(AG73="Allaitement",AG73="Sans déjeuner"),F73-D73<0),("24:00:00"-D73)+("00:00:00"+F73),IF(AND(AG73="",F73-D73>0.166666666666667),F73-D73-0.0416666666666667,IF(AND(OR(AG73="Allaitement",AG73="Sans déjeuner"),F73-D73>0.166666666666667),F73-D73,F73-D73))))))) -> 0.375 | P73: Accesibilité | Q73: 44827 | R73: =IF(M73="Abs",O73,0) -> 0 | S73: =SUM(R73,L73,I73,J73,W73,H73) -> 0 | T73: ="Sem - "&WEEKNUM(Q73,21) -> Sem - 39 | U73: =PROPER(TEXT(Q73,"mmmm")) -> Septembre | V73: =+TEXT(Q73,"aaa") -> 2026 | X73: =IFERROR(IF(M73="Abs",0,IF((D73-C73+E73-F73)<0.000694444444444444,0,(D73-C73+E73-F73))),0) -> 0.0069444444 | Y73: =VLOOKUP('CM-CIC'!B73,Annuaire_roster!B:F,4,0) -> OUBRAHIM Mohammed | Z73: Credit Mutuel | AA73: Forfaitaire | AB73: =IF(AND(D73="Congé",F73="Congé"),0.333333333333333,IF(OR(AND(D73="Congé",F73<>"Congé"),(AND(F73="Congé",D73<>"Congé"))),0.166666666666667,"")) | AC73: =IF(AND(D73="Congé sans solde",F73="Congé sans solde"),0.333333333333333,IF(OR(AND(D73="Congé sans solde",F73<>"Congé sans solde"),(AND(F73="Congé sans solde",D73<>"Congé sans solde"))),0.166666666666667,"")) | AD73: =IF(AND(D73="Congé spécial",F73="Congé spécial"),0.333333333333333,IF(OR(AND(D73="Congé spécial",F73<>"Congé décès"),(AND(F73="Congé spécial",D73<>"Congé spécial"))),0.166666666666667,"")) | AE73: =IF(AND(D73="Férié",F73="Férié"),0.333333333333333,IF(OR(AND(D73="Férié",F73<>"Férié"),(AND(F73="Férié",D73<>"Férié"))),0.166666666666667,""))
A74: =+VLOOKUP(B74,Annuaire_roster!B:G,5,0) -> 1278 | B74: LISSAOUI HIBA | C74: 0.33263889 | D74: 0.33333333 | E74: 0.70833333 | F74: 0.70833333 | K74: 0 | L74: 0 | M74: 0 | N74: =IFERROR(IF(OR(D74="OFF",D74="Congé",M74="Abs",D74="Congé sans solde",D74="Férié"),"",IF(O74-K74-L74>O74,O74,IF(O74-K74-L74<0,"",O74-K74-L74))),"") -> 0.33333333 | O74: =IF(AG74="2H Pause déjeuner",IF(F74-D74-0.0833333333333333<0,F74-D74-0.0833333333333333+1,F74-D74-0.0833333333333333),IF(OR(AND(F74="OFF",D74="OFF"),AND(F74="Congé",D74="Congé"),AND(F74="Congé sans solde",D74="Congé sans solde"),AND(F74="Congé spécial",D74="Congé spécial"),AND(F74="Férié",D74="Férié"),AND(F74="OFF",D74="Congé"),AND(F74="OFF",D74="Congé sans solde"),AND(F74="OFF",D74="Congé spécial"),AND(F74="OFF",D74="Férié"),AND(F74="Congé",D74="OFF"),AND(F74="Congé",D74="Congé sans solde"),AND(F74="Congé",D74="Congé spécial"),AND(F74="Congé",D74="Férié"),AND(F74="Congé sans solde",D74="OFF"),AND(F74="Congé sans solde",D74="Congé"),AND(F74="Congé sans solde",D74="Congé spécial"),AND(F74="Congé sans solde",D74="Férié"),AND(F74="Congé spécial",D74="OFF"),AND(F74="Congé spécial",D74="Congé"),AND(F74="Congé spécial",D74="Congé sans solde"),AND(F74="Congé spécial",D74="Férié"),AND(F74="Férié",D74="OFF"),AND(F74="Férié",D74="Congé"),AND(F74="Férié",D74="Congé sans solde"),AND(F74="Férié",D74="Congé spécial")),0,IF(OR(F74="OFF",F74="Congé",F74="Congé spécial",F74="Congé sans solde",D74="OFF",D74="Congé",D74="Congé spécial",D74="Congé sans solde"),0.208333333333334,IF(AND(AG74="",F74-D74<0),("24:00:00"-D74)+("00:00:00"+F74)-0.0416666666666667,IF(AND(OR(AG74="Allaitement",AG74="Sans déjeuner"),F74-D74<0),("24:00:00"-D74)+("00:00:00"+F74),IF(AND(AG74="",F74-D74>0.166666666666667),F74-D74-0.0416666666666667,IF(AND(OR(AG74="Allaitement",AG74="Sans déjeuner"),F74-D74>0.166666666666667),F74-D74,F74-D74))))))) -> 0.33333333 | P74: Accesibilité | Q74: 44828 | R74: =IF(M74="Abs",O74,0) -> 0 | S74: =SUM(R74,L74,I74,J74,W74,H74) -> 0 | T74: ="Sem - "&WEEKNUM(Q74,21) -> Sem - 39 | U74: =PROPER(TEXT(Q74,"mmmm")) -> Septembre | V74: =+TEXT(Q74,"aaa") -> 2026 | X74: =IFERROR(IF(M74="Abs",0,IF((D74-C74+E74-F74)<0.000694444444444444,0,(D74-C74+E74-F74))),0) -> 0 | Y74: =VLOOKUP('CM-CIC'!B74,Annuaire_roster!B:F,4,0) -> OUBRAHIM Mohammed | Z74: Credit Mutuel | AA74: Forfaitaire | AB74: =IF(AND(D74="Congé",F74="Congé"),0.333333333333333,IF(OR(AND(D74="Congé",F74<>"Congé"),(AND(F74="Congé",D74<>"Congé"))),0.166666666666667,"")) | AC74: =IF(AND(D74="Congé sans solde",F74="Congé sans solde"),0.333333333333333,IF(OR(AND(D74="Congé sans solde",F74<>"Congé sans solde"),(AND(F74="Congé sans solde",D74<>"Congé sans solde"))),0.166666666666667,"")) | AD74: =IF(AND(D74="Congé spécial",F74="Congé spécial"),0.333333333333333,IF(OR(AND(D74="Congé spécial",F74<>"Congé décès"),(AND(F74="Congé spécial",D74<>"Congé spécial"))),0.166666666666667,"")) | AE74: =IF(AND(D74="Férié",F74="Férié"),0.333333333333333,IF(OR(AND(D74="Férié",F74<>"Férié"),(AND(F74="Férié",D74<>"Férié"))),0.166666666666667,""))
A75: =+VLOOKUP(B75,Annuaire_roster!B:G,5,0) -> 1265 | B75: RMAIDI IMAD | C75: 0.32986111 | D75: 0.33333333 | E75: 0.70833333 | F75: 0.70833333 | K75: 0 | L75: 0 | M75: 0 | N75: =IFERROR(IF(OR(D75="OFF",D75="Congé",M75="Abs",D75="Congé sans solde",D75="Férié"),"",IF(O75-K75-L75>O75,O75,IF(O75-K75-L75<0,"",O75-K75-L75))),"") -> 0.33333333 | O75: =IF(AG75="2H Pause déjeuner",IF(F75-D75-0.0833333333333333<0,F75-D75-0.0833333333333333+1,F75-D75-0.0833333333333333),IF(OR(AND(F75="OFF",D75="OFF"),AND(F75="Congé",D75="Congé"),AND(F75="Congé sans solde",D75="Congé sans solde"),AND(F75="Congé spécial",D75="Congé spécial"),AND(F75="Férié",D75="Férié"),AND(F75="OFF",D75="Congé"),AND(F75="OFF",D75="Congé sans solde"),AND(F75="OFF",D75="Congé spécial"),AND(F75="OFF",D75="Férié"),AND(F75="Congé",D75="OFF"),AND(F75="Congé",D75="Congé sans solde"),AND(F75="Congé",D75="Congé spécial"),AND(F75="Congé",D75="Férié"),AND(F75="Congé sans solde",D75="OFF"),AND(F75="Congé sans solde",D75="Congé"),AND(F75="Congé sans solde",D75="Congé spécial"),AND(F75="Congé sans solde",D75="Férié"),AND(F75="Congé spécial",D75="OFF"),AND(F75="Congé spécial",D75="Congé"),AND(F75="Congé spécial",D75="Congé sans solde"),AND(F75="Congé spécial",D75="Férié"),AND(F75="Férié",D75="OFF"),AND(F75="Férié",D75="Congé"),AND(F75="Férié",D75="Congé sans solde"),AND(F75="Férié",D75="Congé spécial")),0,IF(OR(F75="OFF",F75="Congé",F75="Congé spécial",F75="Congé sans solde",D75="OFF",D75="Congé",D75="Congé spécial",D75="Congé sans solde"),0.208333333333334,IF(AND(AG75="",F75-D75<0),("24:00:00"-D75)+("00:00:00"+F75)-0.0416666666666667,IF(AND(OR(AG75="Allaitement",AG75="Sans déjeuner"),F75-D75<0),("24:00:00"-D75)+("00:00:00"+F75),IF(AND(AG75="",F75-D75>0.166666666666667),F75-D75-0.0416666666666667,IF(AND(OR(AG75="Allaitement",AG75="Sans déjeuner"),F75-D75>0.166666666666667),F75-D75,F75-D75))))))) -> 0.33333333 | P75: Accesibilité | Q75: 44828 | R75: =IF(M75="Abs",O75,0) -> 0 | S75: =SUM(R75,L75,I75,J75,W75,H75) -> 0 | T75: ="Sem - "&WEEKNUM(Q75,21) -> Sem - 39 | U75: =PROPER(TEXT(Q75,"mmmm")) -> Septembre | V75: =+TEXT(Q75,"aaa") -> 2026 | X75: =IFERROR(IF(M75="Abs",0,IF((D75-C75+E75-F75)<0.000694444444444444,0,(D75-C75+E75-F75))),0) -> 0.0034722222 | Y75: =VLOOKUP('CM-CIC'!B75,Annuaire_roster!B:F,4,0) -> OUBRAHIM Mohammed | Z75: Credit Mutuel | AA75: Forfaitaire | AB75: =IF(AND(D75="Congé",F75="Congé"),0.333333333333333,IF(OR(AND(D75="Congé",F75<>"Congé"),(AND(F75="Congé",D75<>"Congé"))),0.166666666666667,"")) | AC75: =IF(AND(D75="Congé sans solde",F75="Congé sans solde"),0.333333333333333,IF(OR(AND(D75="Congé sans solde",F75<>"Congé sans solde"),(AND(F75="Congé sans solde",D75<>"Congé sans solde"))),0.166666666666667,"")) | AD75: =IF(AND(D75="Congé spécial",F75="Congé spécial"),0.333333333333333,IF(OR(AND(D75="Congé spécial",F75<>"Congé décès"),(AND(F75="Congé spécial",D75<>"Congé spécial"))),0.166666666666667,"")) | AE75: =IF(AND(D75="Férié",F75="Férié"),0.333333333333333,IF(OR(AND(D75="Férié",F75<>"Férié"),(AND(F75="Férié",D75<>"Férié"))),0.166666666666667,""))
A76: =+VLOOKUP(B76,Annuaire_roster!B:G,5,0) -> 1317 | B76: HAMDANI MOHAMED | C76: 0.33333333 | D76: 0.33333333 | E76: 0.70833333 | F76: 0.70833333 | K76: 0 | L76: 0 | M76: 0 | N76: =IFERROR(IF(OR(D76="OFF",D76="Congé",M76="Abs",D76="Congé sans solde",D76="Férié"),"",IF(O76-K76-L76>O76,O76,IF(O76-K76-L76<0,"",O76-K76-L76))),"") -> 0.33333333 | O76: =IF(AG76="2H Pause déjeuner",IF(F76-D76-0.0833333333333333<0,F76-D76-0.0833333333333333+1,F76-D76-0.0833333333333333),IF(OR(AND(F76="OFF",D76="OFF"),AND(F76="Congé",D76="Congé"),AND(F76="Congé sans solde",D76="Congé sans solde"),AND(F76="Congé spécial",D76="Congé spécial"),AND(F76="Férié",D76="Férié"),AND(F76="OFF",D76="Congé"),AND(F76="OFF",D76="Congé sans solde"),AND(F76="OFF",D76="Congé spécial"),AND(F76="OFF",D76="Férié"),AND(F76="Congé",D76="OFF"),AND(F76="Congé",D76="Congé sans solde"),AND(F76="Congé",D76="Congé spécial"),AND(F76="Congé",D76="Férié"),AND(F76="Congé sans solde",D76="OFF"),AND(F76="Congé sans solde",D76="Congé"),AND(F76="Congé sans solde",D76="Congé spécial"),AND(F76="Congé sans solde",D76="Férié"),AND(F76="Congé spécial",D76="OFF"),AND(F76="Congé spécial",D76="Congé"),AND(F76="Congé spécial",D76="Congé sans solde"),AND(F76="Congé spécial",D76="Férié"),AND(F76="Férié",D76="OFF"),AND(F76="Férié",D76="Congé"),AND(F76="Férié",D76="Congé sans solde"),AND(F76="Férié",D76="Congé spécial")),0,IF(OR(F76="OFF",F76="Congé",F76="Congé spécial",F76="Congé sans solde",D76="OFF",D76="Congé",D76="Congé spécial",D76="Congé sans solde"),0.208333333333334,IF(AND(AG76="",F76-D76<0),("24:00:00"-D76)+("00:00:00"+F76)-0.0416666666666667,IF(AND(OR(AG76="Allaitement",AG76="Sans déjeuner"),F76-D76<0),("24:00:00"-D76)+("00:00:00"+F76),IF(AND(AG76="",F76-D76>0.166666666666667),F76-D76-0.0416666666666667,IF(AND(OR(AG76="Allaitement",AG76="Sans déjeuner"),F76-D76>0.166666666666667),F76-D76,F76-D76))))))) -> 0.33333333 | P76: Accesibilité | Q76: 44828 | R76: =IF(M76="Abs",O76,0) -> 0 | S76: =SUM(R76,L76,I76,J76,W76,H76) -> 0 | T76: ="Sem - "&WEEKNUM(Q76,21) -> Sem - 39 | U76: =PROPER(TEXT(Q76,"mmmm")) -> Septembre | V76: =+TEXT(Q76,"aaa") -> 2026 | X76: =IFERROR(IF(M76="Abs",0,IF((D76-C76+E76-F76)<0.000694444444444444,0,(D76-C76+E76-F76))),0) -> 0 | Y76: =VLOOKUP('CM-CIC'!B76,Annuaire_roster!B:F,4,0) -> OUBRAHIM Mohammed | Z76: Credit Mutuel | AA76: Forfaitaire | AB76: =IF(AND(D76="Congé",F76="Congé"),0.333333333333333,IF(OR(AND(D76="Congé",F76<>"Congé"),(AND(F76="Congé",D76<>"Congé"))),0.166666666666667,"")) | AC76: =IF(AND(D76="Congé sans solde",F76="Congé sans solde"),0.333333333333333,IF(OR(AND(D76="Congé sans solde",F76<>"Congé sans solde"),(AND(F76="Congé sans solde",D76<>"Congé sans solde"))),0.166666666666667,"")) | AD76: =IF(AND(D76="Congé spécial",F76="Congé spécial"),0.333333333333333,IF(OR(AND(D76="Congé spécial",F76<>"Congé décès"),(AND(F76="Congé spécial",D76<>"Congé spécial"))),0.166666666666667,"")) | AE76: =IF(AND(D76="Férié",F76="Férié"),0.333333333333333,IF(OR(AND(D76="Férié",F76<>"Férié"),(AND(F76="Férié",D76<>"Férié"))),0.166666666666667,""))
A77: =+VLOOKUP(B77,Annuaire_roster!B:G,5,0) -> 1278 | B77: LISSAOUI HIBA | D77: OFF | F77: OFF | K77: 0 | L77: 0 | M77: 0 | N77: =IFERROR(IF(OR(D77="OFF",D77="Congé",M77="Abs",D77="Congé sans solde",D77="Férié"),"",IF(O77-K77-L77>O77,O77,IF(O77-K77-L77<0,"",O77-K77-L77))),"") | O77: =IF(AG77="2H Pause déjeuner",IF(F77-D77-0.0833333333333333<0,F77-D77-0.0833333333333333+1,F77-D77-0.0833333333333333),IF(OR(AND(F77="OFF",D77="OFF"),AND(F77="Congé",D77="Congé"),AND(F77="Congé sans solde",D77="Congé sans solde"),AND(F77="Congé spécial",D77="Congé spécial"),AND(F77="Férié",D77="Férié"),AND(F77="OFF",D77="Congé"),AND(F77="OFF",D77="Congé sans solde"),AND(F77="OFF",D77="Congé spécial"),AND(F77="OFF",D77="Férié"),AND(F77="Congé",D77="OFF"),AND(F77="Congé",D77="Congé sans solde"),AND(F77="Congé",D77="Congé spécial"),AND(F77="Congé",D77="Férié"),AND(F77="Congé sans solde",D77="OFF"),AND(F77="Congé sans solde",D77="Congé"),AND(F77="Congé sans solde",D77="Congé spécial"),AND(F77="Congé sans solde",D77="Férié"),AND(F77="Congé spécial",D77="OFF"),AND(F77="Congé spécial",D77="Congé"),AND(F77="Congé spécial",D77="Congé sans solde"),AND(F77="Congé spécial",D77="Férié"),AND(F77="Férié",D77="OFF"),AND(F77="Férié",D77="Congé"),AND(F77="Férié",D77="Congé sans solde"),AND(F77="Férié",D77="Congé spécial")),0,IF(OR(F77="OFF",F77="Congé",F77="Congé spécial",F77="Congé sans solde",D77="OFF",D77="Congé",D77="Congé spécial",D77="Congé sans solde"),0.208333333333334,IF(AND(AG77="",F77-D77<0),("24:00:00"-D77)+("00:00:00"+F77)-0.0416666666666667,IF(AND(OR(AG77="Allaitement",AG77="Sans déjeuner"),F77-D77<0),("24:00:00"-D77)+("00:00:00"+F77),IF(AND(AG77="",F77-D77>0.166666666666667),F77-D77-0.0416666666666667,IF(AND(OR(AG77="Allaitement",AG77="Sans déjeuner"),F77-D77>0.166666666666667),F77-D77,F77-D77))))))) -> 0 | P77: Accesibilité | Q77: 44829 | R77: =IF(M77="Abs",O77,0) -> 0 | S77: =SUM(R77,L77,I77,J77,W77,H77) -> 0 | T77: ="Sem - "&WEEKNUM(Q77,21) -> Sem - 39 | U77: =PROPER(TEXT(Q77,"mmmm")) -> Septembre | V77: =+TEXT(Q77,"aaa") -> 2026 | X77: =IFERROR(IF(M77="Abs",0,IF((D77-C77+E77-F77)<0.000694444444444444,0,(D77-C77+E77-F77))),0) -> 0 | Y77: =VLOOKUP('CM-CIC'!B77,Annuaire_roster!B:F,4,0) -> OUBRAHIM Mohammed | Z77: Credit Mutuel | AA77: Forfaitaire | AB77: =IF(AND(D77="Congé",F77="Congé"),0.333333333333333,IF(OR(AND(D77="Congé",F77<>"Congé"),(AND(F77="Congé",D77<>"Congé"))),0.166666666666667,"")) | AC77: =IF(AND(D77="Congé sans solde",F77="Congé sans solde"),0.333333333333333,IF(OR(AND(D77="Congé sans solde",F77<>"Congé sans solde"),(AND(F77="Congé sans solde",D77<>"Congé sans solde"))),0.166666666666667,"")) | AD77: =IF(AND(D77="Congé spécial",F77="Congé spécial"),0.333333333333333,IF(OR(AND(D77="Congé spécial",F77<>"Congé décès"),(AND(F77="Congé spécial",D77<>"Congé spécial"))),0.166666666666667,"")) | AE77: =IF(AND(D77="Férié",F77="Férié"),0.333333333333333,IF(OR(AND(D77="Férié",F77<>"Férié"),(AND(F77="Férié",D77<>"Férié"))),0.166666666666667,""))
A78: =+VLOOKUP(B78,Annuaire_roster!B:G,5,0) -> 1265 | B78: RMAIDI IMAD | D78: OFF | F78: OFF | K78: 0 | L78: 0 | M78: 0 | N78: =IFERROR(IF(OR(D78="OFF",D78="Congé",M78="Abs",D78="Congé sans solde",D78="Férié"),"",IF(O78-K78-L78>O78,O78,IF(O78-K78-L78<0,"",O78-K78-L78))),"") | O78: =IF(AG78="2H Pause déjeuner",IF(F78-D78-0.0833333333333333<0,F78-D78-0.0833333333333333+1,F78-D78-0.0833333333333333),IF(OR(AND(F78="OFF",D78="OFF"),AND(F78="Congé",D78="Congé"),AND(F78="Congé sans solde",D78="Congé sans solde"),AND(F78="Congé spécial",D78="Congé spécial"),AND(F78="Férié",D78="Férié"),AND(F78="OFF",D78="Congé"),AND(F78="OFF",D78="Congé sans solde"),AND(F78="OFF",D78="Congé spécial"),AND(F78="OFF",D78="Férié"),AND(F78="Congé",D78="OFF"),AND(F78="Congé",D78="Congé sans solde"),AND(F78="Congé",D78="Congé spécial"),AND(F78="Congé",D78="Férié"),AND(F78="Congé sans solde",D78="OFF"),AND(F78="Congé sans solde",D78="Congé"),AND(F78="Congé sans solde",D78="Congé spécial"),AND(F78="Congé sans solde",D78="Férié"),AND(F78="Congé spécial",D78="OFF"),AND(F78="Congé spécial",D78="Congé"),AND(F78="Congé spécial",D78="Congé sans solde"),AND(F78="Congé spécial",D78="Férié"),AND(F78="Férié",D78="OFF"),AND(F78="Férié",D78="Congé"),AND(F78="Férié",D78="Congé sans solde"),AND(F78="Férié",D78="Congé spécial")),0,IF(OR(F78="OFF",F78="Congé",F78="Congé spécial",F78="Congé sans solde",D78="OFF",D78="Congé",D78="Congé spécial",D78="Congé sans solde"),0.208333333333334,IF(AND(AG78="",F78-D78<0),("24:00:00"-D78)+("00:00:00"+F78)-0.0416666666666667,IF(AND(OR(AG78="Allaitement",AG78="Sans déjeuner"),F78-D78<0),("24:00:00"-D78)+("00:00:00"+F78),IF(AND(AG78="",F78-D78>0.166666666666667),F78-D78-0.0416666666666667,IF(AND(OR(AG78="Allaitement",AG78="Sans déjeuner"),F78-D78>0.166666666666667),F78-D78,F78-D78))))))) -> 0 | P78: Accesibilité | Q78: 44829 | R78: =IF(M78="Abs",O78,0) -> 0 | S78: =SUM(R78,L78,I78,J78,W78,H78) -> 0 | T78: ="Sem - "&WEEKNUM(Q78,21) -> Sem - 39 | U78: =PROPER(TEXT(Q78,"mmmm")) -> Septembre | V78: =+TEXT(Q78,"aaa") -> 2026 | X78: =IFERROR(IF(M78="Abs",0,IF((D78-C78+E78-F78)<0.000694444444444444,0,(D78-C78+E78-F78))),0) -> 0 | Y78: =VLOOKUP('CM-CIC'!B78,Annuaire_roster!B:F,4,0) -> OUBRAHIM Mohammed | Z78: Credit Mutuel | AA78: Forfaitaire | AB78: =IF(AND(D78="Congé",F78="Congé"),0.333333333333333,IF(OR(AND(D78="Congé",F78<>"Congé"),(AND(F78="Congé",D78<>"Congé"))),0.166666666666667,"")) | AC78: =IF(AND(D78="Congé sans solde",F78="Congé sans solde"),0.333333333333333,IF(OR(AND(D78="Congé sans solde",F78<>"Congé sans solde"),(AND(F78="Congé sans solde",D78<>"Congé sans solde"))),0.166666666666667,"")) | AD78: =IF(AND(D78="Congé spécial",F78="Congé spécial"),0.333333333333333,IF(OR(AND(D78="Congé spécial",F78<>"Congé décès"),(AND(F78="Congé spécial",D78<>"Congé spécial"))),0.166666666666667,"")) | AE78: =IF(AND(D78="Férié",F78="Férié"),0.333333333333333,IF(OR(AND(D78="Férié",F78<>"Férié"),(AND(F78="Férié",D78<>"Férié"))),0.166666666666667,""))
A79: =+VLOOKUP(B79,Annuaire_roster!B:G,5,0) -> 1317 | B79: HAMDANI MOHAMED | D79: OFF | F79: OFF | K79: 0 | L79: 0 | M79: 0 | N79: =IFERROR(IF(OR(D79="OFF",D79="Congé",M79="Abs",D79="Congé sans solde",D79="Férié"),"",IF(O79-K79-L79>O79,O79,IF(O79-K79-L79<0,"",O79-K79-L79))),"") | O79: =IF(AG79="2H Pause déjeuner",IF(F79-D79-0.0833333333333333<0,F79-D79-0.0833333333333333+1,F79-D79-0.0833333333333333),IF(OR(AND(F79="OFF",D79="OFF"),AND(F79="Congé",D79="Congé"),AND(F79="Congé sans solde",D79="Congé sans solde"),AND(F79="Congé spécial",D79="Congé spécial"),AND(F79="Férié",D79="Férié"),AND(F79="OFF",D79="Congé"),AND(F79="OFF",D79="Congé sans solde"),AND(F79="OFF",D79="Congé spécial"),AND(F79="OFF",D79="Férié"),AND(F79="Congé",D79="OFF"),AND(F79="Congé",D79="Congé sans solde"),AND(F79="Congé",D79="Congé spécial"),AND(F79="Congé",D79="Férié"),AND(F79="Congé sans solde",D79="OFF"),AND(F79="Congé sans solde",D79="Congé"),AND(F79="Congé sans solde",D79="Congé spécial"),AND(F79="Congé sans solde",D79="Férié"),AND(F79="Congé spécial",D79="OFF"),AND(F79="Congé spécial",D79="Congé"),AND(F79="Congé spécial",D79="Congé sans solde"),AND(F79="Congé spécial",D79="Férié"),AND(F79="Férié",D79="OFF"),AND(F79="Férié",D79="Congé"),AND(F79="Férié",D79="Congé sans solde"),AND(F79="Férié",D79="Congé spécial")),0,IF(OR(F79="OFF",F79="Congé",F79="Congé spécial",F79="Congé sans solde",D79="OFF",D79="Congé",D79="Congé spécial",D79="Congé sans solde"),0.208333333333334,IF(AND(AG79="",F79-D79<0),("24:00:00"-D79)+("00:00:00"+F79)-0.0416666666666667,IF(AND(OR(AG79="Allaitement",AG79="Sans déjeuner"),F79-D79<0),("24:00:00"-D79)+("00:00:00"+F79),IF(AND(AG79="",F79-D79>0.166666666666667),F79-D79-0.0416666666666667,IF(AND(OR(AG79="Allaitement",AG79="Sans déjeuner"),F79-D79>0.166666666666667),F79-D79,F79-D79))))))) -> 0 | P79: Accesibilité | Q79: 44829 | R79: =IF(M79="Abs",O79,0) -> 0 | S79: =SUM(R79,L79,I79,J79,W79,H79) -> 0 | T79: ="Sem - "&WEEKNUM(Q79,21) -> Sem - 39 | U79: =PROPER(TEXT(Q79,"mmmm")) -> Septembre | V79: =+TEXT(Q79,"aaa") -> 2026 | X79: =IFERROR(IF(M79="Abs",0,IF((D79-C79+E79-F79)<0.000694444444444444,0,(D79-C79+E79-F79))),0) -> 0 | Y79: =VLOOKUP('CM-CIC'!B79,Annuaire_roster!B:F,4,0) -> OUBRAHIM Mohammed | Z79: Credit Mutuel | AA79: Forfaitaire | AB79: =IF(AND(D79="Congé",F79="Congé"),0.333333333333333,IF(OR(AND(D79="Congé",F79<>"Congé"),(AND(F79="Congé",D79<>"Congé"))),0.166666666666667,"")) | AC79: =IF(AND(D79="Congé sans solde",F79="Congé sans solde"),0.333333333333333,IF(OR(AND(D79="Congé sans solde",F79<>"Congé sans solde"),(AND(F79="Congé sans solde",D79<>"Congé sans solde"))),0.166666666666667,"")) | AD79: =IF(AND(D79="Congé spécial",F79="Congé spécial"),0.333333333333333,IF(OR(AND(D79="Congé spécial",F79<>"Congé décès"),(AND(F79="Congé spécial",D79<>"Congé spécial"))),0.166666666666667,"")) | AE79: =IF(AND(D79="Férié",F79="Férié"),0.333333333333333,IF(OR(AND(D79="Férié",F79<>"Férié"),(AND(F79="Férié",D79<>"Férié"))),0.166666666666667,""))
A80: =+VLOOKUP(B80,Annuaire_roster!B:G,5,0) -> 1278 | B80: LISSAOUI HIBA | D80: OFF | F80: OFF | K80: 0 | L80: 0 | M80: 0 | N80: =IFERROR(IF(OR(D80="OFF",D80="Congé",M80="Abs",D80="Congé sans solde",D80="Férié"),"",IF(O80-K80-L80>O80,O80,IF(O80-K80-L80<0,"",O80-K80-L80))),"") | O80: =IF(AG80="2H Pause déjeuner",IF(F80-D80-0.0833333333333333<0,F80-D80-0.0833333333333333+1,F80-D80-0.0833333333333333),IF(OR(AND(F80="OFF",D80="OFF"),AND(F80="Congé",D80="Congé"),AND(F80="Congé sans solde",D80="Congé sans solde"),AND(F80="Congé spécial",D80="Congé spécial"),AND(F80="Férié",D80="Férié"),AND(F80="OFF",D80="Congé"),AND(F80="OFF",D80="Congé sans solde"),AND(F80="OFF",D80="Congé spécial"),AND(F80="OFF",D80="Férié"),AND(F80="Congé",D80="OFF"),AND(F80="Congé",D80="Congé sans solde"),AND(F80="Congé",D80="Congé spécial"),AND(F80="Congé",D80="Férié"),AND(F80="Congé sans solde",D80="OFF"),AND(F80="Congé sans solde",D80="Congé"),AND(F80="Congé sans solde",D80="Congé spécial"),AND(F80="Congé sans solde",D80="Férié"),AND(F80="Congé spécial",D80="OFF"),AND(F80="Congé spécial",D80="Congé"),AND(F80="Congé spécial",D80="Congé sans solde"),AND(F80="Congé spécial",D80="Férié"),AND(F80="Férié",D80="OFF"),AND(F80="Férié",D80="Congé"),AND(F80="Férié",D80="Congé sans solde"),AND(F80="Férié",D80="Congé spécial")),0,IF(OR(F80="OFF",F80="Congé",F80="Congé spécial",F80="Congé sans solde",D80="OFF",D80="Congé",D80="Congé spécial",D80="Congé sans solde"),0.208333333333334,IF(AND(AG80="",F80-D80<0),("24:00:00"-D80)+("00:00:00"+F80)-0.0416666666666667,IF(AND(OR(AG80="Allaitement",AG80="Sans déjeuner"),F80-D80<0),("24:00:00"-D80)+("00:00:00"+F80),IF(AND(AG80="",F80-D80>0.166666666666667),F80-D80-0.0416666666666667,IF(AND(OR(AG80="Allaitement",AG80="Sans déjeuner"),F80-D80>0.166666666666667),F80-D80,F80-D80))))))) -> 0 | P80: Accesibilité | Q80: 44830 | R80: =IF(M80="Abs",O80,0) -> 0 | S80: =SUM(R80,L80,I80,J80,W80,H80) -> 0 | T80: ="Sem - "&WEEKNUM(Q80,21) -> Sem - 39 | U80: =PROPER(TEXT(Q80,"mmmm")) -> Septembre | V80: =+TEXT(Q80,"aaa") -> 2026 | X80: =IFERROR(IF(M80="Abs",0,IF((D80-C80+E80-F80)<0.000694444444444444,0,(D80-C80+E80-F80))),0) -> 0 | Y80: =VLOOKUP('CM-CIC'!B80,Annuaire_roster!B:F,4,0) -> OUBRAHIM Mohammed | Z80: Credit Mutuel | AA80: Forfaitaire | AB80: =IF(AND(D80="Congé",F80="Congé"),0.333333333333333,IF(OR(AND(D80="Congé",F80<>"Congé"),(AND(F80="Congé",D80<>"Congé"))),0.166666666666667,"")) | AC80: =IF(AND(D80="Congé sans solde",F80="Congé sans solde"),0.333333333333333,IF(OR(AND(D80="Congé sans solde",F80<>"Congé sans solde"),(AND(F80="Congé sans solde",D80<>"Congé sans solde"))),0.166666666666667,"")) | AD80: =IF(AND(D80="Congé spécial",F80="Congé spécial"),0.333333333333333,IF(OR(AND(D80="Congé spécial",F80<>"Congé décès"),(AND(F80="Congé spécial",D80<>"Congé spécial"))),0.166666666666667,"")) | AE80: =IF(AND(D80="Férié",F80="Férié"),0.333333333333333,IF(OR(AND(D80="Férié",F80<>"Férié"),(AND(F80="Férié",D80<>"Férié"))),0.166666666666667,""))
A81: =+VLOOKUP(B81,Annuaire_roster!B:G,5,0) -> 1265 | B81: RMAIDI IMAD | D81: OFF | F81: OFF | K81: 0 | L81: 0 | M81: 0 | N81: =IFERROR(IF(OR(D81="OFF",D81="Congé",M81="Abs",D81="Congé sans solde",D81="Férié"),"",IF(O81-K81-L81>O81,O81,IF(O81-K81-L81<0,"",O81-K81-L81))),"") | O81: =IF(AG81="2H Pause déjeuner",IF(F81-D81-0.0833333333333333<0,F81-D81-0.0833333333333333+1,F81-D81-0.0833333333333333),IF(OR(AND(F81="OFF",D81="OFF"),AND(F81="Congé",D81="Congé"),AND(F81="Congé sans solde",D81="Congé sans solde"),AND(F81="Congé spécial",D81="Congé spécial"),AND(F81="Férié",D81="Férié"),AND(F81="OFF",D81="Congé"),AND(F81="OFF",D81="Congé sans solde"),AND(F81="OFF",D81="Congé spécial"),AND(F81="OFF",D81="Férié"),AND(F81="Congé",D81="OFF"),AND(F81="Congé",D81="Congé sans solde"),AND(F81="Congé",D81="Congé spécial"),AND(F81="Congé",D81="Férié"),AND(F81="Congé sans solde",D81="OFF"),AND(F81="Congé sans solde",D81="Congé"),AND(F81="Congé sans solde",D81="Congé spécial"),AND(F81="Congé sans solde",D81="Férié"),AND(F81="Congé spécial",D81="OFF"),AND(F81="Congé spécial",D81="Congé"),AND(F81="Congé spécial",D81="Congé sans solde"),AND(F81="Congé spécial",D81="Férié"),AND(F81="Férié",D81="OFF"),AND(F81="Férié",D81="Congé"),AND(F81="Férié",D81="Congé sans solde"),AND(F81="Férié",D81="Congé spécial")),0,IF(OR(F81="OFF",F81="Congé",F81="Congé spécial",F81="Congé sans solde",D81="OFF",D81="Congé",D81="Congé spécial",D81="Congé sans solde"),0.208333333333334,IF(AND(AG81="",F81-D81<0),("24:00:00"-D81)+("00:00:00"+F81)-0.0416666666666667,IF(AND(OR(AG81="Allaitement",AG81="Sans déjeuner"),F81-D81<0),("24:00:00"-D81)+("00:00:00"+F81),IF(AND(AG81="",F81-D81>0.166666666666667),F81-D81-0.0416666666666667,IF(AND(OR(AG81="Allaitement",AG81="Sans déjeuner"),F81-D81>0.166666666666667),F81-D81,F81-D81))))))) -> 0 | P81: Accesibilité | Q81: 44830 | R81: =IF(M81="Abs",O81,0) -> 0 | S81: =SUM(R81,L81,I81,J81,W81,H81) -> 0 | T81: ="Sem - "&WEEKNUM(Q81,21) -> Sem - 39 | U81: =PROPER(TEXT(Q81,"mmmm")) -> Septembre | V81: =+TEXT(Q81,"aaa") -> 2026 | X81: =IFERROR(IF(M81="Abs",0,IF((D81-C81+E81-F81)<0.000694444444444444,0,(D81-C81+E81-F81))),0) -> 0 | Y81: =VLOOKUP('CM-CIC'!B81,Annuaire_roster!B:F,4,0) -> OUBRAHIM Mohammed | Z81: Credit Mutuel | AA81: Forfaitaire | AB81: =IF(AND(D81="Congé",F81="Congé"),0.333333333333333,IF(OR(AND(D81="Congé",F81<>"Congé"),(AND(F81="Congé",D81<>"Congé"))),0.166666666666667,"")) | AC81: =IF(AND(D81="Congé sans solde",F81="Congé sans solde"),0.333333333333333,IF(OR(AND(D81="Congé sans solde",F81<>"Congé sans solde"),(AND(F81="Congé sans solde",D81<>"Congé sans solde"))),0.166666666666667,"")) | AD81: =IF(AND(D81="Congé spécial",F81="Congé spécial"),0.333333333333333,IF(OR(AND(D81="Congé spécial",F81<>"Congé décès"),(AND(F81="Congé spécial",D81<>"Congé spécial"))),0.166666666666667,"")) | AE81: =IF(AND(D81="Férié",F81="Férié"),0.333333333333333,IF(OR(AND(D81="Férié",F81<>"Férié"),(AND(F81="Férié",D81<>"Férié"))),0.166666666666667,""))
A82: =+VLOOKUP(B82,Annuaire_roster!B:G,5,0) -> 1317 | B82: HAMDANI MOHAMED | D82: OFF | F82: OFF | K82: 0 | L82: 0 | M82: 0 | N82: =IFERROR(IF(OR(D82="OFF",D82="Congé",M82="Abs",D82="Congé sans solde",D82="Férié"),"",IF(O82-K82-L82>O82,O82,IF(O82-K82-L82<0,"",O82-K82-L82))),"") | O82: =IF(AG82="2H Pause déjeuner",IF(F82-D82-0.0833333333333333<0,F82-D82-0.0833333333333333+1,F82-D82-0.0833333333333333),IF(OR(AND(F82="OFF",D82="OFF"),AND(F82="Congé",D82="Congé"),AND(F82="Congé sans solde",D82="Congé sans solde"),AND(F82="Congé spécial",D82="Congé spécial"),AND(F82="Férié",D82="Férié"),AND(F82="OFF",D82="Congé"),AND(F82="OFF",D82="Congé sans solde"),AND(F82="OFF",D82="Congé spécial"),AND(F82="OFF",D82="Férié"),AND(F82="Congé",D82="OFF"),AND(F82="Congé",D82="Congé sans solde"),AND(F82="Congé",D82="Congé spécial"),AND(F82="Congé",D82="Férié"),AND(F82="Congé sans solde",D82="OFF"),AND(F82="Congé sans solde",D82="Congé"),AND(F82="Congé sans solde",D82="Congé spécial"),AND(F82="Congé sans solde",D82="Férié"),AND(F82="Congé spécial",D82="OFF"),AND(F82="Congé spécial",D82="Congé"),AND(F82="Congé spécial",D82="Congé sans solde"),AND(F82="Congé spécial",D82="Férié"),AND(F82="Férié",D82="OFF"),AND(F82="Férié",D82="Congé"),AND(F82="Férié",D82="Congé sans solde"),AND(F82="Férié",D82="Congé spécial")),0,IF(OR(F82="OFF",F82="Congé",F82="Congé spécial",F82="Congé sans solde",D82="OFF",D82="Congé",D82="Congé spécial",D82="Congé sans solde"),0.208333333333334,IF(AND(AG82="",F82-D82<0),("24:00:00"-D82)+("00:00:00"+F82)-0.0416666666666667,IF(AND(OR(AG82="Allaitement",AG82="Sans déjeuner"),F82-D82<0),("24:00:00"-D82)+("00:00:00"+F82),IF(AND(AG82="",F82-D82>0.166666666666667),F82-D82-0.0416666666666667,IF(AND(OR(AG82="Allaitement",AG82="Sans déjeuner"),F82-D82>0.166666666666667),F82-D82,F82-D82))))))) -> 0 | P82: Accesibilité | Q82: 44830 | R82: =IF(M82="Abs",O82,0) -> 0 | S82: =SUM(R82,L82,I82,J82,W82,H82) -> 0 | T82: ="Sem - "&WEEKNUM(Q82,21) -> Sem - 39 | U82: =PROPER(TEXT(Q82,"mmmm")) -> Septembre | V82: =+TEXT(Q82,"aaa") -> 2026 | X82: =IFERROR(IF(M82="Abs",0,IF((D82-C82+E82-F82)<0.000694444444444444,0,(D82-C82+E82-F82))),0) -> 0 | Y82: =VLOOKUP('CM-CIC'!B82,Annuaire_roster!B:F,4,0) -> OUBRAHIM Mohammed | Z82: Credit Mutuel | AA82: Forfaitaire | AB82: =IF(AND(D82="Congé",F82="Congé"),0.333333333333333,IF(OR(AND(D82="Congé",F82<>"Congé"),(AND(F82="Congé",D82<>"Congé"))),0.166666666666667,"")) | AC82: =IF(AND(D82="Congé sans solde",F82="Congé sans solde"),0.333333333333333,IF(OR(AND(D82="Congé sans solde",F82<>"Congé sans solde"),(AND(F82="Congé sans solde",D82<>"Congé sans solde"))),0.166666666666667,"")) | AD82: =IF(AND(D82="Congé spécial",F82="Congé spécial"),0.333333333333333,IF(OR(AND(D82="Congé spécial",F82<>"Congé décès"),(AND(F82="Congé spécial",D82<>"Congé spécial"))),0.166666666666667,"")) | AE82: =IF(AND(D82="Férié",F82="Férié"),0.333333333333333,IF(OR(AND(D82="Férié",F82<>"Férié"),(AND(F82="Férié",D82<>"Férié"))),0.166666666666667,""))
A83: =+VLOOKUP(B83,Annuaire_roster!B:G,5,0) -> 1278 | B83: LISSAOUI HIBA | C83: 0.33194444 | D83: 0.33333333 | E83: 0.75 | F83: 0.75 | K83: 0 | L83: 0 | M83: 0 | N83: =IFERROR(IF(OR(D83="OFF",D83="Congé",M83="Abs",D83="Congé sans solde",D83="Férié"),"",IF(O83-K83-L83>O83,O83,IF(O83-K83-L83<0,"",O83-K83-L83))),"") -> 0.375 | O83: =IF(AG83="2H Pause déjeuner",IF(F83-D83-0.0833333333333333<0,F83-D83-0.0833333333333333+1,F83-D83-0.0833333333333333),IF(OR(AND(F83="OFF",D83="OFF"),AND(F83="Congé",D83="Congé"),AND(F83="Congé sans solde",D83="Congé sans solde"),AND(F83="Congé spécial",D83="Congé spécial"),AND(F83="Férié",D83="Férié"),AND(F83="OFF",D83="Congé"),AND(F83="OFF",D83="Congé sans solde"),AND(F83="OFF",D83="Congé spécial"),AND(F83="OFF",D83="Férié"),AND(F83="Congé",D83="OFF"),AND(F83="Congé",D83="Congé sans solde"),AND(F83="Congé",D83="Congé spécial"),AND(F83="Congé",D83="Férié"),AND(F83="Congé sans solde",D83="OFF"),AND(F83="Congé sans solde",D83="Congé"),AND(F83="Congé sans solde",D83="Congé spécial"),AND(F83="Congé sans solde",D83="Férié"),AND(F83="Congé spécial",D83="OFF"),AND(F83="Congé spécial",D83="Congé"),AND(F83="Congé spécial",D83="Congé sans solde"),AND(F83="Congé spécial",D83="Férié"),AND(F83="Férié",D83="OFF"),AND(F83="Férié",D83="Congé"),AND(F83="Férié",D83="Congé sans solde"),AND(F83="Férié",D83="Congé spécial")),0,IF(OR(F83="OFF",F83="Congé",F83="Congé spécial",F83="Congé sans solde",D83="OFF",D83="Congé",D83="Congé spécial",D83="Congé sans solde"),0.208333333333334,IF(AND(AG83="",F83-D83<0),("24:00:00"-D83)+("00:00:00"+F83)-0.0416666666666667,IF(AND(OR(AG83="Allaitement",AG83="Sans déjeuner"),F83-D83<0),("24:00:00"-D83)+("00:00:00"+F83),IF(AND(AG83="",F83-D83>0.166666666666667),F83-D83-0.0416666666666667,IF(AND(OR(AG83="Allaitement",AG83="Sans déjeuner"),F83-D83>0.166666666666667),F83-D83,F83-D83))))))) -> 0.375 | P83: Accesibilité | Q83: 44831 | R83: =IF(M83="Abs",O83,0) -> 0 | S83: =SUM(R83,L83,I83,J83,W83,H83) -> 0 | T83: ="Sem - "&WEEKNUM(Q83,21) -> Sem - 40 | U83: =PROPER(TEXT(Q83,"mmmm")) -> Septembre | V83: =+TEXT(Q83,"aaa") -> 2026 | X83: =IFERROR(IF(M83="Abs",0,IF((D83-C83+E83-F83)<0.000694444444444444,0,(D83-C83+E83-F83))),0) -> 0.0013888889 | Y83: =VLOOKUP('CM-CIC'!B83,Annuaire_roster!B:F,4,0) -> OUBRAHIM Mohammed | Z83: Credit Mutuel | AA83: Forfaitaire | AB83: =IF(AND(D83="Congé",F83="Congé"),0.333333333333333,IF(OR(AND(D83="Congé",F83<>"Congé"),(AND(F83="Congé",D83<>"Congé"))),0.166666666666667,"")) | AC83: =IF(AND(D83="Congé sans solde",F83="Congé sans solde"),0.333333333333333,IF(OR(AND(D83="Congé sans solde",F83<>"Congé sans solde"),(AND(F83="Congé sans solde",D83<>"Congé sans solde"))),0.166666666666667,"")) | AD83: =IF(AND(D83="Congé spécial",F83="Congé spécial"),0.333333333333333,IF(OR(AND(D83="Congé spécial",F83<>"Congé décès"),(AND(F83="Congé spécial",D83<>"Congé spécial"))),0.166666666666667,"")) | AE83: =IF(AND(D83="Férié",F83="Férié"),0.333333333333333,IF(OR(AND(D83="Férié",F83<>"Férié"),(AND(F83="Férié",D83<>"Férié"))),0.166666666666667,""))
A84: =+VLOOKUP(B84,Annuaire_roster!B:G,5,0) -> 1265 | B84: RMAIDI IMAD | C84: 0.33125 | D84: 0.33333333 | E84: 0.75 | F84: 0.75 | K84: 0 | L84: 0 | M84: 0 | N84: =IFERROR(IF(OR(D84="OFF",D84="Congé",M84="Abs",D84="Congé sans solde",D84="Férié"),"",IF(O84-K84-L84>O84,O84,IF(O84-K84-L84<0,"",O84-K84-L84))),"") -> 0.375 | O84: =IF(AG84="2H Pause déjeuner",IF(F84-D84-0.0833333333333333<0,F84-D84-0.0833333333333333+1,F84-D84-0.0833333333333333),IF(OR(AND(F84="OFF",D84="OFF"),AND(F84="Congé",D84="Congé"),AND(F84="Congé sans solde",D84="Congé sans solde"),AND(F84="Congé spécial",D84="Congé spécial"),AND(F84="Férié",D84="Férié"),AND(F84="OFF",D84="Congé"),AND(F84="OFF",D84="Congé sans solde"),AND(F84="OFF",D84="Congé spécial"),AND(F84="OFF",D84="Férié"),AND(F84="Congé",D84="OFF"),AND(F84="Congé",D84="Congé sans solde"),AND(F84="Congé",D84="Congé spécial"),AND(F84="Congé",D84="Férié"),AND(F84="Congé sans solde",D84="OFF"),AND(F84="Congé sans solde",D84="Congé"),AND(F84="Congé sans solde",D84="Congé spécial"),AND(F84="Congé sans solde",D84="Férié"),AND(F84="Congé spécial",D84="OFF"),AND(F84="Congé spécial",D84="Congé"),AND(F84="Congé spécial",D84="Congé sans solde"),AND(F84="Congé spécial",D84="Férié"),AND(F84="Férié",D84="OFF"),AND(F84="Férié",D84="Congé"),AND(F84="Férié",D84="Congé sans solde"),AND(F84="Férié",D84="Congé spécial")),0,IF(OR(F84="OFF",F84="Congé",F84="Congé spécial",F84="Congé sans solde",D84="OFF",D84="Congé",D84="Congé spécial",D84="Congé sans solde"),0.208333333333334,IF(AND(AG84="",F84-D84<0),("24:00:00"-D84)+("00:00:00"+F84)-0.0416666666666667,IF(AND(OR(AG84="Allaitement",AG84="Sans déjeuner"),F84-D84<0),("24:00:00"-D84)+("00:00:00"+F84),IF(AND(AG84="",F84-D84>0.166666666666667),F84-D84-0.0416666666666667,IF(AND(OR(AG84="Allaitement",AG84="Sans déjeuner"),F84-D84>0.166666666666667),F84-D84,F84-D84))))))) -> 0.375 | P84: Accesibilité | Q84: 44831 | R84: =IF(M84="Abs",O84,0) -> 0 | S84: =SUM(R84,L84,I84,J84,W84,H84) -> 0 | T84: ="Sem - "&WEEKNUM(Q84,21) -> Sem - 40 | U84: =PROPER(TEXT(Q84,"mmmm")) -> Septembre | V84: =+TEXT(Q84,"aaa") -> 2026 | X84: =IFERROR(IF(M84="Abs",0,IF((D84-C84+E84-F84)<0.000694444444444444,0,(D84-C84+E84-F84))),0) -> 0.0020833333 | Y84: =VLOOKUP('CM-CIC'!B84,Annuaire_roster!B:F,4,0) -> OUBRAHIM Mohammed | Z84: Credit Mutuel | AA84: Forfaitaire | AB84: =IF(AND(D84="Congé",F84="Congé"),0.333333333333333,IF(OR(AND(D84="Congé",F84<>"Congé"),(AND(F84="Congé",D84<>"Congé"))),0.166666666666667,"")) | AC84: =IF(AND(D84="Congé sans solde",F84="Congé sans solde"),0.333333333333333,IF(OR(AND(D84="Congé sans solde",F84<>"Congé sans solde"),(AND(F84="Congé sans solde",D84<>"Congé sans solde"))),0.166666666666667,"")) | AD84: =IF(AND(D84="Congé spécial",F84="Congé spécial"),0.333333333333333,IF(OR(AND(D84="Congé spécial",F84<>"Congé décès"),(AND(F84="Congé spécial",D84<>"Congé spécial"))),0.166666666666667,"")) | AE84: =IF(AND(D84="Férié",F84="Férié"),0.333333333333333,IF(OR(AND(D84="Férié",F84<>"Férié"),(AND(F84="Férié",D84<>"Férié"))),0.166666666666667,""))
A85: =+VLOOKUP(B85,Annuaire_roster!B:G,5,0) -> 1317 | B85: HAMDANI MOHAMED | C85: 0.33333333 | D85: 0.33333333 | E85: 0.75 | F85: 0.75 | K85: 0 | L85: 0 | M85: 0 | N85: =IFERROR(IF(OR(D85="OFF",D85="Congé",M85="Abs",D85="Congé sans solde",D85="Férié"),"",IF(O85-K85-L85>O85,O85,IF(O85-K85-L85<0,"",O85-K85-L85))),"") -> 0.375 | O85: =IF(AG85="2H Pause déjeuner",IF(F85-D85-0.0833333333333333<0,F85-D85-0.0833333333333333+1,F85-D85-0.0833333333333333),IF(OR(AND(F85="OFF",D85="OFF"),AND(F85="Congé",D85="Congé"),AND(F85="Congé sans solde",D85="Congé sans solde"),AND(F85="Congé spécial",D85="Congé spécial"),AND(F85="Férié",D85="Férié"),AND(F85="OFF",D85="Congé"),AND(F85="OFF",D85="Congé sans solde"),AND(F85="OFF",D85="Congé spécial"),AND(F85="OFF",D85="Férié"),AND(F85="Congé",D85="OFF"),AND(F85="Congé",D85="Congé sans solde"),AND(F85="Congé",D85="Congé spécial"),AND(F85="Congé",D85="Férié"),AND(F85="Congé sans solde",D85="OFF"),AND(F85="Congé sans solde",D85="Congé"),AND(F85="Congé sans solde",D85="Congé spécial"),AND(F85="Congé sans solde",D85="Férié"),AND(F85="Congé spécial",D85="OFF"),AND(F85="Congé spécial",D85="Congé"),AND(F85="Congé spécial",D85="Congé sans solde"),AND(F85="Congé spécial",D85="Férié"),AND(F85="Férié",D85="OFF"),AND(F85="Férié",D85="Congé"),AND(F85="Férié",D85="Congé sans solde"),AND(F85="Férié",D85="Congé spécial")),0,IF(OR(F85="OFF",F85="Congé",F85="Congé spécial",F85="Congé sans solde",D85="OFF",D85="Congé",D85="Congé spécial",D85="Congé sans solde"),0.208333333333334,IF(AND(AG85="",F85-D85<0),("24:00:00"-D85)+("00:00:00"+F85)-0.0416666666666667,IF(AND(OR(AG85="Allaitement",AG85="Sans déjeuner"),F85-D85<0),("24:00:00"-D85)+("00:00:00"+F85),IF(AND(AG85="",F85-D85>0.166666666666667),F85-D85-0.0416666666666667,IF(AND(OR(AG85="Allaitement",AG85="Sans déjeuner"),F85-D85>0.166666666666667),F85-D85,F85-D85))))))) -> 0.375 | P85: Accesibilité | Q85: 44831 | R85: =IF(M85="Abs",O85,0) -> 0 | S85: =SUM(R85,L85,I85,J85,W85,H85) -> 0 | T85: ="Sem - "&WEEKNUM(Q85,21) -> Sem - 40 | U85: =PROPER(TEXT(Q85,"mmmm")) -> Septembre | V85: =+TEXT(Q85,"aaa") -> 2026 | X85: =IFERROR(IF(M85="Abs",0,IF((D85-C85+E85-F85)<0.000694444444444444,0,(D85-C85+E85-F85))),0) -> 0 | Y85: =VLOOKUP('CM-CIC'!B85,Annuaire_roster!B:F,4,0) -> OUBRAHIM Mohammed | Z85: Credit Mutuel | AA85: Forfaitaire | AB85: =IF(AND(D85="Congé",F85="Congé"),0.333333333333333,IF(OR(AND(D85="Congé",F85<>"Congé"),(AND(F85="Congé",D85<>"Congé"))),0.166666666666667,"")) | AC85: =IF(AND(D85="Congé sans solde",F85="Congé sans solde"),0.333333333333333,IF(OR(AND(D85="Congé sans solde",F85<>"Congé sans solde"),(AND(F85="Congé sans solde",D85<>"Congé sans solde"))),0.166666666666667,"")) | AD85: =IF(AND(D85="Congé spécial",F85="Congé spécial"),0.333333333333333,IF(OR(AND(D85="Congé spécial",F85<>"Congé décès"),(AND(F85="Congé spécial",D85<>"Congé spécial"))),0.166666666666667,"")) | AE85: =IF(AND(D85="Férié",F85="Férié"),0.333333333333333,IF(OR(AND(D85="Férié",F85<>"Férié"),(AND(F85="Férié",D85<>"Férié"))),0.166666666666667,""))
A86: =+VLOOKUP(B86,Annuaire_roster!B:G,5,0) -> 1278 | B86: LISSAOUI HIBA | C86: 0.33125 | D86: 0.33333333 | E86: 0.75 | F86: 0.75 | K86: 0 | L86: 0 | M86: 0 | N86: =IFERROR(IF(OR(D86="OFF",D86="Congé",M86="Abs",D86="Congé sans solde",D86="Férié"),"",IF(O86-K86-L86>O86,O86,IF(O86-K86-L86<0,"",O86-K86-L86))),"") -> 0.375 | O86: =IF(AG86="2H Pause déjeuner",IF(F86-D86-0.0833333333333333<0,F86-D86-0.0833333333333333+1,F86-D86-0.0833333333333333),IF(OR(AND(F86="OFF",D86="OFF"),AND(F86="Congé",D86="Congé"),AND(F86="Congé sans solde",D86="Congé sans solde"),AND(F86="Congé spécial",D86="Congé spécial"),AND(F86="Férié",D86="Férié"),AND(F86="OFF",D86="Congé"),AND(F86="OFF",D86="Congé sans solde"),AND(F86="OFF",D86="Congé spécial"),AND(F86="OFF",D86="Férié"),AND(F86="Congé",D86="OFF"),AND(F86="Congé",D86="Congé sans solde"),AND(F86="Congé",D86="Congé spécial"),AND(F86="Congé",D86="Férié"),AND(F86="Congé sans solde",D86="OFF"),AND(F86="Congé sans solde",D86="Congé"),AND(F86="Congé sans solde",D86="Congé spécial"),AND(F86="Congé sans solde",D86="Férié"),AND(F86="Congé spécial",D86="OFF"),AND(F86="Congé spécial",D86="Congé"),AND(F86="Congé spécial",D86="Congé sans solde"),AND(F86="Congé spécial",D86="Férié"),AND(F86="Férié",D86="OFF"),AND(F86="Férié",D86="Congé"),AND(F86="Férié",D86="Congé sans solde"),AND(F86="Férié",D86="Congé spécial")),0,IF(OR(F86="OFF",F86="Congé",F86="Congé spécial",F86="Congé sans solde",D86="OFF",D86="Congé",D86="Congé spécial",D86="Congé sans solde"),0.208333333333334,IF(AND(AG86="",F86-D86<0),("24:00:00"-D86)+("00:00:00"+F86)-0.0416666666666667,IF(AND(OR(AG86="Allaitement",AG86="Sans déjeuner"),F86-D86<0),("24:00:00"-D86)+("00:00:00"+F86),IF(AND(AG86="",F86-D86>0.166666666666667),F86-D86-0.0416666666666667,IF(AND(OR(AG86="Allaitement",AG86="Sans déjeuner"),F86-D86>0.166666666666667),F86-D86,F86-D86))))))) -> 0.375 | P86: Accesibilité | Q86: 44832 | R86: =IF(M86="Abs",O86,0) -> 0 | S86: =SUM(R86,L86,I86,J86,W86,H86) -> 0 | T86: ="Sem - "&WEEKNUM(Q86,21) -> Sem - 40 | U86: =PROPER(TEXT(Q86,"mmmm")) -> Septembre | V86: =+TEXT(Q86,"aaa") -> 2026 | X86: =IFERROR(IF(M86="Abs",0,IF((D86-C86+E86-F86)<0.000694444444444444,0,(D86-C86+E86-F86))),0) -> 0.0020833333 | Y86: =VLOOKUP('CM-CIC'!B86,Annuaire_roster!B:F,4,0) -> OUBRAHIM Mohammed | Z86: Credit Mutuel | AA86: Forfaitaire | AB86: =IF(AND(D86="Congé",F86="Congé"),0.333333333333333,IF(OR(AND(D86="Congé",F86<>"Congé"),(AND(F86="Congé",D86<>"Congé"))),0.166666666666667,"")) | AC86: =IF(AND(D86="Congé sans solde",F86="Congé sans solde"),0.333333333333333,IF(OR(AND(D86="Congé sans solde",F86<>"Congé sans solde"),(AND(F86="Congé sans solde",D86<>"Congé sans solde"))),0.166666666666667,"")) | AD86: =IF(AND(D86="Congé spécial",F86="Congé spécial"),0.333333333333333,IF(OR(AND(D86="Congé spécial",F86<>"Congé décès"),(AND(F86="Congé spécial",D86<>"Congé spécial"))),0.166666666666667,"")) | AE86: =IF(AND(D86="Férié",F86="Férié"),0.333333333333333,IF(OR(AND(D86="Férié",F86<>"Férié"),(AND(F86="Férié",D86<>"Férié"))),0.166666666666667,""))
A87: =+VLOOKUP(B87,Annuaire_roster!B:G,5,0) -> 1265 | B87: RMAIDI IMAD | C87: 0.32986111 | D87: 0.33333333 | E87: 0.75 | F87: 0.75 | K87: 0 | L87: 0 | M87: 0 | N87: =IFERROR(IF(OR(D87="OFF",D87="Congé",M87="Abs",D87="Congé sans solde",D87="Férié"),"",IF(O87-K87-L87>O87,O87,IF(O87-K87-L87<0,"",O87-K87-L87))),"") -> 0.375 | O87: =IF(AG87="2H Pause déjeuner",IF(F87-D87-0.0833333333333333<0,F87-D87-0.0833333333333333+1,F87-D87-0.0833333333333333),IF(OR(AND(F87="OFF",D87="OFF"),AND(F87="Congé",D87="Congé"),AND(F87="Congé sans solde",D87="Congé sans solde"),AND(F87="Congé spécial",D87="Congé spécial"),AND(F87="Férié",D87="Férié"),AND(F87="OFF",D87="Congé"),AND(F87="OFF",D87="Congé sans solde"),AND(F87="OFF",D87="Congé spécial"),AND(F87="OFF",D87="Férié"),AND(F87="Congé",D87="OFF"),AND(F87="Congé",D87="Congé sans solde"),AND(F87="Congé",D87="Congé spécial"),AND(F87="Congé",D87="Férié"),AND(F87="Congé sans solde",D87="OFF"),AND(F87="Congé sans solde",D87="Congé"),AND(F87="Congé sans solde",D87="Congé spécial"),AND(F87="Congé sans solde",D87="Férié"),AND(F87="Congé spécial",D87="OFF"),AND(F87="Congé spécial",D87="Congé"),AND(F87="Congé spécial",D87="Congé sans solde"),AND(F87="Congé spécial",D87="Férié"),AND(F87="Férié",D87="OFF"),AND(F87="Férié",D87="Congé"),AND(F87="Férié",D87="Congé sans solde"),AND(F87="Férié",D87="Congé spécial")),0,IF(OR(F87="OFF",F87="Congé",F87="Congé spécial",F87="Congé sans solde",D87="OFF",D87="Congé",D87="Congé spécial",D87="Congé sans solde"),0.208333333333334,IF(AND(AG87="",F87-D87<0),("24:00:00"-D87)+("00:00:00"+F87)-0.0416666666666667,IF(AND(OR(AG87="Allaitement",AG87="Sans déjeuner"),F87-D87<0),("24:00:00"-D87)+("00:00:00"+F87),IF(AND(AG87="",F87-D87>0.166666666666667),F87-D87-0.0416666666666667,IF(AND(OR(AG87="Allaitement",AG87="Sans déjeuner"),F87-D87>0.166666666666667),F87-D87,F87-D87))))))) -> 0.375 | P87: Accesibilité | Q87: 44832 | R87: =IF(M87="Abs",O87,0) -> 0 | S87: =SUM(R87,L87,I87,J87,W87,H87) -> 0 | T87: ="Sem - "&WEEKNUM(Q87,21) -> Sem - 40 | U87: =PROPER(TEXT(Q87,"mmmm")) -> Septembre | V87: =+TEXT(Q87,"aaa") -> 2026 | X87: =IFERROR(IF(M87="Abs",0,IF((D87-C87+E87-F87)<0.000694444444444444,0,(D87-C87+E87-F87))),0) -> 0.0034722222 | Y87: =VLOOKUP('CM-CIC'!B87,Annuaire_roster!B:F,4,0) -> OUBRAHIM Mohammed | Z87: Credit Mutuel | AA87: Forfaitaire | AB87: =IF(AND(D87="Congé",F87="Congé"),0.333333333333333,IF(OR(AND(D87="Congé",F87<>"Congé"),(AND(F87="Congé",D87<>"Congé"))),0.166666666666667,"")) | AC87: =IF(AND(D87="Congé sans solde",F87="Congé sans solde"),0.333333333333333,IF(OR(AND(D87="Congé sans solde",F87<>"Congé sans solde"),(AND(F87="Congé sans solde",D87<>"Congé sans solde"))),0.166666666666667,"")) | AD87: =IF(AND(D87="Congé spécial",F87="Congé spécial"),0.333333333333333,IF(OR(AND(D87="Congé spécial",F87<>"Congé décès"),(AND(F87="Congé spécial",D87<>"Congé spécial"))),0.166666666666667,"")) | AE87: =IF(AND(D87="Férié",F87="Férié"),0.333333333333333,IF(OR(AND(D87="Férié",F87<>"Férié"),(AND(F87="Férié",D87<>"Férié"))),0.166666666666667,""))
A88: =+VLOOKUP(B88,Annuaire_roster!B:G,5,0) -> 1317 | B88: HAMDANI MOHAMED | C88: 0.35208333 | D88: 0.33333333 | E88: 0.75 | F88: 0.75 | L88: 0 | M88: 0 | N88: =IFERROR(IF(OR(D88="OFF",D88="Congé",M88="Abs",D88="Congé sans solde",D88="Férié"),"",IF(O88-K88-L88>O88,O88,IF(O88-K88-L88<0,"",O88-K88-L88))),"") -> 0.375 | O88: =IF(AG88="2H Pause déjeuner",IF(F88-D88-0.0833333333333333<0,F88-D88-0.0833333333333333+1,F88-D88-0.0833333333333333),IF(OR(AND(F88="OFF",D88="OFF"),AND(F88="Congé",D88="Congé"),AND(F88="Congé sans solde",D88="Congé sans solde"),AND(F88="Congé spécial",D88="Congé spécial"),AND(F88="Férié",D88="Férié"),AND(F88="OFF",D88="Congé"),AND(F88="OFF",D88="Congé sans solde"),AND(F88="OFF",D88="Congé spécial"),AND(F88="OFF",D88="Férié"),AND(F88="Congé",D88="OFF"),AND(F88="Congé",D88="Congé sans solde"),AND(F88="Congé",D88="Congé spécial"),AND(F88="Congé",D88="Férié"),AND(F88="Congé sans solde",D88="OFF"),AND(F88="Congé sans solde",D88="Congé"),AND(F88="Congé sans solde",D88="Congé spécial"),AND(F88="Congé sans solde",D88="Férié"),AND(F88="Congé spécial",D88="OFF"),AND(F88="Congé spécial",D88="Congé"),AND(F88="Congé spécial",D88="Congé sans solde"),AND(F88="Congé spécial",D88="Férié"),AND(F88="Férié",D88="OFF"),AND(F88="Férié",D88="Congé"),AND(F88="Férié",D88="Congé sans solde"),AND(F88="Férié",D88="Congé spécial")),0,IF(OR(F88="OFF",F88="Congé",F88="Congé spécial",F88="Congé sans solde",D88="OFF",D88="Congé",D88="Congé spécial",D88="Congé sans solde"),0.208333333333334,IF(AND(AG88="",F88-D88<0),("24:00:00"-D88)+("00:00:00"+F88)-0.0416666666666667,IF(AND(OR(AG88="Allaitement",AG88="Sans déjeuner"),F88-D88<0),("24:00:00"-D88)+("00:00:00"+F88),IF(AND(AG88="",F88-D88>0.166666666666667),F88-D88-0.0416666666666667,IF(AND(OR(AG88="Allaitement",AG88="Sans déjeuner"),F88-D88>0.166666666666667),F88-D88,F88-D88))))))) -> 0.375 | P88: Accesibilité | Q88: 44832 | R88: =IF(M88="Abs",O88,0) -> 0 | S88: =SUM(R88,L88,I88,J88,W88,H88) -> 0 | T88: ="Sem - "&WEEKNUM(Q88,21) -> Sem - 40 | U88: =PROPER(TEXT(Q88,"mmmm")) -> Septembre | V88: =+TEXT(Q88,"aaa") -> 2026 | X88: =IFERROR(IF(M88="Abs",0,IF((D88-C88+E88-F88)<0.000694444444444444,0,(D88-C88+E88-F88))),0) -> 0 | Y88: =VLOOKUP('CM-CIC'!B88,Annuaire_roster!B:F,4,0) -> OUBRAHIM Mohammed | Z88: Credit Mutuel | AA88: Forfaitaire | AB88: =IF(AND(D88="Congé",F88="Congé"),0.333333333333333,IF(OR(AND(D88="Congé",F88<>"Congé"),(AND(F88="Congé",D88<>"Congé"))),0.166666666666667,"")) | AC88: =IF(AND(D88="Congé sans solde",F88="Congé sans solde"),0.333333333333333,IF(OR(AND(D88="Congé sans solde",F88<>"Congé sans solde"),(AND(F88="Congé sans solde",D88<>"Congé sans solde"))),0.166666666666667,"")) | AD88: =IF(AND(D88="Congé spécial",F88="Congé spécial"),0.333333333333333,IF(OR(AND(D88="Congé spécial",F88<>"Congé décès"),(AND(F88="Congé spécial",D88<>"Congé spécial"))),0.166666666666667,"")) | AE88: =IF(AND(D88="Férié",F88="Férié"),0.333333333333333,IF(OR(AND(D88="Férié",F88<>"Férié"),(AND(F88="Férié",D88<>"Férié"))),0.166666666666667,""))
