Workbook

Sheet Bilan agents
A1: Suivi d’assiduité — activité Accessibilité
A2: Source : « consolider du pointage CMAF 2026 » — lignes du segment Accesibilité uniquement. Tout est calculé depuis l’onglet Pointage.
A4: Tolérance retard (min) | C4: 0 | D4: ← à modifier (hypothèse : 0 = tout retard compté)
A5: Objectif d’assiduité | C5: 0.95 | D5: ← à modifier (hypothèse de ma part, non issue du fichier)
A7: Agent | B7: Matricule | C7: Premier pointage | D7: Dernier pointage | E7: Jours planifiés | F7: Jours présents | G7: Jours absents | H7: Non renseignés | I7: Congés | J7: Fériés | K7: Repos (OFF) | L7: Taux d’assiduité | M7: Nb retards | N7: Total retards (min) | O7: Heures planifiées | P7: Heures adhérées | Q7: Adhérence heures | R7: Heures sup. (min)
A8: BENCHRIF HAFSSA | B8: 1262 | C8: =_xlfn.MINIFS(Pointage!$C$2:$C$967,Pointage!$A$2:$A$967,$A8) -> 46012 | D8: =_xlfn.MAXIFS(Pointage!$C$2:$C$967,Pointage!$A$2:$A$967,$A8) -> 46133 | E8: =F8+G8+H8 -> 69 | F8: =COUNTIFS(Pointage!$A$2:$A$967,$A8,Pointage!$Q$2:$Q$967,"P") -> 68 | G8: =COUNTIFS(Pointage!$A$2:$A$967,$A8,Pointage!$Q$2:$Q$967,"A") -> 1 | H8: =COUNTIFS(Pointage!$A$2:$A$967,$A8,Pointage!$Q$2:$Q$967,"NR") -> 0 | I8: =COUNTIFS(Pointage!$A$2:$A$967,$A8,Pointage!$Q$2:$Q$967,"CP") -> 3 | J8: =COUNTIFS(Pointage!$A$2:$A$967,$A8,Pointage!$Q$2:$Q$967,"F") -> 1 | K8: =COUNTIFS(Pointage!$A$2:$A$967,$A8,Pointage!$Q$2:$Q$967,"R") -> 37 | L8: =IFERROR(F8/(F8+G8),"") -> 0.98550725 | M8: =COUNTIFS(Pointage!$A$2:$A$967,$A8,Pointage!$P$2:$P$967,">0") -> 2 | N8: =SUMIFS(Pointage!$P$2:$P$967,Pointage!$A$2:$A$967,$A8) -> 28 | O8: =SUMIFS(Pointage!$L$2:$L$967,Pointage!$A$2:$A$967,$A8) -> 25.291667 | P8: =SUMIFS(Pointage!$M$2:$M$967,Pointage!$A$2:$A$967,$A8) -> 24.916667 | Q8: =IFERROR(P8/O8,"") -> 0.98517298 | R8: =ROUND(SUMIFS(Pointage!$O$2:$O$967,Pointage!$A$2:$A$967,$A8)*1440,0) -> 11
A9: LISSAOUI HIBA | B9: 1278 | C9: =_xlfn.MINIFS(Pointage!$C$2:$C$967,Pointage!$A$2:$A$967,$A9) -> 46012 | D9: =_xlfn.MAXIFS(Pointage!$C$2:$C$967,Pointage!$A$2:$A$967,$A9) -> 46306 | E9: =F9+G9+H9 -> 181 | F9: =COUNTIFS(Pointage!$A$2:$A$967,$A9,Pointage!$Q$2:$Q$967,"P") -> 181 | G9: =COUNTIFS(Pointage!$A$2:$A$967,$A9,Pointage!$Q$2:$Q$967,"A") -> 0 | H9: =COUNTIFS(Pointage!$A$2:$A$967,$A9,Pointage!$Q$2:$Q$967,"NR") -> 0 | I9: =COUNTIFS(Pointage!$A$2:$A$967,$A9,Pointage!$Q$2:$Q$967,"CP") -> 8 | J9: =COUNTIFS(Pointage!$A$2:$A$967,$A9,Pointage!$Q$2:$Q$967,"F") -> 3 | K9: =COUNTIFS(Pointage!$A$2:$A$967,$A9,Pointage!$Q$2:$Q$967,"R") -> 91 | L9: =IFERROR(F9/(F9+G9),"") -> 1 | M9: =COUNTIFS(Pointage!$A$2:$A$967,$A9,Pointage!$P$2:$P$967,">0") -> 1 | N9: =SUMIFS(Pointage!$P$2:$P$967,Pointage!$A$2:$A$967,$A9) -> 83 | O9: =SUMIFS(Pointage!$L$2:$L$967,Pointage!$A$2:$A$967,$A9) -> 66.375 | P9: =SUMIFS(Pointage!$M$2:$M$967,Pointage!$A$2:$A$967,$A9) -> 66.375 | Q9: =IFERROR(P9/O9,"") -> 1 | R9: =ROUND(SUMIFS(Pointage!$O$2:$O$967,Pointage!$A$2:$A$967,$A9)*1440,0) -> 221
A10: RMAIDI IMAD | B10: 1265 | C10: =_xlfn.MINIFS(Pointage!$C$2:$C$967,Pointage!$A$2:$A$967,$A10) -> 46012 | D10: =_xlfn.MAXIFS(Pointage!$C$2:$C$967,Pointage!$A$2:$A$967,$A10) -> 46306 | E10: =F10+G10+H10 -> 180 | F10: =COUNTIFS(Pointage!$A$2:$A$967,$A10,Pointage!$Q$2:$Q$967,"P") -> 175 | G10: =COUNTIFS(Pointage!$A$2:$A$967,$A10,Pointage!$Q$2:$Q$967,"A") -> 5 | H10: =COUNTIFS(Pointage!$A$2:$A$967,$A10,Pointage!$Q$2:$Q$967,"NR") -> 0 | I10: =COUNTIFS(Pointage!$A$2:$A$967,$A10,Pointage!$Q$2:$Q$967,"CP") -> 10 | J10: =COUNTIFS(Pointage!$A$2:$A$967,$A10,Pointage!$Q$2:$Q$967,"F") -> 2 | K10: =COUNTIFS(Pointage!$A$2:$A$967,$A10,Pointage!$Q$2:$Q$967,"R") -> 91 | L10: =IFERROR(F10/(F10+G10),"") -> 0.97222222 | M10: =COUNTIFS(Pointage!$A$2:$A$967,$A10,Pointage!$P$2:$P$967,">0") -> 3 | N10: =SUMIFS(Pointage!$P$2:$P$967,Pointage!$A$2:$A$967,$A10) -> 31 | O10: =SUMIFS(Pointage!$L$2:$L$967,Pointage!$A$2:$A$967,$A10) -> 66.041667 | P10: =SUMIFS(Pointage!$M$2:$M$967,Pointage!$A$2:$A$967,$A10) -> 64.208333 | Q10: =IFERROR(P10/O10,"") -> 0.97223975 | R10: =ROUND(SUMIFS(Pointage!$O$2:$O$967,Pointage!$A$2:$A$967,$A10)*1440,0) -> 209
A11: HAMDANI MOHAMED | B11: 1317 | C11: =_xlfn.MINIFS(Pointage!$C$2:$C$967,Pointage!$A$2:$A$967,$A11) -> 46012 | D11: =_xlfn.MAXIFS(Pointage!$C$2:$C$967,Pointage!$A$2:$A$967,$A11) -> 46306 | E11: =F11+G11+H11 -> 186 | F11: =COUNTIFS(Pointage!$A$2:$A$967,$A11,Pointage!$Q$2:$Q$967,"P") -> 186 | G11: =COUNTIFS(Pointage!$A$2:$A$967,$A11,Pointage!$Q$2:$Q$967,"A") -> 0 | H11: =COUNTIFS(Pointage!$A$2:$A$967,$A11,Pointage!$Q$2:$Q$967,"NR") -> 0 | I11: =COUNTIFS(Pointage!$A$2:$A$967,$A11,Pointage!$Q$2:$Q$967,"CP") -> 4 | J11: =COUNTIFS(Pointage!$A$2:$A$967,$A11,Pointage!$Q$2:$Q$967,"F") -> 2 | K11: =COUNTIFS(Pointage!$A$2:$A$967,$A11,Pointage!$Q$2:$Q$967,"R") -> 91 | L11: =IFERROR(F11/(F11+G11),"") -> 1 | M11: =COUNTIFS(Pointage!$A$2:$A$967,$A11,Pointage!$P$2:$P$967,">0") -> 8 | N11: =SUMIFS(Pointage!$P$2:$P$967,Pointage!$A$2:$A$967,$A11) -> 152 | O11: =SUMIFS(Pointage!$L$2:$L$967,Pointage!$A$2:$A$967,$A11) -> 68.25 | P11: =SUMIFS(Pointage!$M$2:$M$967,Pointage!$A$2:$A$967,$A11) -> 68.25 | Q11: =IFERROR(P11/O11,"") -> 1 | R11: =ROUND(SUMIFS(Pointage!$O$2:$O$967,Pointage!$A$2:$A$967,$A11)*1440,0) -> 177
A12: JEBBALI YOUSSEF | B12: 01631 | C12: =_xlfn.MINIFS(Pointage!$C$2:$C$967,Pointage!$A$2:$A$967,$A12) -> 46300 | D12: =_xlfn.MAXIFS(Pointage!$C$2:$C$967,Pointage!$A$2:$A$967,$A12) -> 46306 | E12: =F12+G12+H12 -> 5 | F12: =COUNTIFS(Pointage!$A$2:$A$967,$A12,Pointage!$Q$2:$Q$967,"P") -> 5 | G12: =COUNTIFS(Pointage!$A$2:$A$967,$A12,Pointage!$Q$2:$Q$967,"A") -> 0 | H12: =COUNTIFS(Pointage!$A$2:$A$967,$A12,Pointage!$Q$2:$Q$967,"NR") -> 0 | I12: =COUNTIFS(Pointage!$A$2:$A$967,$A12,Pointage!$Q$2:$Q$967,"CP") -> 0 | J12: =COUNTIFS(Pointage!$A$2:$A$967,$A12,Pointage!$Q$2:$Q$967,"F") -> 0 | K12: =COUNTIFS(Pointage!$A$2:$A$967,$A12,Pointage!$Q$2:$Q$967,"R") -> 2 | L12: =IFERROR(F12/(F12+G12),"") -> 1 | M12: =COUNTIFS(Pointage!$A$2:$A$967,$A12,Pointage!$P$2:$P$967,">0") -> 0 | N12: =SUMIFS(Pointage!$P$2:$P$967,Pointage!$A$2:$A$967,$A12) -> 0 | O12: =SUMIFS(Pointage!$L$2:$L$967,Pointage!$A$2:$A$967,$A12) -> 0 | P12: =SUMIFS(Pointage!$M$2:$M$967,Pointage!$A$2:$A$967,$A12) -> 0 | Q12: =IFERROR(P12/O12,"") | R12: =ROUND(SUMIFS(Pointage!$O$2:$O$967,Pointage!$A$2:$A$967,$A12)*1440,0) -> 0
A13: Équipe | E13: =SUM(E8:E12) -> 621 | F13: =SUM(F8:F12) -> 615 | G13: =SUM(G8:G12) -> 6 | H13: =SUM(H8:H12) -> 0 | I13: =SUM(I8:I12) -> 25 | J13: =SUM(J8:J12) -> 8 | K13: =SUM(K8:K12) -> 312 | L13: =IFERROR(F13/(F13+G13),"") -> 0.99033816 | M13: =SUM(M8:M12) -> 14 | N13: =SUM(N8:N12) -> 294 | O13: =SUM(O8:O12) -> 225.95833 | P13: =SUM(P8:P12) -> 223.75 | Q13: =IFERROR(P13/O13,"") -> 0.99022681 | R13: =SUM(R8:R12) -> 618
A15: Légende des statuts (onglet Pointage)
A16: P | B16: Présent (début réalisé renseigné)
A17: A | B17: Absent (heures d’absence > 0)
A18: NR | B18: Jour planifié sans réalisé ni absence (non renseigné)
A19: CP | B19: Congé
A20: F | B20: Férié
A21: R | B21: Repos / OFF
A23: Taux d’assiduité = jours présents / (présents + absents). Retard = début réalisé − début planifié, au-delà de la tolérance.

Sheet Suivi hebdo
A1: Suivi hebdomadaire par agent
A3: Agent | B3: Année ISO | C3: Semaine | D3: Période (lun.–dim.) | E3: Jours planifiés | F3: Présents | G3: Absents | H3: Non renseignés | I3: Congés | J3: Fériés | K3: Nb retards | L3: Retards (min) | M3: Heures planifiées | N3: Heures adhérées | O3: Taux d’assiduité | P3: Adhérence heures
A4: BENCHRIF HAFSSA | B4: 2025 | C4: 51 | D4: 15/12/2025 – 21/12/2025 | E4: =F4+G4+H4 -> 0 | F4: =COUNTIFS(Pointage!$A$2:$A$967,$A4,Pointage!$D$2:$D$967,$B4,Pointage!$E$2:$E$967,$C4,Pointage!$Q$2:$Q$967,"P") -> 0 | G4: =COUNTIFS(Pointage!$A$2:$A$967,$A4,Pointage!$D$2:$D$967,$B4,Pointage!$E$2:$E$967,$C4,Pointage!$Q$2:$Q$967,"A") -> 0 | H4: =COUNTIFS(Pointage!$A$2:$A$967,$A4,Pointage!$D$2:$D$967,$B4,Pointage!$E$2:$E$967,$C4,Pointage!$Q$2:$Q$967,"NR") -> 0 | I4: =COUNTIFS(Pointage!$A$2:$A$967,$A4,Pointage!$D$2:$D$967,$B4,Pointage!$E$2:$E$967,$C4,Pointage!$Q$2:$Q$967,"CP") -> 0 | J4: =COUNTIFS(Pointage!$A$2:$A$967,$A4,Pointage!$D$2:$D$967,$B4,Pointage!$E$2:$E$967,$C4,Pointage!$Q$2:$Q$967,"F") -> 0 | K4: =COUNTIFS(Pointage!$A$2:$A$967,$A4,Pointage!$D$2:$D$967,$B4,Pointage!$E$2:$E$967,$C4,Pointage!$P$2:$P$967,">0") -> 0 | L4: =SUMIFS(Pointage!$P$2:$P$967,Pointage!$A$2:$A$967,$A4,Pointage!$D$2:$D$967,$B4,Pointage!$E$2:$E$967,$C4) -> 0 | M4: =SUMIFS(Pointage!$L$2:$L$967,Pointage!$A$2:$A$967,$A4,Pointage!$D$2:$D$967,$B4,Pointage!$E$2:$E$967,$C4) -> 0 | N4: =SUMIFS(Pointage!$M$2:$M$967,Pointage!$A$2:$A$967,$A4,Pointage!$D$2:$D$967,$B4,Pointage!$E$2:$E$967,$C4) -> 0 | O4: =IFERROR(F4/(F4+G4),"") | P4: =IFERROR(N4/M4,"")
A5: BENCHRIF HAFSSA | B5: 2025 | C5: 52 | D5: 22/12/2025 – 28/12/2025 | E5: =F5+G5+H5 -> 4 | F5: =COUNTIFS(Pointage!$A$2:$A$967,$A5,Pointage!$D$2:$D$967,$B5,Pointage!$E$2:$E$967,$C5,Pointage!$Q$2:$Q$967,"P") -> 4 | G5: =COUNTIFS(Pointage!$A$2:$A$967,$A5,Pointage!$D$2:$D$967,$B5,Pointage!$E$2:$E$967,$C5,Pointage!$Q$2:$Q$967,"A") -> 0 | H5: =COUNTIFS(Pointage!$A$2:$A$967,$A5,Pointage!$D$2:$D$967,$B5,Pointage!$E$2:$E$967,$C5,Pointage!$Q$2:$Q$967,"NR") -> 0 | I5: =COUNTIFS(Pointage!$A$2:$A$967,$A5,Pointage!$D$2:$D$967,$B5,Pointage!$E$2:$E$967,$C5,Pointage!$Q$2:$Q$967,"CP") -> 0 | J5: =COUNTIFS(Pointage!$A$2:$A$967,$A5,Pointage!$D$2:$D$967,$B5,Pointage!$E$2:$E$967,$C5,Pointage!$Q$2:$Q$967,"F") -> 0 | K5: =COUNTIFS(Pointage!$A$2:$A$967,$A5,Pointage!$D$2:$D$967,$B5,Pointage!$E$2:$E$967,$C5,Pointage!$P$2:$P$967,">0") -> 0 | L5: =SUMIFS(Pointage!$P$2:$P$967,Pointage!$A$2:$A$967,$A5,Pointage!$D$2:$D$967,$B5,Pointage!$E$2:$E$967,$C5) -> 0 | M5: =SUMIFS(Pointage!$L$2:$L$967,Pointage!$A$2:$A$967,$A5,Pointage!$D$2:$D$967,$B5,Pointage!$E$2:$E$967,$C5) -> 1.4583333 | N5: =SUMIFS(Pointage!$M$2:$M$967,Pointage!$A$2:$A$967,$A5,Pointage!$D$2:$D$967,$B5,Pointage!$E$2:$E$967,$C5) -> 1.4583333 | O5: =IFERROR(F5/(F5+G5),"") -> 1 | P5: =IFERROR(N5/M5,"") -> 1
A6: BENCHRIF HAFSSA | B6: 2026 | C6: 1 | D6: 29/12/2025 – 04/01/2026 | E6: =F6+G6+H6 -> 4 | F6: =COUNTIFS(Pointage!$A$2:$A$967,$A6,Pointage!$D$2:$D$967,$B6,Pointage!$E$2:$E$967,$C6,Pointage!$Q$2:$Q$967,"P") -> 4 | G6: =COUNTIFS(Pointage!$A$2:$A$967,$A6,Pointage!$D$2:$D$967,$B6,Pointage!$E$2:$E$967,$C6,Pointage!$Q$2:$Q$967,"A") -> 0 | H6: =COUNTIFS(Pointage!$A$2:$A$967,$A6,Pointage!$D$2:$D$967,$B6,Pointage!$E$2:$E$967,$C6,Pointage!$Q$2:$Q$967,"NR") -> 0 | I6: =COUNTIFS(Pointage!$A$2:$A$967,$A6,Pointage!$D$2:$D$967,$B6,Pointage!$E$2:$E$967,$C6,Pointage!$Q$2:$Q$967,"CP") -> 0 | J6: =COUNTIFS(Pointage!$A$2:$A$967,$A6,Pointage!$D$2:$D$967,$B6,Pointage!$E$2:$E$967,$C6,Pointage!$Q$2:$Q$967,"F") -> 1 | K6: =COUNTIFS(Pointage!$A$2:$A$967,$A6,Pointage!$D$2:$D$967,$B6,Pointage!$E$2:$E$967,$C6,Pointage!$P$2:$P$967,">0") -> 0 | L6: =SUMIFS(Pointage!$P$2:$P$967,Pointage!$A$2:$A$967,$A6,Pointage!$D$2:$D$967,$B6,Pointage!$E$2:$E$967,$C6) -> 0 | M6: =SUMIFS(Pointage!$L$2:$L$967,Pointage!$A$2:$A$967,$A6,Pointage!$D$2:$D$967,$B6,Pointage!$E$2:$E$967,$C6) -> 1.4583333 | N6: =SUMIFS(Pointage!$M$2:$M$967,Pointage!$A$2:$A$967,$A6,Pointage!$D$2:$D$967,$B6,Pointage!$E$2:$E$967,$C6) -> 1.4583333 | O6: =IFERROR(F6/(F6+G6),"") -> 1 | P6: =IFERROR(N6/M6,"") -> 1
A7: BENCHRIF HAFSSA | B7: 2026 | C7: 2 | D7: 05/01/2026 – 11/01/2026 | E7: =F7+G7+H7 -> 4 | F7: =COUNTIFS(Pointage!$A$2:$A$967,$A7,Pointage!$D$2:$D$967,$B7,Pointage!$E$2:$E$967,$C7,Pointage!$Q$2:$Q$967,"P") -> 4 | G7: =COUNTIFS(Pointage!$A$2:$A$967,$A7,Pointage!$D$2:$D$967,$B7,Pointage!$E$2:$E$967,$C7,Pointage!$Q$2:$Q$967,"A") -> 0 | H7: =COUNTIFS(Pointage!$A$2:$A$967,$A7,Pointage!$D$2:$D$967,$B7,Pointage!$E$2:$E$967,$C7,Pointage!$Q$2:$Q$967,"NR") -> 0 | I7: =COUNTIFS(Pointage!$A$2:$A$967,$A7,Pointage!$D$2:$D$967,$B7,Pointage!$E$2:$E$967,$C7,Pointage!$Q$2:$Q$967,"CP") -> 1 | J7: =COUNTIFS(Pointage!$A$2:$A$967,$A7,Pointage!$D$2:$D$967,$B7,Pointage!$E$2:$E$967,$C7,Pointage!$Q$2:$Q$967,"F") -> 0 | K7: =COUNTIFS(Pointage!$A$2:$A$967,$A7,Pointage!$D$2:$D$967,$B7,Pointage!$E$2:$E$967,$C7,Pointage!$P$2:$P$967,">0") -> 1 | L7: =SUMIFS(Pointage!$P$2:$P$967,Pointage!$A$2:$A$967,$A7,Pointage!$D$2:$D$967,$B7,Pointage!$E$2:$E$967,$C7) -> 5 | M7: =SUMIFS(Pointage!$L$2:$L$967,Pointage!$A$2:$A$967,$A7,Pointage!$D$2:$D$967,$B7,Pointage!$E$2:$E$967,$C7) -> 1.5 | N7: =SUMIFS(Pointage!$M$2:$M$967,Pointage!$A$2:$A$967,$A7,Pointage!$D$2:$D$967,$B7,Pointage!$E$2:$E$967,$C7) -> 1.5 | O7: =IFERROR(F7/(F7+G7),"") -> 1 | P7: =IFERROR(N7/M7,"") -> 1
A8: BENCHRIF HAFSSA | B8: 2026 | C8: 3 | D8: 12/01/2026 – 18/01/2026 | E8: =F8+G8+H8 -> 5 | F8: =COUNTIFS(Pointage!$A$2:$A$967,$A8,Pointage!$D$2:$D$967,$B8,Pointage!$E$2:$E$967,$C8,Pointage!$Q$2:$Q$967,"P") -> 5 | G8: =COUNTIFS(Pointage!$A$2:$A$967,$A8,Pointage!$D$2:$D$967,$B8,Pointage!$E$2:$E$967,$C8,Pointage!$Q$2:$Q$967,"A") -> 0 | H8: =COUNTIFS(Pointage!$A$2:$A$967,$A8,Pointage!$D$2:$D$967,$B8,Pointage!$E$2:$E$967,$C8,Pointage!$Q$2:$Q$967,"NR") -> 0 | I8: =COUNTIFS(Pointage!$A$2:$A$967,$A8,Pointage!$D$2:$D$967,$B8,Pointage!$E$2:$E$967,$C8,Pointage!$Q$2:$Q$967,"CP") -> 0 | J8: =COUNTIFS(Pointage!$A$2:$A$967,$A8,Pointage!$D$2:$D$967,$B8,Pointage!$E$2:$E$967,$C8,Pointage!$Q$2:$Q$967,"F") -> 0 | K8: =COUNTIFS(Pointage!$A$2:$A$967,$A8,Pointage!$D$2:$D$967,$B8,Pointage!$E$2:$E$967,$C8,Pointage!$P$2:$P$967,">0") -> 0 | L8: =SUMIFS(Pointage!$P$2:$P$967,Pointage!$A$2:$A$967,$A8,Pointage!$D$2:$D$967,$B8,Pointage!$E$2:$E$967,$C8) -> 0 | M8: =SUMIFS(Pointage!$L$2:$L$967,Pointage!$A$2:$A$967,$A8,Pointage!$D$2:$D$967,$B8,Pointage!$E$2:$E$967,$C8) -> 1.8333333 | N8: =SUMIFS(Pointage!$M$2:$M$967,Pointage!$A$2:$A$967,$A8,Pointage!$D$2:$D$967,$B8,Pointage!$E$2:$E$967,$C8) -> 1.8333333 | O8: =IFERROR(F8/(F8+G8),"") -> 1 | P8: =IFERROR(N8/M8,"") -> 1
A9: BENCHRIF HAFSSA | B9: 2026 | C9: 4 | D9: 19/01/2026 – 25/01/2026 | E9: =F9+G9+H9 -> 3 | F9: =COUNTIFS(Pointage!$A$2:$A$967,$A9,Pointage!$D$2:$D$967,$B9,Pointage!$E$2:$E$967,$C9,Pointage!$Q$2:$Q$967,"P") -> 2 | G9: =COUNTIFS(Pointage!$A$2:$A$967,$A9,Pointage!$D$2:$D$967,$B9,Pointage!$E$2:$E$967,$C9,Pointage!$Q$2:$Q$967,"A") -> 1 | H9: =COUNTIFS(Pointage!$A$2:$A$967,$A9,Pointage!$D$2:$D$967,$B9,Pointage!$E$2:$E$967,$C9,Pointage!$Q$2:$Q$967,"NR") -> 0 | I9: =COUNTIFS(Pointage!$A$2:$A$967,$A9,Pointage!$D$2:$D$967,$B9,Pointage!$E$2:$E$967,$C9,Pointage!$Q$2:$Q$967,"CP") -> 0 | J9: =COUNTIFS(Pointage!$A$2:$A$967,$A9,Pointage!$D$2:$D$967,$B9,Pointage!$E$2:$E$967,$C9,Pointage!$Q$2:$Q$967,"F") -> 0 | K9: =COUNTIFS(Pointage!$A$2:$A$967,$A9,Pointage!$D$2:$D$967,$B9,Pointage!$E$2:$E$967,$C9,Pointage!$P$2:$P$967,">0") -> 0 | L9: =SUMIFS(Pointage!$P$2:$P$967,Pointage!$A$2:$A$967,$A9,Pointage!$D$2:$D$967,$B9,Pointage!$E$2:$E$967,$C9) -> 0 | M9: =SUMIFS(Pointage!$L$2:$L$967,Pointage!$A$2:$A$967,$A9,Pointage!$D$2:$D$967,$B9,Pointage!$E$2:$E$967,$C9) -> 1.0833333 | N9: =SUMIFS(Pointage!$M$2:$M$967,Pointage!$A$2:$A$967,$A9,Pointage!$D$2:$D$967,$B9,Pointage!$E$2:$E$967,$C9) -> 0.70833333 | O9: =IFERROR(F9/(F9+G9),"") -> 0.66666667 | P9: =IFERROR(N9/M9,"") -> 0.65384615
A10: BENCHRIF HAFSSA | B10: 2026 | C10: 5 | D10: 26/01/2026 – 01/02/2026 | E10: =F10+G10+H10 -> 5 | F10: =COUNTIFS(Pointage!$A$2:$A$967,$A10,Pointage!$D$2:$D$967,$B10,Pointage!$E$2:$E$967,$C10,Pointage!$Q$2:$Q$967,"P") -> 5 | G10: =COUNTIFS(Pointage!$A$2:$A$967,$A10,Pointage!$D$2:$D$967,$B10,Pointage!$E$2:$E$967,$C10,Pointage!$Q$2:$Q$967,"A") -> 0 | H10: =COUNTIFS(Pointage!$A$2:$A$967,$A10,Pointage!$D$2:$D$967,$B10,Pointage!$E$2:$E$967,$C10,Pointage!$Q$2:$Q$967,"NR") -> 0 | I10: =COUNTIFS(Pointage!$A$2:$A$967,$A10,Pointage!$D$2:$D$967,$B10,Pointage!$E$2:$E$967,$C10,Pointage!$Q$2:$Q$967,"CP") -> 0 | J10: =COUNTIFS(Pointage!$A$2:$A$967,$A10,Pointage!$D$2:$D$967,$B10,Pointage!$E$2:$E$967,$C10,Pointage!$Q$2:$Q$967,"F") -> 0 | K10: =COUNTIFS(Pointage!$A$2:$A$967,$A10,Pointage!$D$2:$D$967,$B10,Pointage!$E$2:$E$967,$C10,Pointage!$P$2:$P$967,">0") -> 0 | L10: =SUMIFS(Pointage!$P$2:$P$967,Pointage!$A$2:$A$967,$A10,Pointage!$D$2:$D$967,$B10,Pointage!$E$2:$E$967,$C10) -> 0 | M10: =SUMIFS(Pointage!$L$2:$L$967,Pointage!$A$2:$A$967,$A10,Pointage!$D$2:$D$967,$B10,Pointage!$E$2:$E$967,$C10) -> 1.8333333 | N10: =SUMIFS(Pointage!$M$2:$M$967,Pointage!$A$2:$A$967,$A10,Pointage!$D$2:$D$967,$B10,Pointage!$E$2:$E$967,$C10) -> 1.8333333 | O10: =IFERROR(F10/(F10+G10),"") -> 1 | P10: =IFERROR(N10/M10,"") -> 1
A11: BENCHRIF HAFSSA | B11: 2026 | C11: 6 | D11: 02/02/2026 – 08/02/2026 | E11: =F11+G11+H11 -> 5 | F11: =COUNTIFS(Pointage!$A$2:$A$967,$A11,Pointage!$D$2:$D$967,$B11,Pointage!$E$2:$E$967,$C11,Pointage!$Q$2:$Q$967,"P") -> 5 | G11: =COUNTIFS(Pointage!$A$2:$A$967,$A11,Pointage!$D$2:$D$967,$B11,Pointage!$E$2:$E$967,$C11,Pointage!$Q$2:$Q$967,"A") -> 0 | H11: =COUNTIFS(Pointage!$A$2:$A$967,$A11,Pointage!$D$2:$D$967,$B11,Pointage!$E$2:$E$967,$C11,Pointage!$Q$2:$Q$967,"NR") -> 0 | I11: =COUNTIFS(Pointage!$A$2:$A$967,$A11,Pointage!$D$2:$D$967,$B11,Pointage!$E$2:$E$967,$C11,Pointage!$Q$2:$Q$967,"CP") -> 0 | J11: =COUNTIFS(Pointage!$A$2:$A$967,$A11,Pointage!$D$2:$D$967,$B11,Pointage!$E$2:$E$967,$C11,Pointage!$Q$2:$Q$967,"F") -> 0 | K11: =COUNTIFS(Pointage!$A$2:$A$967,$A11,Pointage!$D$2:$D$967,$B11,Pointage!$E$2:$E$967,$C11,Pointage!$P$2:$P$967,">0") -> 1 | L11: =SUMIFS(Pointage!$P$2:$P$967,Pointage!$A$2:$A$967,$A11,Pointage!$D$2:$D$967,$B11,Pointage!$E$2:$E$967,$C11) -> 23 | M11: =SUMIFS(Pointage!$L$2:$L$967,Pointage!$A$2:$A$967,$A11,Pointage!$D$2:$D$967,$B11,Pointage!$E$2:$E$967,$C11) -> 1.8333333 | N11: =SUMIFS(Pointage!$M$2:$M$967,Pointage!$A$2:$A$967,$A11,Pointage!$D$2:$D$967,$B11,Pointage!$E$2:$E$967,$C11) -> 1.8333333 | O11: =IFERROR(F11/(F11+G11),"") -> 1 | P11: =IFERROR(N11/M11,"") -> 1
A12: BENCHRIF HAFSSA | B12: 2026 | C12: 7 | D12: 09/02/2026 – 15/02/2026 | E12: =F12+G12+H12 -> 5 | F12: =COUNTIFS(Pointage!$A$2:$A$967,$A12,Pointage!$D$2:$D$967,$B12,Pointage!$E$2:$E$967,$C12,Pointage!$Q$2:$Q$967,"P") -> 5 | G12: =COUNTIFS(Pointage!$A$2:$A$967,$A12,Pointage!$D$2:$D$967,$B12,Pointage!$E$2:$E$967,$C12,Pointage!$Q$2:$Q$967,"A") -> 0 | H12: =COUNTIFS(Pointage!$A$2:$A$967,$A12,Pointage!$D$2:$D$967,$B12,Pointage!$E$2:$E$967,$C12,Pointage!$Q$2:$Q$967,"NR") -> 0 | I12: =COUNTIFS(Pointage!$A$2:$A$967,$A12,Pointage!$D$2:$D$967,$B12,Pointage!$E$2:$E$967,$C12,Pointage!$Q$2:$Q$967,"CP") -> 0 | J12: =COUNTIFS(Pointage!$A$2:$A$967,$A12,Pointage!$D$2:$D$967,$B12,Pointage!$E$2:$E$967,$C12,Pointage!$Q$2:$Q$967,"F") -> 0 | K12: =COUNTIFS(Pointage!$A$2:$A$967,$A12,Pointage!$D$2:$D$967,$B12,Pointage!$E$2:$E$967,$C12,Pointage!$P$2:$P$967,">0") -> 0 | L12: =SUMIFS(Pointage!$P$2:$P$967,Pointage!$A$2:$A$967,$A12,Pointage!$D$2:$D$967,$B12,Pointage!$E$2:$E$967,$C12) -> 0 | M12: =SUMIFS(Pointage!$L$2:$L$967,Pointage!$A$2:$A$967,$A12,Pointage!$D$2:$D$967,$B12,Pointage!$E$2:$E$967,$C12) -> 1.8333333 | N12: =SUMIFS(Pointage!$M$2:$M$967,Pointage!$A$2:$A$967,$A12,Pointage!$D$2:$D$967,$B12,Pointage!$E$2:$E$967,$C12) -> 1.8333333 | O12: =IFERROR(F12/(F12+G12),"") -> 1 | P12: =IFERROR(N12/M12,"") -> 1
A13: BENCHRIF HAFSSA | B13: 2026 | C13: 8 | D13: 16/02/2026 – 22/02/2026 | E13: =F13+G13+H13 -> 0 | F13: =COUNTIFS(Pointage!$A$2:$A$967,$A13,Pointage!$D$2:$D$967,$B13,Pointage!$E$2:$E$967,$C13,Pointage!$Q$2:$Q$967,"P") -> 0 | G13: =COUNTIFS(Pointage!$A$2:$A$967,$A13,Pointage!$D$2:$D$967,$B13,Pointage!$E$2:$E$967,$C13,Pointage!$Q$2:$Q$967,"A") -> 0 | H13: =COUNTIFS(Pointage!$A$2:$A$967,$A13,Pointage!$D$2:$D$967,$B13,Pointage!$E$2:$E$967,$C13,Pointage!$Q$2:$Q$967,"NR") -> 0 | I13: =COUNTIFS(Pointage!$A$2:$A$967,$A13,Pointage!$D$2:$D$967,$B13,Pointage!$E$2:$E$967,$C13,Pointage!$Q$2:$Q$967,"CP") -> 0 | J13: =COUNTIFS(Pointage!$A$2:$A$967,$A13,Pointage!$D$2:$D$967,$B13,Pointage!$E$2:$E$967,$C13,Pointage!$Q$2:$Q$967,"F") -> 0 | K13: =COUNTIFS(Pointage!$A$2:$A$967,$A13,Pointage!$D$2:$D$967,$B13,Pointage!$E$2:$E$967,$C13,Pointage!$P$2:$P$967,">0") -> 0 | L13: =SUMIFS(Pointage!$P$2:$P$967,Pointage!$A$2:$A$967,$A13,Pointage!$D$2:$D$967,$B13,Pointage!$E$2:$E$967,$C13) -> 0 | M13: =SUMIFS(Pointage!$L$2:$L$967,Pointage!$A$2:$A$967,$A13,Pointage!$D$2:$D$967,$B13,Pointage!$E$2:$E$967,$C13) -> 0 | N13: =SUMIFS(Pointage!$M$2:$M$967,Pointage!$A$2:$A$967,$A13,Pointage!$D$2:$D$967,$B13,Pointage!$E$2:$E$967,$C13) -> 0 | O13: =IFERROR(F13/(F13+G13),"") | P13: =IFERROR(N13/M13,"")
A14: BENCHRIF HAFSSA | B14: 2026 | C14: 9 | D14: 23/02/2026 – 01/03/2026 | E14: =F14+G14+H14 -> 5 | F14: =COUNTIFS(Pointage!$A$2:$A$967,$A14,Pointage!$D$2:$D$967,$B14,Pointage!$E$2:$E$967,$C14,Pointage!$Q$2:$Q$967,"P") -> 5 | G14: =COUNTIFS(Pointage!$A$2:$A$967,$A14,Pointage!$D$2:$D$967,$B14,Pointage!$E$2:$E$967,$C14,Pointage!$Q$2:$Q$967,"A") -> 0 | H14: =COUNTIFS(Pointage!$A$2:$A$967,$A14,Pointage!$D$2:$D$967,$B14,Pointage!$E$2:$E$967,$C14,Pointage!$Q$2:$Q$967,"NR") -> 0 | I14: =COUNTIFS(Pointage!$A$2:$A$967,$A14,Pointage!$D$2:$D$967,$B14,Pointage!$E$2:$E$967,$C14,Pointage!$Q$2:$Q$967,"CP") -> 0 | J14: =COUNTIFS(Pointage!$A$2:$A$967,$A14,Pointage!$D$2:$D$967,$B14,Pointage!$E$2:$E$967,$C14,Pointage!$Q$2:$Q$967,"F") -> 0 | K14: =COUNTIFS(Pointage!$A$2:$A$967,$A14,Pointage!$D$2:$D$967,$B14,Pointage!$E$2:$E$967,$C14,Pointage!$P$2:$P$967,">0") -> 0 | L14: =SUMIFS(Pointage!$P$2:$P$967,Pointage!$A$2:$A$967,$A14,Pointage!$D$2:$D$967,$B14,Pointage!$E$2:$E$967,$C14) -> 0 | M14: =SUMIFS(Pointage!$L$2:$L$967,Pointage!$A$2:$A$967,$A14,Pointage!$D$2:$D$967,$B14,Pointage!$E$2:$E$967,$C14) -> 1.8333333 | N14: =SUMIFS(Pointage!$M$2:$M$967,Pointage!$A$2:$A$967,$A14,Pointage!$D$2:$D$967,$B14,Pointage!$E$2:$E$967,$C14) -> 1.8333333 | O14: =IFERROR(F14/(F14+G14),"") -> 1 | P14: =IFERROR(N14/M14,"") -> 1
A15: BENCHRIF HAFSSA | B15: 2026 | C15: 10 | D15: 02/03/2026 – 08/03/2026 | E15: =F15+G15+H15 -> 5 | F15: =COUNTIFS(Pointage!$A$2:$A$967,$A15,Pointage!$D$2:$D$967,$B15,Pointage!$E$2:$E$967,$C15,Pointage!$Q$2:$Q$967,"P") -> 5 | G15: =COUNTIFS(Pointage!$A$2:$A$967,$A15,Pointage!$D$2:$D$967,$B15,Pointage!$E$2:$E$967,$C15,Pointage!$Q$2:$Q$967,"A") -> 0 | H15: =COUNTIFS(Pointage!$A$2:$A$967,$A15,Pointage!$D$2:$D$967,$B15,Pointage!$E$2:$E$967,$C15,Pointage!$Q$2:$Q$967,"NR") -> 0 | I15: =COUNTIFS(Pointage!$A$2:$A$967,$A15,Pointage!$D$2:$D$967,$B15,Pointage!$E$2:$E$967,$C15,Pointage!$Q$2:$Q$967,"CP") -> 0 | J15: =COUNTIFS(Pointage!$A$2:$A$967,$A15,Pointage!$D$2:$D$967,$B15,Pointage!$E$2:$E$967,$C15,Pointage!$Q$2:$Q$967,"F") -> 0 | K15: =COUNTIFS(Pointage!$A$2:$A$967,$A15,Pointage!$D$2:$D$967,$B15,Pointage!$E$2:$E$967,$C15,Pointage!$P$2:$P$967,">0") -> 0 | L15: =SUMIFS(Pointage!$P$2:$P$967,Pointage!$A$2:$A$967,$A15,Pointage!$D$2:$D$967,$B15,Pointage!$E$2:$E$967,$C15) -> 0 | M15: =SUMIFS(Pointage!$L$2:$L$967,Pointage!$A$2:$A$967,$A15,Pointage!$D$2:$D$967,$B15,Pointage!$E$2:$E$967,$C15) -> 1.8333333 | N15: =SUMIFS(Pointage!$M$2:$M$967,Pointage!$A$2:$A$967,$A15,Pointage!$D$2:$D$967,$B15,Pointage!$E$2:$E$967,$C15) -> 1.8333333 | O15: =IFERROR(F15/(F15+G15),"") -> 1 | P15: =IFERROR(N15/M15,"") -> 1
... A152: JEBBALI YOUSSEF | B152: 2026 | C152: 41 | D152: 05/10/2026 – 11/10/2026 | E152: =F152+G152+H152 -> 5 | F152: =COUNTIFS(Pointage!$A$2:$A$967,$A152,Pointage!$D$2:$D$967,$B152,Pointage!$E$2:$E$967,$C152,Pointage!$Q$2:$Q$967,"P") -> 5 | G152: =COUNTIFS(Pointage!$A$2:$A$967,$A152,Pointage!$D$2:$D$967,$B152,Pointage!$E$2:$E$967,$C152,Pointage!$Q$2:$Q$967,"A") -> 0 | H152: =COUNTIFS(Pointage!$A$2:$A$967,$A152,Pointage!$D$2:$D$967,$B152,Pointage!$E$2:$E$967,$C152,Pointage!$Q$2:$Q$967,"NR") -> 0 | I152: =COUNTIFS(Pointage!$A$2:$A$967,$A152,Pointage!$D$2:$D$967,$B152,Pointage!$E$2:$E$967,$C152,Pointage!$Q$2:$Q$967,"CP") -> 0 | J152: =COUNTIFS(Pointage!$A$2:$A$967,$A152,Pointage!$D$2:$D$967,$B152,Pointage!$E$2:$E$967,$C152,Pointage!$Q$2:$Q$967,"F") -> 0 | K152: =COUNTIFS(Pointage!$A$2:$A$967,$A152,Pointage!$D$2:$D$967,$B152,Pointage!$E$2:$E$967,$C152,Pointage!$P$2:$P$967,">0") -> 0 | L152: =SUMIFS(Pointage!$P$2:$P$967,Pointage!$A$2:$A$967,$A152,Pointage!$D$2:$D$967,$B152,Pointage!$E$2:$E$967,$C152) -> 0 | M152: =SUMIFS(Pointage!$L$2:$L$967,Pointage!$A$2:$A$967,$A152,Pointage!$D$2:$D$967,$B152,Pointage!$E$2:$E$967,$C152) -> 0 | N152: =SUMIFS(Pointage!$M$2:$M$967,Pointage!$A$2:$A$967,$A152,Pointage!$D$2:$D$967,$B152,Pointage!$E$2:$E$967,$C152) -> 0 | O152: =IFERROR(F152/(F152+G152),"") -> 1 | P152: =IFERROR(N152/M152,"")

Sheet Pointage
A1: Agent | B1: Matricule | C1: Date | D1: Année ISO | E1: Semaine | F1: Mois | G1: Jour | H1: Début planifié | I1: Début réalisé | J1: Fin planifiée | K1: Fin réalisée | L1: Hr planifiées | M1: Hr adhérées | N1: Hr absence | O1: Heures sup. | P1: Retard (min) | Q1: Statut | R1: Commentaire
A2: BENCHRIF HAFSSA | B2: 1262 | C2: 46012 | D2: 2025 | E2: 51 | F2: Décembre | G2: dim. | H2: OFF | L2: 0 | N2: 0 | O2: 0 | P2: =IF(AND(ISNUMBER(H2),ISNUMBER(I2)),MAX(0,ROUND((I2-H2)*1440,0)-'Bilan agents'!$C$4),0) -> 0 | Q2: =IF(H2="Congé","CP",IF(H2="Férié","F",IF(H2="OFF","R",IF(N2>0,"A",IF(ISNUMBER(I2),"P","NR"))))) -> R
A3: BENCHRIF HAFSSA | B3: 1262 | C3: 46013 | D3: 2025 | E3: 52 | F3: Décembre | G3: lun. | H3: 0.33333333 | I3: 0.33263889 | J3: 0.75 | K3: 0.75 | L3: 0.375 | M3: 0.375 | N3: 0 | O3: 0 | P3: =IF(AND(ISNUMBER(H3),ISNUMBER(I3)),MAX(0,ROUND((I3-H3)*1440,0)-'Bilan agents'!$C$4),0) -> 0 | Q3: =IF(H3="Congé","CP",IF(H3="Férié","F",IF(H3="OFF","R",IF(N3>0,"A",IF(ISNUMBER(I3),"P","NR"))))) -> P
A4: BENCHRIF HAFSSA | B4: 1262 | C4: 46014 | D4: 2025 | E4: 52 | F4: Décembre | G4: mar. | H4: 0.33333333 | I4: 0.33263889 | J4: 0.75 | K4: 0.75 | L4: 0.375 | M4: 0.375 | N4: 0 | O4: 0 | P4: =IF(AND(ISNUMBER(H4),ISNUMBER(I4)),MAX(0,ROUND((I4-H4)*1440,0)-'Bilan agents'!$C$4),0) -> 0 | Q4: =IF(H4="Congé","CP",IF(H4="Férié","F",IF(H4="OFF","R",IF(N4>0,"A",IF(ISNUMBER(I4),"P","NR"))))) -> P
A5: BENCHRIF HAFSSA | B5: 1262 | C5: 46015 | D5: 2025 | E5: 52 | F5: Décembre | G5: mer. | H5: 0.33333333 | I5: 0.33263889 | J5: 0.75 | K5: 0.75 | L5: 0.375 | M5: 0.375 | N5: 0 | O5: 0 | P5: =IF(AND(ISNUMBER(H5),ISNUMBER(I5)),MAX(0,ROUND((I5-H5)*1440,0)-'Bilan agents'!$C$4),0) -> 0 | Q5: =IF(H5="Congé","CP",IF(H5="Férié","F",IF(H5="OFF","R",IF(N5>0,"A",IF(ISNUMBER(I5),"P","NR"))))) -> P
A6: BENCHRIF HAFSSA | B6: 1262 | C6: 46016 | D6: 2025 | E6: 52 | F6: Décembre | G6: jeu. | H6: OFF | L6: 0 | N6: 0 | O6: 0 | P6: =IF(AND(ISNUMBER(H6),ISNUMBER(I6)),MAX(0,ROUND((I6-H6)*1440,0)-'Bilan agents'!$C$4),0) -> 0 | Q6: =IF(H6="Congé","CP",IF(H6="Férié","F",IF(H6="OFF","R",IF(N6>0,"A",IF(ISNUMBER(I6),"P","NR"))))) -> R
A7: BENCHRIF HAFSSA | B7: 1262 | C7: 46017 | D7: 2025 | E7: 52 | F7: Décembre | G7: ven. | H7: 0.33333333 | I7: 0.33333333 | J7: 0.70833333 | K7: 0.70833333 | L7: 0.33333333 | M7: 0.33333333 | N7: 0 | O7: 0 | P7: =IF(AND(ISNUMBER(H7),ISNUMBER(I7)),MAX(0,ROUND((I7-H7)*1440,0)-'Bilan agents'!$C$4),0) -> 0 | Q7: =IF(H7="Congé","CP",IF(H7="Férié","F",IF(H7="OFF","R",IF(N7>0,"A",IF(ISNUMBER(I7),"P","NR"))))) -> P
A8: BENCHRIF HAFSSA | B8: 1262 | C8: 46018 | D8: 2025 | E8: 52 | F8: Décembre | G8: sam. | H8: OFF | L8: 0 | N8: 0 | O8: 0 | P8: =IF(AND(ISNUMBER(H8),ISNUMBER(I8)),MAX(0,ROUND((I8-H8)*1440,0)-'Bilan agents'!$C$4),0) -> 0 | Q8: =IF(H8="Congé","CP",IF(H8="Férié","F",IF(H8="OFF","R",IF(N8>0,"A",IF(ISNUMBER(I8),"P","NR"))))) -> R
A9: BENCHRIF HAFSSA | B9: 1262 | C9: 46019 | D9: 2025 | E9: 52 | F9: Décembre | G9: dim. | H9: OFF | L9: 0 | N9: 0 | O9: 0 | P9: =IF(AND(ISNUMBER(H9),ISNUMBER(I9)),MAX(0,ROUND((I9-H9)*1440,0)-'Bilan agents'!$C$4),0) -> 0 | Q9: =IF(H9="Congé","CP",IF(H9="Férié","F",IF(H9="OFF","R",IF(N9>0,"A",IF(ISNUMBER(I9),"P","NR"))))) -> R
A10: BENCHRIF HAFSSA | B10: 1262 | C10: 46020 | D10: 2026 | E10: 1 | F10: Décembre | G10: lun. | H10: 0.33333333 | I10: 0.33263889 | J10: 0.75 | K10: 0.75 | L10: 0.375 | M10: 0.375 | N10: 0 | O10: 0 | P10: =IF(AND(ISNUMBER(H10),ISNUMBER(I10)),MAX(0,ROUND((I10-H10)*1440,0)-'Bilan agents'!$C$4),0) -> 0 | Q10: =IF(H10="Congé","CP",IF(H10="Férié","F",IF(H10="OFF","R",IF(N10>0,"A",IF(ISNUMBER(I10),"P","NR"))))) -> P
A11: BENCHRIF HAFSSA | B11: 1262 | C11: 46021 | D11: 2026 | E11: 1 | F11: Décembre | G11: mar. | H11: 0.33333333 | I11: 0.33263889 | J11: 0.75 | K11: 0.75 | L11: 0.375 | M11: 0.375 | N11: 0 | O11: 0 | P11: =IF(AND(ISNUMBER(H11),ISNUMBER(I11)),MAX(0,ROUND((I11-H11)*1440,0)-'Bilan agents'!$C$4),0) -> 0 | Q11: =IF(H11="Congé","CP",IF(H11="Férié","F",IF(H11="OFF","R",IF(N11>0,"A",IF(ISNUMBER(I11),"P","NR"))))) -> P
A12: BENCHRIF HAFSSA | B12: 1262 | C12: 46022 | D12: 2026 | E12: 1 | F12: Décembre | G12: mer. | H12: 0.33333333 | I12: 0.33263889 | J12: 0.75 | K12: 0.75 | L12: 0.375 | M12: 0.375 | N12: 0 | O12: 0 | P12: =IF(AND(ISNUMBER(H12),ISNUMBER(I12)),MAX(0,ROUND((I12-H12)*1440,0)-'Bilan agents'!$C$4),0) -> 0 | Q12: =IF(H12="Congé","CP",IF(H12="Férié","F",IF(H12="OFF","R",IF(N12>0,"A",IF(ISNUMBER(I12),"P","NR"))))) -> P
A13: BENCHRIF HAFSSA | B13: 1262 | C13: 46023 | D13: 2026 | E13: 1 | F13: Janvier | G13: jeu. | H13: Férié | L13: 0 | N13: 0 | O13: 0 | P13: =IF(AND(ISNUMBER(H13),ISNUMBER(I13)),MAX(0,ROUND((I13-H13)*1440,0)-'Bilan agents'!$C$4),0) -> 0 | Q13: =IF(H13="Congé","CP",IF(H13="Férié","F",IF(H13="OFF","R",IF(N13>0,"A",IF(ISNUMBER(I13),"P","NR"))))) -> F
A14: BENCHRIF HAFSSA | B14: 1262 | C14: 46024 | D14: 2026 | E14: 1 | F14: Janvier | G14: ven. | H14: 0.33333333 | I14: 0.33333333 | J14: 0.70833333 | K14: 0.70833333 | L14: 0.33333333 | M14: 0.33333333 | N14: 0 | O14: 0 | P14: =IF(AND(ISNUMBER(H14),ISNUMBER(I14)),MAX(0,ROUND((I14-H14)*1440,0)-'Bilan agents'!$C$4),0) -> 0 | Q14: =IF(H14="Congé","CP",IF(H14="Férié","F",IF(H14="OFF","R",IF(N14>0,"A",IF(ISNUMBER(I14),"P","NR"))))) -> P
A15: BENCHRIF HAFSSA | B15: 1262 | C15: 46025 | D15: 2026 | E15: 1 | F15: Janvier | G15: sam. | H15: OFF | L15: 0 | N15: 0 | O15: 0 | P15: =IF(AND(ISNUMBER(H15),ISNUMBER(I15)),MAX(0,ROUND((I15-H15)*1440,0)-'Bilan agents'!$C$4),0) -> 0 | Q15: =IF(H15="Congé","CP",IF(H15="Férié","F",IF(H15="OFF","R",IF(N15>0,"A",IF(ISNUMBER(I15),"P","NR"))))) -> R
A16: BENCHRIF HAFSSA | B16: 1262 | C16: 46026 | D16: 2026 | E16: 1 | F16: Janvier | G16: dim. | H16: OFF | L16: 0 | N16: 0 | O16: 0 | P16: =IF(AND(ISNUMBER(H16),ISNUMBER(I16)),MAX(0,ROUND((I16-H16)*1440,0)-'Bilan agents'!$C$4),0) -> 0 | Q16: =IF(H16="Congé","CP",IF(H16="Férié","F",IF(H16="OFF","R",IF(N16>0,"A",IF(ISNUMBER(I16),"P","NR"))))) -> R
A17: BENCHRIF HAFSSA | B17: 1262 | C17: 46027 | D17: 2026 | E17: 2 | F17: Janvier | G17: lun. | H17: 0.33333333 | I17: 0.33263889 | J17: 0.75 | K17: 0.75 | L17: 0.375 | M17: 0.375 | N17: 0 | O17: 0 | P17: =IF(AND(ISNUMBER(H17),ISNUMBER(I17)),MAX(0,ROUND((I17-H17)*1440,0)-'Bilan agents'!$C$4),0) -> 0 | Q17: =IF(H17="Congé","CP",IF(H17="Férié","F",IF(H17="OFF","R",IF(N17>0,"A",IF(ISNUMBER(I17),"P","NR"))))) -> P
A18: BENCHRIF HAFSSA | B18: 1262 | C18: 46028 | D18: 2026 | E18: 2 | F18: Janvier | G18: mar. | H18: 0.33333333 | I18: 0.33263889 | J18: 0.75 | K18: 0.75 | L18: 0.375 | M18: 0.375 | N18: 0 | O18: 0 | P18: =IF(AND(ISNUMBER(H18),ISNUMBER(I18)),MAX(0,ROUND((I18-H18)*1440,0)-'Bilan agents'!$C$4),0) -> 0 | Q18: =IF(H18="Congé","CP",IF(H18="Férié","F",IF(H18="OFF","R",IF(N18>0,"A",IF(ISNUMBER(I18),"P","NR"))))) -> P
A19: BENCHRIF HAFSSA | B19: 1262 | C19: 46029 | D19: 2026 | E19: 2 | F19: Janvier | G19: mer. | H19: 0.33333333 | I19: 0.33263889 | J19: 0.75 | K19: 0.75 | L19: 0.375 | M19: 0.375 | N19: 0 | O19: 0 | P19: =IF(AND(ISNUMBER(H19),ISNUMBER(I19)),MAX(0,ROUND((I19-H19)*1440,0)-'Bilan agents'!$C$4),0) -> 0 | Q19: =IF(H19="Congé","CP",IF(H19="Férié","F",IF(H19="OFF","R",IF(N19>0,"A",IF(ISNUMBER(I19),"P","NR"))))) -> P
A20: BENCHRIF HAFSSA | B20: 1262 | C20: 46030 | D20: 2026 | E20: 2 | F20: Janvier | G20: jeu. | H20: 0.33333333 | I20: 0.33680556 | J20: 0.75 | K20: 0.75 | L20: 0.375 | M20: 0.375 | N20: 0 | O20: 0 | P20: =IF(AND(ISNUMBER(H20),ISNUMBER(I20)),MAX(0,ROUND((I20-H20)*1440,0)-'Bilan agents'!$C$4),0) -> 5 | Q20: =IF(H20="Congé","CP",IF(H20="Férié","F",IF(H20="OFF","R",IF(N20>0,"A",IF(ISNUMBER(I20),"P","NR"))))) -> P
A21: BENCHRIF HAFSSA | B21: 1262 | C21: 46031 | D21: 2026 | E21: 2 | F21: Janvier | G21: ven. | H21: Congé | L21: 0 | N21: 0 | O21: 0 | P21: =IF(AND(ISNUMBER(H21),ISNUMBER(I21)),MAX(0,ROUND((I21-H21)*1440,0)-'Bilan agents'!$C$4),0) -> 0 | Q21: =IF(H21="Congé","CP",IF(H21="Férié","F",IF(H21="OFF","R",IF(N21>0,"A",IF(ISNUMBER(I21),"P","NR"))))) -> CP
A22: BENCHRIF HAFSSA | B22: 1262 | C22: 46032 | D22: 2026 | E22: 2 | F22: Janvier | G22: sam. | H22: OFF | L22: 0 | N22: 0 | O22: 0 | P22: =IF(AND(ISNUMBER(H22),ISNUMBER(I22)),MAX(0,ROUND((I22-H22)*1440,0)-'Bilan agents'!$C$4),0) -> 0 | Q22: =IF(H22="Congé","CP",IF(H22="Férié","F",IF(H22="OFF","R",IF(N22>0,"A",IF(ISNUMBER(I22),"P","NR"))))) -> R
A23: BENCHRIF HAFSSA | B23: 1262 | C23: 46033 | D23: 2026 | E23: 2 | F23: Janvier | G23: dim. | H23: OFF | L23: 0 | N23: 0 | O23: 0 | P23: =IF(AND(ISNUMBER(H23),ISNUMBER(I23)),MAX(0,ROUND((I23-H23)*1440,0)-'Bilan agents'!$C$4),0) -> 0 | Q23: =IF(H23="Congé","CP",IF(H23="Férié","F",IF(H23="OFF","R",IF(N23>0,"A",IF(ISNUMBER(I23),"P","NR"))))) -> R
A24: BENCHRIF HAFSSA | B24: 1262 | C24: 46034 | D24: 2026 | E24: 3 | F24: Janvier | G24: lun. | H24: 0.33333333 | I24: 0.33194444 | J24: 0.75 | K24: 0.75 | L24: 0.375 | M24: 0.375 | N24: 0 | O24: 0.0013888889 | P24: =IF(AND(ISNUMBER(H24),ISNUMBER(I24)),MAX(0,ROUND((I24-H24)*1440,0)-'Bilan agents'!$C$4),0) -> 0 | Q24: =IF(H24="Congé","CP",IF(H24="Férié","F",IF(H24="OFF","R",IF(N24>0,"A",IF(ISNUMBER(I24),"P","NR"))))) -> P
A25: BENCHRIF HAFSSA | B25: 1262 | C25: 46035 | D25: 2026 | E25: 3 | F25: Janvier | G25: mar. | H25: 0.33333333 | I25: 0.33194444 | J25: 0.75 | K25: 0.75 | L25: 0.375 | M25: 0.375 | N25: 0 | O25: 0.0013888889 | P25: =IF(AND(ISNUMBER(H25),ISNUMBER(I25)),MAX(0,ROUND((I25-H25)*1440,0)-'Bilan agents'!$C$4),0) -> 0 | Q25: =IF(H25="Congé","CP",IF(H25="Férié","F",IF(H25="OFF","R",IF(N25>0,"A",IF(ISNUMBER(I25),"P","NR"))))) -> P
A26: BENCHRIF HAFSSA | B26: 1262 | C26: 46036 | D26: 2026 | E26: 3 | F26: Janvier | G26: mer. | H26: 0.33333333 | I26: 0.33333333 | J26: 0.75 | K26: 0.75 | L26: 0.375 | M26: 0.375 | N26: 0 | O26: 0 | P26: =IF(AND(ISNUMBER(H26),ISNUMBER(I26)),MAX(0,ROUND((I26-H26)*1440,0)-'Bilan agents'!$C$4),0) -> 0 | Q26: =IF(H26="Congé","CP",IF(H26="Férié","F",IF(H26="OFF","R",IF(N26>0,"A",IF(ISNUMBER(I26),"P","NR"))))) -> P
A27: BENCHRIF HAFSSA | B27: 1262 | C27: 46037 | D27: 2026 | E27: 3 | F27: Janvier | G27: jeu. | H27: 0.33333333 | I27: 0.33263889 | J27: 0.75 | K27: 0.75 | L27: 0.375 | M27: 0.375 | N27: 0 | O27: 0 | P27: =IF(AND(ISNUMBER(H27),ISNUMBER(I27)),MAX(0,ROUND((I27-H27)*1440,0)-'Bilan agents'!$C$4),0) -> 0 | Q27: =IF(H27="Congé","CP",IF(H27="Férié","F",IF(H27="OFF","R",IF(N27>0,"A",IF(ISNUMBER(I27),"P","NR"))))) -> P
A28: BENCHRIF HAFSSA | B28: 1262 | C28: 46038 | D28: 2026 | E28: 3 | F28: Janvier | G28: ven. | H28: 0.33333333 | I28: 0.33263889 | J28: 0.70833333 | K28: 0.70833333 | L28: 0.33333333 | M28: 0.33333333 | N28: 0 | O28: 0 | P28: =IF(AND(ISNUMBER(H28),ISNUMBER(I28)),MAX(0,ROUND((I28-H28)*1440,0)-'Bilan agents'!$C$4),0) -> 0 | Q28: =IF(H28="Congé","CP",IF(H28="Férié","F",IF(H28="OFF","R",IF(N28>0,"A",IF(ISNUMBER(I28),"P","NR"))))) -> P
A29: BENCHRIF HAFSSA | B29: 1262 | C29: 46039 | D29: 2026 | E29: 3 | F29: Janvier | G29: sam. | H29: OFF | L29: 0 | N29: 0 | O29: 0 | P29: =IF(AND(ISNUMBER(H29),ISNUMBER(I29)),MAX(0,ROUND((I29-H29)*1440,0)-'Bilan agents'!$C$4),0) -> 0 | Q29: =IF(H29="Congé","CP",IF(H29="Férié","F",IF(H29="OFF","R",IF(N29>0,"A",IF(ISNUMBER(I29),"P","NR"))))) -> R
A30: BENCHRIF HAFSSA | B30: 1262 | C30: 46040 | D30: 2026 | E30: 3 | F30: Janvier | G30: dim. | H30: OFF | L30: 0 | N30: 0 | O30: 0 | P30: =IF(AND(ISNUMBER(H30),ISNUMBER(I30)),MAX(0,ROUND((I30-H30)*1440,0)-'Bilan agents'!$C$4),0) -> 0 | Q30: =IF(H30="Congé","CP",IF(H30="Férié","F",IF(H30="OFF","R",IF(N30>0,"A",IF(ISNUMBER(I30),"P","NR"))))) -> R
A31: BENCHRIF HAFSSA | B31: 1262 | C31: 46043 | D31: 2026 | E31: 4 | F31: Janvier | G31: mer. | H31: 0.33333333 | I31: 0.33263889 | J31: 0.75 | K31: 0.75 | L31: 0.375 | M31: 0.375 | N31: 0 | O31: 0 | P31: =IF(AND(ISNUMBER(H31),ISNUMBER(I31)),MAX(0,ROUND((I31-H31)*1440,0)-'Bilan agents'!$C$4),0) -> 0 | Q31: =IF(H31="Congé","CP",IF(H31="Férié","F",IF(H31="OFF","R",IF(N31>0,"A",IF(ISNUMBER(I31),"P","NR"))))) -> P
A32: BENCHRIF HAFSSA | B32: 1262 | C32: 46044 | D32: 2026 | E32: 4 | F32: Janvier | G32: jeu. | H32: 0.33333333 | J32: 0.75 | L32: 0.375 | N32: 0.375 | O32: 0 | P32: =IF(AND(ISNUMBER(H32),ISNUMBER(I32)),MAX(0,ROUND((I32-H32)*1440,0)-'Bilan agents'!$C$4),0) -> 0 | Q32: =IF(H32="Congé","CP",IF(H32="Férié","F",IF(H32="OFF","R",IF(N32>0,"A",IF(ISNUMBER(I32),"P","NR"))))) -> A
A33: BENCHRIF HAFSSA | B33: 1262 | C33: 46045 | D33: 2026 | E33: 4 | F33: Janvier | G33: ven. | H33: 0.33333333 | I33: 0.33263889 | J33: 0.70833333 | K33: 0.70833333 | L33: 0.33333333 | M33: 0.33333333 | N33: 0 | O33: 0 | P33: =IF(AND(ISNUMBER(H33),ISNUMBER(I33)),MAX(0,ROUND((I33-H33)*1440,0)-'Bilan agents'!$C$4),0) -> 0 | Q33: =IF(H33="Congé","CP",IF(H33="Férié","F",IF(H33="OFF","R",IF(N33>0,"A",IF(ISNUMBER(I33),"P","NR"))))) -> P
A34: BENCHRIF HAFSSA | B34: 1262 | C34: 46046 | D34: 2026 | E34: 4 | F34: Janvier | G34: sam. | H34: OFF | L34: 0 | N34: 0 | O34: 0 | P34: =IF(AND(ISNUMBER(H34),ISNUMBER(I34)),MAX(0,ROUND((I34-H34)*1440,0)-'Bilan agents'!$C$4),0) -> 0 | Q34: =IF(H34="Congé","CP",IF(H34="Férié","F",IF(H34="OFF","R",IF(N34>0,"A",IF(ISNUMBER(I34),"P","NR"))))) -> R
A35: BENCHRIF HAFSSA | B35: 1262 | C35: 46047 | D35: 2026 | E35: 4 | F35: Janvier | G35: dim. | H35: OFF | L35: 0 | N35: 0 | O35: 0 | P35: =IF(AND(ISNUMBER(H35),ISNUMBER(I35)),MAX(0,ROUND((I35-H35)*1440,0)-'Bilan agents'!$C$4),0) -> 0 | Q35: =IF(H35="Congé","CP",IF(H35="Férié","F",IF(H35="OFF","R",IF(N35>0,"A",IF(ISNUMBER(I35),"P","NR"))))) -> R
A36: BENCHRIF HAFSSA | B36: 1262 | C36: 46048 | D36: 2026 | E36: 5 | F36: Janvier | G36: lun. | H36: 0.33333333 | I36: 0.33333333 | J36: 0.75 | K36: 0.75 | L36: 0.375 | M36: 0.375 | N36: 0 | O36: 0 | P36: =IF(AND(ISNUMBER(H36),ISNUMBER(I36)),MAX(0,ROUND((I36-H36)*1440,0)-'Bilan agents'!$C$4),0) -> 0 | Q36: =IF(H36="Congé","CP",IF(H36="Férié","F",IF(H36="OFF","R",IF(N36>0,"A",IF(ISNUMBER(I36),"P","NR"))))) -> P
A37: BENCHRIF HAFSSA | B37: 1262 | C37: 46049 | D37: 2026 | E37: 5 | F37: Janvier | G37: mar. | H37: 0.33333333 | I37: 0.33263889 | J37: 0.75 | K37: 0.75 | L37: 0.375 | M37: 0.375 | N37: 0 | O37: 0 | P37: =IF(AND(ISNUMBER(H37),ISNUMBER(I37)),MAX(0,ROUND((I37-H37)*1440,0)-'Bilan agents'!$C$4),0) -> 0 | Q37: =IF(H37="Congé","CP",IF(H37="Férié","F",IF(H37="OFF","R",IF(N37>0,"A",IF(ISNUMBER(I37),"P","NR"))))) -> P
A38: BENCHRIF HAFSSA | B38: 1262 | C38: 46050 | D38: 2026 | E38: 5 | F38: Janvier | G38: mer. | H38: 0.33333333 | I38: 0.33263889 | J38: 0.75 | K38: 0.75 | L38: 0.375 | M38: 0.375 | N38: 0 | O38: 0 | P38: =IF(AND(ISNUMBER(H38),ISNUMBER(I38)),MAX(0,ROUND((I38-H38)*1440,0)-'Bilan agents'!$C$4),0) -> 0 | Q38: =IF(H38="Congé","CP",IF(H38="Férié","F",IF(H38="OFF","R",IF(N38>0,"A",IF(ISNUMBER(I38),"P","NR"))))) -> P
A39: BENCHRIF HAFSSA | B39: 1262 | C39: 46051 | D39: 2026 | E39: 5 | F39: Janvier | G39: jeu. | H39: 0.33333333 | I39: 0.33263889 | J39: 0.75 | K39: 0.75 | L39: 0.375 | M39: 0.375 | N39: 0 | O39: 0 | P39: =IF(AND(ISNUMBER(H39),ISNUMBER(I39)),MAX(0,ROUND((I39-H39)*1440,0)-'Bilan agents'!$C$4),0) -> 0 | Q39: =IF(H39="Congé","CP",IF(H39="Férié","F",IF(H39="OFF","R",IF(N39>0,"A",IF(ISNUMBER(I39),"P","NR"))))) -> P
A40: BENCHRIF HAFSSA | B40: 1262 | C40: 46052 | D40: 2026 | E40: 5 | F40: Janvier | G40: ven. | H40: 0.33333333 | I40: 0.33333333 | J40: 0.70833333 | K40: 0.70833333 | L40: 0.33333333 | M40: 0.33333333 | N40: 0 | O40: 0 | P40: =IF(AND(ISNUMBER(H40),ISNUMBER(I40)),MAX(0,ROUND((I40-H40)*1440,0)-'Bilan agents'!$C$4),0) -> 0 | Q40: =IF(H40="Congé","CP",IF(H40="Férié","F",IF(H40="OFF","R",IF(N40>0,"A",IF(ISNUMBER(I40),"P","NR"))))) -> P
A41: BENCHRIF HAFSSA | B41: 1262 | C41: 46053 | D41: 2026 | E41: 5 | F41: Janvier | G41: sam. | H41: OFF | L41: 0 | N41: 0 | O41: 0 | P41: =IF(AND(ISNUMBER(H41),ISNUMBER(I41)),MAX(0,ROUND((I41-H41)*1440,0)-'Bilan agents'!$C$4),0) -> 0 | Q41: =IF(H41="Congé","CP",IF(H41="Férié","F",IF(H41="OFF","R",IF(N41>0,"A",IF(ISNUMBER(I41),"P","NR"))))) -> R
A42: BENCHRIF HAFSSA | B42: 1262 | C42: 46054 | D42: 2026 | E42: 5 | F42: Février | G42: dim. | H42: OFF | L42: 0 | N42: 0 | O42: 0 | P42: =IF(AND(ISNUMBER(H42),ISNUMBER(I42)),MAX(0,ROUND((I42-H42)*1440,0)-'Bilan agents'!$C$4),0) -> 0 | Q42: =IF(H42="Congé","CP",IF(H42="Férié","F",IF(H42="OFF","R",IF(N42>0,"A",IF(ISNUMBER(I42),"P","NR"))))) -> R
A43: BENCHRIF HAFSSA | B43: 1262 | C43: 46055 | D43: 2026 | E43: 6 | F43: Février | G43: lun. | H43: 0.33333333 | I43: 0.33333333 | J43: 0.75 | K43: 0.75 | L43: 0.375 | M43: 0.375 | N43: 0 | O43: 0 | P43: =IF(AND(ISNUMBER(H43),ISNUMBER(I43)),MAX(0,ROUND((I43-H43)*1440,0)-'Bilan agents'!$C$4),0) -> 0 | Q43: =IF(H43="Congé","CP",IF(H43="Férié","F",IF(H43="OFF","R",IF(N43>0,"A",IF(ISNUMBER(I43),"P","NR"))))) -> P
A44: BENCHRIF HAFSSA | B44: 1262 | C44: 46056 | D44: 2026 | E44: 6 | F44: Février | G44: mar. | H44: 0.33333333 | I44: 0.33333333 | J44: 0.75 | K44: 0.75 | L44: 0.375 | M44: 0.375 | N44: 0 | O44: 0 | P44: =IF(AND(ISNUMBER(H44),ISNUMBER(I44)),MAX(0,ROUND((I44-H44)*1440,0)-'Bilan agents'!$C$4),0) -> 0 | Q44: =IF(H44="Congé","CP",IF(H44="Férié","F",IF(H44="OFF","R",IF(N44>0,"A",IF(ISNUMBER(I44),"P","NR"))))) -> P
A45: BENCHRIF HAFSSA | B45: 1262 | C45: 46057 | D45: 2026 | E45: 6 | F45: Février | G45: mer. | H45: 0.33333333 | I45: 0.33263889 | J45: 0.75 | K45: 0.75 | L45: 0.375 | M45: 0.375 | N45: 0 | O45: 0 | P45: =IF(AND(ISNUMBER(H45),ISNUMBER(I45)),MAX(0,ROUND((I45-H45)*1440,0)-'Bilan agents'!$C$4),0) -> 0 | Q45: =IF(H45="Congé","CP",IF(H45="Férié","F",IF(H45="OFF","R",IF(N45>0,"A",IF(ISNUMBER(I45),"P","NR"))))) -> P
A46: BENCHRIF HAFSSA | B46: 1262 | C46: 46058 | D46: 2026 | E46: 6 | F46: Février | G46: jeu. | H46: 0.33333333 | I46: 0.34930556 | J46: 0.75 | K46: 0.75 | L46: 0.375 | M46: 0.375 | N46: 0 | O46: 0 | P46: =IF(AND(ISNUMBER(H46),ISNUMBER(I46)),MAX(0,ROUND((I46-H46)*1440,0)-'Bilan agents'!$C$4),0) -> 23 | Q46: =IF(H46="Congé","CP",IF(H46="Férié","F",IF(H46="OFF","R",IF(N46>0,"A",IF(ISNUMBER(I46),"P","NR"))))) -> P
A47: BENCHRIF HAFSSA | B47: 1262 | C47: 46059 | D47: 2026 | E47: 6 | F47: Février | G47: ven. | H47: 0.33333333 | I47: 0.33263889 | J47: 0.70833333 | K47: 0.70833333 | L47: 0.33333333 | M47: 0.33333333 | N47: 0 | O47: 0 | P47: =IF(AND(ISNUMBER(H47),ISNUMBER(I47)),MAX(0,ROUND((I47-H47)*1440,0)-'Bilan agents'!$C$4),0) -> 0 | Q47: =IF(H47="Congé","CP",IF(H47="Férié","F",IF(H47="OFF","R",IF(N47>0,"A",IF(ISNUMBER(I47),"P","NR"))))) -> P
A48: BENCHRIF HAFSSA | B48: 1262 | C48: 46060 | D48: 2026 | E48: 6 | F48: Février | G48: sam. | H48: OFF | L48: 0 | N48: 0 | O48: 0 | P48: =IF(AND(ISNUMBER(H48),ISNUMBER(I48)),MAX(0,ROUND((I48-H48)*1440,0)-'Bilan agents'!$C$4),0) -> 0 | Q48: =IF(H48="Congé","CP",IF(H48="Férié","F",IF(H48="OFF","R",IF(N48>0,"A",IF(ISNUMBER(I48),"P","NR"))))) -> R
A49: BENCHRIF HAFSSA | B49: 1262 | C49: 46061 | D49: 2026 | E49: 6 | F49: Février | G49: dim. | H49: OFF | L49: 0 | N49: 0 | O49: 0 | P49: =IF(AND(ISNUMBER(H49),ISNUMBER(I49)),MAX(0,ROUND((I49-H49)*1440,0)-'Bilan agents'!$C$4),0) -> 0 | Q49: =IF(H49="Congé","CP",IF(H49="Férié","F",IF(H49="OFF","R",IF(N49>0,"A",IF(ISNUMBER(I49),"P","NR"))))) -> R
A50: BENCHRIF HAFSSA | B50: 1262 | C50: 46062 | D50: 2026 | E50: 7 | F50: Février | G50: lun. | H50: 0.33333333 | I50: 0.33194444 | J50: 0.75 | K50: 0.75 | L50: 0.375 | M50: 0.375 | N50: 0 | O50: 0.0013888889 | P50: =IF(AND(ISNUMBER(H50),ISNUMBER(I50)),MAX(0,ROUND((I50-H50)*1440,0)-'Bilan agents'!$C$4),0) -> 0 | Q50: =IF(H50="Congé","CP",IF(H50="Férié","F",IF(H50="OFF","R",IF(N50>0,"A",IF(ISNUMBER(I50),"P","NR"))))) -> P
A51: BENCHRIF HAFSSA | B51: 1262 | C51: 46063 | D51: 2026 | E51: 7 | F51: Février | G51: mar. | H51: 0.33333333 | I51: 0.33263889 | J51: 0.75 | K51: 0.75 | L51: 0.375 | M51: 0.375 | N51: 0 | O51: 0 | P51: =IF(AND(ISNUMBER(H51),ISNUMBER(I51)),MAX(0,ROUND((I51-H51)*1440,0)-'Bilan agents'!$C$4),0) -> 0 | Q51: =IF(H51="Congé","CP",IF(H51="Férié","F",IF(H51="OFF","R",IF(N51>0,"A",IF(ISNUMBER(I51),"P","NR"))))) -> P
A52: BENCHRIF HAFSSA | B52: 1262 | C52: 46064 | D52: 2026 | E52: 7 | F52: Février | G52: mer. | H52: 0.33333333 | I52: 0.33263889 | J52: 0.75 | K52: 0.75 | L52: 0.375 | M52: 0.375 | N52: 0 | O52: 0 | P52: =IF(AND(ISNUMBER(H52),ISNUMBER(I52)),MAX(0,ROUND((I52-H52)*1440,0)-'Bilan agents'!$C$4),0) -> 0 | Q52: =IF(H52="Congé","CP",IF(H52="Férié","F",IF(H52="OFF","R",IF(N52>0,"A",IF(ISNUMBER(I52),"P","NR"))))) -> P
A53: BENCHRIF HAFSSA | B53: 1262 | C53: 46065 | D53: 2026 | E53: 7 | F53: Février | G53: jeu. | H53: 0.33333333 | I53: 0.33333333 | J53: 0.75 | K53: 0.75 | L53: 0.375 | M53: 0.375 | N53: 0 | O53: 0 | P53: =IF(AND(ISNUMBER(H53),ISNUMBER(I53)),MAX(0,ROUND((I53-H53)*1440,0)-'Bilan agents'!$C$4),0) -> 0 | Q53: =IF(H53="Congé","CP",IF(H53="Férié","F",IF(H53="OFF","R",IF(N53>0,"A",IF(ISNUMBER(I53),"P","NR"))))) -> P
A54: BENCHRIF HAFSSA | B54: 1262 | C54: 46066 | D54: 2026 | E54: 7 | F54: Février | G54: ven. | H54: 0.33333333 | I54: 0.33333333 | J54: 0.70833333 | K54: 0.70833333 | L54: 0.33333333 | M54: 0.33333333 | N54: 0 | O54: 0 | P54: =IF(AND(ISNUMBER(H54),ISNUMBER(I54)),MAX(0,ROUND((I54-H54)*1440,0)-'Bilan agents'!$C$4),0) -> 0 | Q54: =IF(H54="Congé","CP",IF(H54="Férié","F",IF(H54="OFF","R",IF(N54>0,"A",IF(ISNUMBER(I54),"P","NR"))))) -> P
A55: BENCHRIF HAFSSA | B55: 1262 | C55: 46067 | D55: 2026 | E55: 7 | F55: Février | G55: sam. | H55: OFF | L55: 0 | N55: 0 | O55: 0 | P55: =IF(AND(ISNUMBER(H55),ISNUMBER(I55)),MAX(0,ROUND((I55-H55)*1440,0)-'Bilan agents'!$C$4),0) -> 0 | Q55: =IF(H55="Congé","CP",IF(H55="Férié","F",IF(H55="OFF","R",IF(N55>0,"A",IF(ISNUMBER(I55),"P","NR"))))) -> R
A56: BENCHRIF HAFSSA | B56: 1262 | C56: 46068 | D56: 2026 | E56: 7 | F56: Février | G56: dim. | H56: OFF | L56: 0 | N56: 0 | O56: 0 | P56: =IF(AND(ISNUMBER(H56),ISNUMBER(I56)),MAX(0,ROUND((I56-H56)*1440,0)-'Bilan agents'!$C$4),0) -> 0 | Q56: =IF(H56="Congé","CP",IF(H56="Férié","F",IF(H56="OFF","R",IF(N56>0,"A",IF(ISNUMBER(I56),"P","NR"))))) -> R
A57: BENCHRIF HAFSSA | B57: 1262 | C57: 46074 | D57: 2026 | E57: 8 | F57: Février | G57: sam. | H57: OFF | L57: 0 | N57: 0 | O57: 0 | P57: =IF(AND(ISNUMBER(H57),ISNUMBER(I57)),MAX(0,ROUND((I57-H57)*1440,0)-'Bilan agents'!$C$4),0) -> 0 | Q57: =IF(H57="Congé","CP",IF(H57="Férié","F",IF(H57="OFF","R",IF(N57>0,"A",IF(ISNUMBER(I57),"P","NR"))))) -> R
A58: BENCHRIF HAFSSA | B58: 1262 | C58: 46075 | D58: 2026 | E58: 8 | F58: Février | G58: dim. | H58: OFF | L58: 0 | N58: 0 | O58: 0 | P58: =IF(AND(ISNUMBER(H58),ISNUMBER(I58)),MAX(0,ROUND((I58-H58)*1440,0)-'Bilan agents'!$C$4),0) -> 0 | Q58: =IF(H58="Congé","CP",IF(H58="Férié","F",IF(H58="OFF","R",IF(N58>0,"A",IF(ISNUMBER(I58),"P","NR"))))) -> R
A59: BENCHRIF HAFSSA | B59: 1262 | C59: 46076 | D59: 2026 | E59: 9 | F59: Février | G59: lun. | H59: 0.33333333 | I59: 0.33263889 | J59: 0.70833333 | K59: 0.70833333 | L59: 0.375 | M59: 0.375 | N59: 0 | O59: 0 | P59: =IF(AND(ISNUMBER(H59),ISNUMBER(I59)),MAX(0,ROUND((I59-H59)*1440,0)-'Bilan agents'!$C$4),0) -> 0 | Q59: =IF(H59="Congé","CP",IF(H59="Férié","F",IF(H59="OFF","R",IF(N59>0,"A",IF(ISNUMBER(I59),"P","NR"))))) -> P
A60: BENCHRIF HAFSSA | B60: 1262 | C60: 46077 | D60: 2026 | E60: 9 | F60: Février | G60: mar. | H60: 0.33333333 | I60: 0.33333333 | J60: 0.70833333 | K60: 0.70833333 | L60: 0.375 | M60: 0.375 | N60: 0 | O60: 0 | P60: =IF(AND(ISNUMBER(H60),ISNUMBER(I60)),MAX(0,ROUND((I60-H60)*1440,0)-'Bilan agents'!$C$4),0) -> 0 | Q60: =IF(H60="Congé","CP",IF(H60="Férié","F",IF(H60="OFF","R",IF(N60>0,"A",IF(ISNUMBER(I60),"P","NR"))))) -> P
A61: BENCHRIF HAFSSA | B61: 1262 | C61: 46078 | D61: 2026 | E61: 9 | F61: Février | G61: mer. | H61: 0.33333333 | I61: 0.33333333 | J61: 0.70833333 | K61: 0.70833333 | L61: 0.375 | M61: 0.375 | N61: 0 | O61: 0 | P61: =IF(AND(ISNUMBER(H61),ISNUMBER(I61)),MAX(0,ROUND((I61-H61)*1440,0)-'Bilan agents'!$C$4),0) -> 0 | Q61: =IF(H61="Congé","CP",IF(H61="Férié","F",IF(H61="OFF","R",IF(N61>0,"A",IF(ISNUMBER(I61),"P","NR"))))) -> P
A62: BENCHRIF HAFSSA | B62: 1262 | C62: 46079 | D62: 2026 | E62: 9 | F62: Février | G62: jeu. | H62: 0.33333333 | I62: 0.33333333 | J62: 0.70833333 | K62: 0.70833333 | L62: 0.375 | M62: 0.375 | N62: 0 | O62: 0 | P62: =IF(AND(ISNUMBER(H62),ISNUMBER(I62)),MAX(0,ROUND((I62-H62)*1440,0)-'Bilan agents'!$C$4),0) -> 0 | Q62: =IF(H62="Congé","CP",IF(H62="Férié","F",IF(H62="OFF","R",IF(N62>0,"A",IF(ISNUMBER(I62),"P","NR"))))) -> P
A63: BENCHRIF HAFSSA | B63: 1262 | C63: 46080 | D63: 2026 | E63: 9 | F63: Février | G63: ven. | H63: 0.33333333 | I63: 0.33333333 | J63: 0.66666667 | K63: 0.66666667 | L63: 0.33333333 | M63: 0.33333333 | N63: 0 | O63: 0 | P63: =IF(AND(ISNUMBER(H63),ISNUMBER(I63)),MAX(0,ROUND((I63-H63)*1440,0)-'Bilan agents'!$C$4),0) -> 0 | Q63: =IF(H63="Congé","CP",IF(H63="Férié","F",IF(H63="OFF","R",IF(N63>0,"A",IF(ISNUMBER(I63),"P","NR"))))) -> P
A64: BENCHRIF HAFSSA | B64: 1262 | C64: 46081 | D64: 2026 | E64: 9 | F64: Février | G64: sam. | H64: OFF | L64: 0 | N64: 0 | O64: 0 | P64: =IF(AND(ISNUMBER(H64),ISNUMBER(I64)),MAX(0,ROUND((I64-H64)*1440,0)-'Bilan agents'!$C$4),0) -> 0 | Q64: =IF(H64="Congé","CP",IF(H64="Férié","F",IF(H64="OFF","R",IF(N64>0,"A",IF(ISNUMBER(I64),"P","NR"))))) -> R
A65: BENCHRIF HAFSSA | B65: 1262 | C65: 46082 | D65: 2026 | E65: 9 | F65: Mars | G65: dim. | H65: OFF | L65: 0 | N65: 0 | O65: 0 | P65: =IF(AND(ISNUMBER(H65),ISNUMBER(I65)),MAX(0,ROUND((I65-H65)*1440,0)-'Bilan agents'!$C$4),0) -> 0 | Q65: =IF(H65="Congé","CP",IF(H65="Férié","F",IF(H65="OFF","R",IF(N65>0,"A",IF(ISNUMBER(I65),"P","NR"))))) -> R
A66: BENCHRIF HAFSSA | B66: 1262 | C66: 46083 | D66: 2026 | E66: 10 | F66: Mars | G66: lun. | H66: 0.33333333 | I66: 0.33263889 | J66: 0.70833333 | K66: 0.70833333 | L66: 0.375 | M66: 0.375 | N66: 0 | O66: 0 | P66: =IF(AND(ISNUMBER(H66),ISNUMBER(I66)),MAX(0,ROUND((I66-H66)*1440,0)-'Bilan agents'!$C$4),0) -> 0 | Q66: =IF(H66="Congé","CP",IF(H66="Férié","F",IF(H66="OFF","R",IF(N66>0,"A",IF(ISNUMBER(I66),"P","NR"))))) -> P
A67: BENCHRIF HAFSSA | B67: 1262 | C67: 46084 | D67: 2026 | E67: 10 | F67: Mars | G67: mar. | H67: 0.33333333 | I67: 0.33263889 | J67: 0.70833333 | K67: 0.70833333 | L67: 0.375 | M67: 0.375 | N67: 0 | O67: 0 | P67: =IF(AND(ISNUMBER(H67),ISNUMBER(I67)),MAX(0,ROUND((I67-H67)*1440,0)-'Bilan agents'!$C$4),0) -> 0 | Q67: =IF(H67="Congé","CP",IF(H67="Férié","F",IF(H67="OFF","R",IF(N67>0,"A",IF(ISNUMBER(I67),"P","NR"))))) -> P
A68: BENCHRIF HAFSSA | B68: 1262 | C68: 46085 | D68: 2026 | E68: 10 | F68: Mars | G68: mer. | H68: 0.33333333 | I68: 0.33263889 | J68: 0.70833333 | K68: 0.70833333 | L68: 0.375 | M68: 0.375 | N68: 0 | O68: 0 | P68: =IF(AND(ISNUMBER(H68),ISNUMBER(I68)),MAX(0,ROUND((I68-H68)*1440,0)-'Bilan agents'!$C$4),0) -> 0 | Q68: =IF(H68="Congé","CP",IF(H68="Férié","F",IF(H68="OFF","R",IF(N68>0,"A",IF(ISNUMBER(I68),"P","NR"))))) -> P
A69: BENCHRIF HAFSSA | B69: 1262 | C69: 46086 | D69: 2026 | E69: 10 | F69: Mars | G69: jeu. | H69: 0.33333333 | I69: 0.33333333 | J69: 0.70833333 | K69: 0.70833333 | L69: 0.375 | M69: 0.375 | N69: 0 | O69: 0 | P69: =IF(AND(ISNUMBER(H69),ISNUMBER(I69)),MAX(0,ROUND((I69-H69)*1440,0)-'Bilan agents'!$C$4),0) -> 0 | Q69: =IF(H69="Congé","CP",IF(H69="Férié","F",IF(H69="OFF","R",IF(N69>0,"A",IF(ISNUMBER(I69),"P","NR"))))) -> P
A70: BENCHRIF HAFSSA | B70: 1262 | C70: 46087 | D70: 2026 | E70: 10 | F70: Mars | G70: ven. | H70: 0.33333333 | I70: 0.33333333 | J70: 0.66666667 | K70: 0.66666667 | L70: 0.33333333 | M70: 0.33333333 | N70: 0 | O70: 0 | P70: =IF(AND(ISNUMBER(H70),ISNUMBER(I70)),MAX(0,ROUND((I70-H70)*1440,0)-'Bilan agents'!$C$4),0) -> 0 | Q70: =IF(H70="Congé","CP",IF(H70="Férié","F",IF(H70="OFF","R",IF(N70>0,"A",IF(ISNUMBER(I70),"P","NR"))))) -> P
A71: BENCHRIF HAFSSA | B71: 1262 | C71: 46088 | D71: 2026 | E71: 10 | F71: Mars | G71: sam. | H71: OFF | L71: 0 | N71: 0 | O71: 0 | P71: =IF(AND(ISNUMBER(H71),ISNUMBER(I71)),MAX(0,ROUND((I71-H71)*1440,0)-'Bilan agents'!$C$4),0) -> 0 | Q71: =IF(H71="Congé","CP",IF(H71="Férié","F",IF(H71="OFF","R",IF(N71>0,"A",IF(ISNUMBER(I71),"P","NR"))))) -> R
A72: BENCHRIF HAFSSA | B72: 1262 | C72: 46089 | D72: 2026 | E72: 10 | F72: Mars | G72: dim. | H72: OFF | L72: 0 | N72: 0 | O72: 0 | P72: =IF(AND(ISNUMBER(H72),ISNUMBER(I72)),MAX(0,ROUND((I72-H72)*1440,0)-'Bilan agents'!$C$4),0) -> 0 | Q72: =IF(H72="Congé","CP",IF(H72="Férié","F",IF(H72="OFF","R",IF(N72>0,"A",IF(ISNUMBER(I72),"P","NR"))))) -> R
A73: BENCHRIF HAFSSA | B73: 1262 | C73: 46090 | D73: 2026 | E73: 11 | F73: Mars | G73: lun. | H73: 0.33333333 | I73: 0.33263889 | J73: 0.70833333 | K73: 0.70833333 | L73: 0.375 | M73: 0.375 | N73: 0 | O73: 0 | P73: =IF(AND(ISNUMBER(H73),ISNUMBER(I73)),MAX(0,ROUND((I73-H73)*1440,0)-'Bilan agents'!$C$4),0) -> 0 | Q73: =IF(H73="Congé","CP",IF(H73="Férié","F",IF(H73="OFF","R",IF(N73>0,"A",IF(ISNUMBER(I73),"P","NR"))))) -> P
A74: BENCHRIF HAFSSA | B74: 1262 | C74: 46091 | D74: 2026 | E74: 11 | F74: Mars | G74: mar. | H74: 0.33333333 | I74: 0.33263889 | J74: 0.70833333 | K74: 0.70833333 | L74: 0.375 | M74: 0.375 | N74: 0 | O74: 0 | P74: =IF(AND(ISNUMBER(H74),ISNUMBER(I74)),MAX(0,ROUND((I74-H74)*1440,0)-'Bilan agents'!$C$4),0) -> 0 | Q74: =IF(H74="Congé","CP",IF(H74="Férié","F",IF(H74="OFF","R",IF(N74>0,"A",IF(ISNUMBER(I74),"P","NR"))))) -> P
A75: BENCHRIF HAFSSA | B75: 1262 | C75: 46092 | D75: 2026 | E75: 11 | F75: Mars | G75: mer. | H75: 0.33333333 | I75: 0.33333333 | J75: 0.70833333 | K75: 0.70833333 | L75: 0.375 | M75: 0.375 | N75: 0 | O75: 0 | P75: =IF(AND(ISNUMBER(H75),ISNUMBER(I75)),MAX(0,ROUND((I75-H75)*1440,0)-'Bilan agents'!$C$4),0) -> 0 | Q75: =IF(H75="Congé","CP",IF(H75="Férié","F",IF(H75="OFF","R",IF(N75>0,"A",IF(ISNUMBER(I75),"P","NR"))))) -> P
A76: BENCHRIF HAFSSA | B76: 1262 | C76: 46093 | D76: 2026 | E76: 11 | F76: Mars | G76: jeu. | H76: 0.33333333 | I76: 0.33333333 | J76: 0.70833333 | K76: 0.70833333 | L76: 0.375 | M76: 0.375 | N76: 0 | O76: 0 | P76: =IF(AND(ISNUMBER(H76),ISNUMBER(I76)),MAX(0,ROUND((I76-H76)*1440,0)-'Bilan agents'!$C$4),0) -> 0 | Q76: =IF(H76="Congé","CP",IF(H76="Férié","F",IF(H76="OFF","R",IF(N76>0,"A",IF(ISNUMBER(I76),"P","NR"))))) -> P
A77: BENCHRIF HAFSSA | B77: 1262 | C77: 46094 | D77: 2026 | E77: 11 | F77: Mars | G77: ven. | H77: 0.33333333 | I77: 0.33333333 | J77: 0.66666667 | K77: 0.66666667 | L77: 0.33333333 | M77: 0.33333333 | N77: 0 | O77: 0 | P77: =IF(AND(ISNUMBER(H77),ISNUMBER(I77)),MAX(0,ROUND((I77-H77)*1440,0)-'Bilan agents'!$C$4),0) -> 0 | Q77: =IF(H77="Congé","CP",IF(H77="Férié","F",IF(H77="OFF","R",IF(N77>0,"A",IF(ISNUMBER(I77),"P","NR"))))) -> P
A78: BENCHRIF HAFSSA | B78: 1262 | C78: 46095 | D78: 2026 | E78: 11 | F78: Mars | G78: sam. | H78: OFF | L78: 0 | N78: 0 | O78: 0 | P78: =IF(AND(ISNUMBER(H78),ISNUMBER(I78)),MAX(0,ROUND((I78-H78)*1440,0)-'Bilan agents'!$C$4),0) -> 0 | Q78: =IF(H78="Congé","CP",IF(H78="Férié","F",IF(H78="OFF","R",IF(N78>0,"A",IF(ISNUMBER(I78),"P","NR"))))) -> R
A79: BENCHRIF HAFSSA | B79: 1262 | C79: 46096 | D79: 2026 | E79: 11 | F79: Mars | G79: dim. | H79: OFF | L79: 0 | N79: 0 | O79: 0 | P79: =IF(AND(ISNUMBER(H79),ISNUMBER(I79)),MAX(0,ROUND((I79-H79)*1440,0)-'Bilan agents'!$C$4),0) -> 0 | Q79: =IF(H79="Congé","CP",IF(H79="Férié","F",IF(H79="OFF","R",IF(N79>0,"A",IF(ISNUMBER(I79),"P","NR"))))) -> R
A80: BENCHRIF HAFSSA | B80: 1262 | C80: 46102 | D80: 2026 | E80: 12 | F80: Mars | G80: sam. | H80: OFF | L80: 0 | N80: 0 | O80: 0 | P80: =IF(AND(ISNUMBER(H80),ISNUMBER(I80)),MAX(0,ROUND((I80-H80)*1440,0)-'Bilan agents'!$C$4),0) -> 0 | Q80: =IF(H80="Congé","CP",IF(H80="Férié","F",IF(H80="OFF","R",IF(N80>0,"A",IF(ISNUMBER(I80),"P","NR"))))) -> R
A81: BENCHRIF HAFSSA | B81: 1262 | C81: 46103 | D81: 2026 | E81: 12 | F81: Mars | G81: dim. | H81: OFF | L81: 0 | N81: 0 | O81: 0 | P81: =IF(AND(ISNUMBER(H81),ISNUMBER(I81)),MAX(0,ROUND((I81-H81)*1440,0)-'Bilan agents'!$C$4),0) -> 0 | Q81: =IF(H81="Congé","CP",IF(H81="Férié","F",IF(H81="OFF","R",IF(N81>0,"A",IF(ISNUMBER(I81),"P","NR"))))) -> R
A82: BENCHRIF HAFSSA | B82: 1262 | C82: 46104 | D82: 2026 | E82: 13 | F82: Mars | G82: lun. | H82: 0.33333333 | I82: 0.33263889 | J82: 0.75 | K82: 0.75 | L82: 0.375 | M82: 0.375 | N82: 0 | O82: 0 | P82: =IF(AND(ISNUMBER(H82),ISNUMBER(I82)),MAX(0,ROUND((I82-H82)*1440,0)-'Bilan agents'!$C$4),0) -> 0 | Q82: =IF(H82="Congé","CP",IF(H82="Férié","F",IF(H82="OFF","R",IF(N82>0,"A",IF(ISNUMBER(I82),"P","NR"))))) -> P
A83: BENCHRIF HAFSSA | B83: 1262 | C83: 46105 | D83: 2026 | E83: 13 | F83: Mars | G83: mar. | H83: 0.33333333 | I83: 0.33263889 | J83: 0.75 | K83: 0.75 | L83: 0.375 | M83: 0.375 | N83: 0 | O83: 0 | P83: =IF(AND(ISNUMBER(H83),ISNUMBER(I83)),MAX(0,ROUND((I83-H83)*1440,0)-'Bilan agents'!$C$4),0) -> 0 | Q83: =IF(H83="Congé","CP",IF(H83="Férié","F",IF(H83="OFF","R",IF(N83>0,"A",IF(ISNUMBER(I83),"P","NR"))))) -> P
A84: BENCHRIF HAFSSA | B84: 1262 | C84: 46106 | D84: 2026 | E84: 13 | F84: Mars | G84: mer. | H84: 0.33333333 | I84: 0.33333333 | J84: 0.75 | K84: 0.75 | L84: 0.375 | M84: 0.375 | N84: 0 | O84: 0 | P84: =IF(AND(ISNUMBER(H84),ISNUMBER(I84)),MAX(0,ROUND((I84-H84)*1440,0)-'Bilan agents'!$C$4),0) -> 0 | Q84: =IF(H84="Congé","CP",IF(H84="Férié","F",IF(H84="OFF","R",IF(N84>0,"A",IF(ISNUMBER(I84),"P","NR"))))) -> P
A85: BENCHRIF HAFSSA | B85: 1262 | C85: 46107 | D85: 2026 | E85: 13 | F85: Mars | G85: jeu. | H85: 0.33333333 | I85: 0.33333333 | J85: 0.75 | K85: 0.75 | L85: 0.375 | M85: 0.375 | N85: 0 | O85: 0 | P85: =IF(AND(ISNUMBER(H85),ISNUMBER(I85)),MAX(0,ROUND((I85-H85)*1440,0)-'Bilan agents'!$C$4),0) -> 0 | Q85: =IF(H85="Congé","CP",IF(H85="Férié","F",IF(H85="OFF","R",IF(N85>0,"A",IF(ISNUMBER(I85),"P","NR"))))) -> P
A86: BENCHRIF HAFSSA | B86: 1262 | C86: 46108 | D86: 2026 | E86: 13 | F86: Mars | G86: ven. | H86: 0.33333333 | I86: 0.33333333 | J86: 0.70833333 | K86: 0.70833333 | L86: 0.33333333 | M86: 0.33333333 | N86: 0 | O86: 0 | P86: =IF(AND(ISNUMBER(H86),ISNUMBER(I86)),MAX(0,ROUND((I86-H86)*1440,0)-'Bilan agents'!$C$4),0) -> 0 | Q86: =IF(H86="Congé","CP",IF(H86="Férié","F",IF(H86="OFF","R",IF(N86>0,"A",IF(ISNUMBER(I86),"P","NR"))))) -> P
A87: BENCHRIF HAFSSA | B87: 1262 | C87: 46109 | D87: 2026 | E87: 13 | F87: Mars | G87: sam. | H87: OFF | L87: 0 | N87: 0 | O87: 0 | P87: =IF(AND(ISNUMBER(H87),ISNUMBER(I87)),MAX(0,ROUND((I87-H87)*1440,0)-'Bilan agents'!$C$4),0) -> 0 | Q87: =IF(H87="Congé","CP",IF(H87="Férié","F",IF(H87="OFF","R",IF(N87>0,"A",IF(ISNUMBER(I87),"P","NR"))))) -> R
A88: BENCHRIF HAFSSA | B88: 1262 | C88: 46110 | D88: 2026 | E88: 13 | F88: Mars | G88: dim. | H88: OFF | L88: 0 | N88: 0 | O88: 0 | P88: =IF(AND(ISNUMBER(H88),ISNUMBER(I88)),MAX(0,ROUND((I88-H88)*1440,0)-'Bilan agents'!$C$4),0) -> 0 | Q88: =IF(H88="Congé","CP",IF(H88="Férié","F",IF(H88="OFF","R",IF(N88>0,"A",IF(ISNUMBER(I88),"P","NR"))))) -> R
A89: BENCHRIF HAFSSA | B89: 1262 | C89: 46111 | D89: 2026 | E89: 14 | F89: Mars | G89: lun. | H89: 0.33333333 | I89: 0.33263889 | J89: 0.75 | K89: 0.75 | L89: 0.375 | M89: 0.375 | N89: 0 | O89: 0 | P89: =IF(AND(ISNUMBER(H89),ISNUMBER(I89)),MAX(0,ROUND((I89-H89)*1440,0)-'Bilan agents'!$C$4),0) -> 0 | Q89: =IF(H89="Congé","CP",IF(H89="Férié","F",IF(H89="OFF","R",IF(N89>0,"A",IF(ISNUMBER(I89),"P","NR"))))) -> P
A90: BENCHRIF HAFSSA | B90: 1262 | C90: 46112 | D90: 2026 | E90: 14 | F90: Mars | G90: mar. | H90: 0.33333333 | I90: 0.33263889 | J90: 0.75 | K90: 0.75 | L90: 0.375 | M90: 0.375 | N90: 0 | O90: 0 | P90: =IF(AND(ISNUMBER(H90),ISNUMBER(I90)),MAX(0,ROUND((I90-H90)*1440,0)-'Bilan agents'!$C$4),0) -> 0 | Q90: =IF(H90="Congé","CP",IF(H90="Férié","F",IF(H90="OFF","R",IF(N90>0,"A",IF(ISNUMBER(I90),"P","NR"))))) -> P
A91: BENCHRIF HAFSSA | B91: 1262 | C91: 46113 | D91: 2026 | E91: 14 | F91: Avril | G91: mer. | H91: 0.33333333 | I91: 0.33263889 | J91: 0.75 | K91: 0.75 | L91: 0.375 | M91: 0.375 | N91: 0 | O91: 0 | P91: =IF(AND(ISNUMBER(H91),ISNUMBER(I91)),MAX(0,ROUND((I91-H91)*1440,0)-'Bilan agents'!$C$4),0) -> 0 | Q91: =IF(H91="Congé","CP",IF(H91="Férié","F",IF(H91="OFF","R",IF(N91>0,"A",IF(ISNUMBER(I91),"P","NR"))))) -> P
A92: BENCHRIF HAFSSA | B92: 1262 | C92: 46114 | D92: 2026 | E92: 14 | F92: Avril | G92: jeu. | H92: 0.33333333 | I92: 0.33333333 | J92: 0.75 | K92: 0.75 | L92: 0.375 | M92: 0.375 | N92: 0 | O92: 0 | P92: =IF(AND(ISNUMBER(H92),ISNUMBER(I92)),MAX(0,ROUND((I92-H92)*1440,0)-'Bilan agents'!$C$4),0) -> 0 | Q92: =IF(H92="Congé","CP",IF(H92="Férié","F",IF(H92="OFF","R",IF(N92>0,"A",IF(ISNUMBER(I92),"P","NR"))))) -> P
A93: BENCHRIF HAFSSA | B93: 1262 | C93: 46115 | D93: 2026 | E93: 14 | F93: Avril | G93: ven. | H93: 0.33333333 | I93: 0.33333333 | J93: 0.70833333 | K93: 0.70833333 | L93: 0.33333333 | M93: 0.33333333 | N93: 0 | O93: 0 | P93: =IF(AND(ISNUMBER(H93),ISNUMBER(I93)),MAX(0,ROUND((I93-H93)*1440,0)-'Bilan agents'!$C$4),0) -> 0 | Q93: =IF(H93="Congé","CP",IF(H93="Férié","F",IF(H93="OFF","R",IF(N93>0,"A",IF(ISNUMBER(I93),"P","NR"))))) -> P
A94: BENCHRIF HAFSSA | B94: 1262 | C94: 46116 | D94: 2026 | E94: 14 | F94: Avril | G94: sam. | H94: OFF | L94: 0 | N94: 0 | O94: 0 | P94: =IF(AND(ISNUMBER(H94),ISNUMBER(I94)),MAX(0,ROUND((I94-H94)*1440,0)-'Bilan agents'!$C$4),0) -> 0 | Q94: =IF(H94="Congé","CP",IF(H94="Férié","F",IF(H94="OFF","R",IF(N94>0,"A",IF(ISNUMBER(I94),"P","NR"))))) -> R
A95: BENCHRIF HAFSSA | B95: 1262 | C95: 46117 | D95: 2026 | E95: 14 | F95: Avril | G95: dim. | H95: OFF | L95: 0 | N95: 0 | O95: 0 | P95: =IF(AND(ISNUMBER(H95),ISNUMBER(I95)),MAX(0,ROUND((I95-H95)*1440,0)-'Bilan agents'!$C$4),0) -> 0 | Q95: =IF(H95="Congé","CP",IF(H95="Férié","F",IF(H95="OFF","R",IF(N95>0,"A",IF(ISNUMBER(I95),"P","NR"))))) -> R
A96: BENCHRIF HAFSSA | B96: 1262 | C96: 46118 | D96: 2026 | E96: 15 | F96: Avril | G96: lun. | H96: OFF | L96: 0 | N96: 0 | O96: 0 | P96: =IF(AND(ISNUMBER(H96),ISNUMBER(I96)),MAX(0,ROUND((I96-H96)*1440,0)-'Bilan agents'!$C$4),0) -> 0 | Q96: =IF(H96="Congé","CP",IF(H96="Férié","F",IF(H96="OFF","R",IF(N96>0,"A",IF(ISNUMBER(I96),"P","NR"))))) -> R
A97: BENCHRIF HAFSSA | B97: 1262 | C97: 46119 | D97: 2026 | E97: 15 | F97: Avril | G97: mar. | H97: 0.33333333 | I97: 0.33263889 | J97: 0.75 | K97: 0.75 | L97: 0.375 | M97: 0.375 | N97: 0 | O97: 0 | P97: =IF(AND(ISNUMBER(H97),ISNUMBER(I97)),MAX(0,ROUND((I97-H97)*1440,0)-'Bilan agents'!$C$4),0) -> 0 | Q97: =IF(H97="Congé","CP",IF(H97="Férié","F",IF(H97="OFF","R",IF(N97>0,"A",IF(ISNUMBER(I97),"P","NR"))))) -> P
A98: BENCHRIF HAFSSA | B98: 1262 | C98: 46120 | D98: 2026 | E98: 15 | F98: Avril | G98: mer. | H98: 0.33333333 | I98: 0.33263889 | J98: 0.75 | K98: 0.75 | L98: 0.375 | M98: 0.375 | N98: 0 | O98: 0 | P98: =IF(AND(ISNUMBER(H98),ISNUMBER(I98)),MAX(0,ROUND((I98-H98)*1440,0)-'Bilan agents'!$C$4),0) -> 0 | Q98: =IF(H98="Congé","CP",IF(H98="Férié","F",IF(H98="OFF","R",IF(N98>0,"A",IF(ISNUMBER(I98),"P","NR"))))) -> P
A99: BENCHRIF HAFSSA | B99: 1262 | C99: 46121 | D99: 2026 | E99: 15 | F99: Avril | G99: jeu. | H99: 0.33333333 | I99: 0.33333333 | J99: 0.75 | K99: 0.75 | L99: 0.375 | M99: 0.375 | N99: 0 | O99: 0 | P99: =IF(AND(ISNUMBER(H99),ISNUMBER(I99)),MAX(0,ROUND((I99-H99)*1440,0)-'Bilan agents'!$C$4),0) -> 0 | Q99: =IF(H99="Congé","CP",IF(H99="Férié","F",IF(H99="OFF","R",IF(N99>0,"A",IF(ISNUMBER(I99),"P","NR"))))) -> P
A100: BENCHRIF HAFSSA | B100: 1262 | C100: 46122 | D100: 2026 | E100: 15 | F100: Avril | G100: ven. | H100: 0.33333333 | I100: 0.33333333 | J100: 0.70833333 | K100: 0.70833333 | L100: 0.33333333 | M100: 0.33333333 | N100: 0 | O100: 0 | P100: =IF(AND(ISNUMBER(H100),ISNUMBER(I100)),MAX(0,ROUND((I100-H100)*1440,0)-'Bilan agents'!$C$4),0) -> 0 | Q100: =IF(H100="Congé","CP",IF(H100="Férié","F",IF(H100="OFF","R",IF(N100>0,"A",IF(ISNUMBER(I100),"P","NR"))))) -> P
...

Sheet Notes
A1: Sujet | B1: Précision
A2: Périmètre | B2: Lignes dont le segment est « Accesibilité » (orthographe du fichier) : 966 lignes sur 1 006 161. Les 28 lignes « Sortant » de JEBBALI YOUSSEF sont exclues.
A3: Période | B3: Du 21/12/2025 au 11/10/2026 (semaines ISO 2025-S51 à 2026-S41). Aucune donnée au-delà du 11/10 dans le fichier.
A4: Jours sans donnée | B4: Aucune ligne pour les 4 agents les 19–20/01, 16–20/02 et 16–20/03/2026 : ces jours ne sont ni comptés présents ni absents.
A5: BENCHRIF HAFSSA | B5: Dernier pointage le 21/04/2026 (110 jours).
A6: JEBBALI YOUSSEF | B6: Seule la semaine 41 existe (5 jours planifiés, tous pointés présents) ; les colonnes d’heures (planifiées / adhérées) ne sont pas renseignées dans le fichier, d’où des heures à 0 et pas d’adhérence calculée.
A7: Retards | B7: Les colonnes « Retard » / « Somme des retards » du fichier sont à 0 partout, alors que 14 jours ont un début réalisé postérieur au planifié (de 2 à 83 min). Les retards sont donc recalculés (début réalisé − début planifié), avec la tolérance de « Bilan agents » C4.
A8: Données corrompues | B8: 21 lignes du 07 au 13/09/2026 (Hiba, Imad, Mohamed) ont des colonnes Semaine/Mois/Année/Heures sup. invalides (ex. « Sem - 1071 », année 3061). Semaine et mois sont recalculés depuis la date, heures sup. mises à 0 ; les horaires restent ceux du fichier.
A9: Colonnes ignorées | B9: Statut (Forfaitaire / FT / 0 / -), Team (valeurs mixtes) et Congé/Férié détaillés : non utilisés ; les congés et fériés sont pris dans l’horaire planifié (Congé / Férié).
A10: Semaines | B10: Semaine = semaine ISO calculée depuis la date (lundi–dimanche).
A11: Hypothèses | B11: Objectif d’assiduité 95 % et tolérance de retard 0 min sont des paramètres modifiables (cellules jaunes de « Bilan agents »), non issus du fichier.
